[{
    "href" : "/lessons/71?apilang=zh_tw",
    "title" : "每天堅持5分鐘，1個月後大不同！",
    "company" : "EF English Live 提供"
},{
  "href" : "/lessons/44?apilang=zh_tw",
  "title" : "【免費體驗】5分鐘檢測英文能力",
  "company" : "VoiceTube 提供"
},{
  "href" : "/lessons/89?apilang=zh_tw",
  "title" : "每天25分鐘，聽懂CNN",
  "company" : "EF English Live 提供"
},{
  "href" : "/lessons/94?apilang=zh_tw",
  "title" : "你知道錯在哪嗎？﹥﹥看答案",
  "company" : "EF English Live 提供"
}]