[{
    "data_video_id" : "ocUNn6KUN6k",
    "a_href" : "player.html?id=ocUNn6KUN6k&file=caption_ocUNn6KUN6k",
    "img_src" : "https://cdn.voicetube.com/assets/thumbnails/ocUNn6KUN6k_s.jpg",
    "img_alt" : "看起來好嚴肅！老照片裡的人都不笑的原因？ (Why people never smiled in old photos) Image",
    "img_readed" : "https://cdn.voicetube.com/assets/img/readed_btn.png",
    "img_readed_alt" : " ",
    "img_readed_rel" : "tooltip",
    "img_readed_data_original_title" : "Watched",
    "video_time" : "03:20",
    "data_original_title" : "看起來好嚴肅！老照片裡的人都不笑的原因？ (Why people never smiled in old photos)",
    "h5_a_href" : "看起來好嚴肅！老照片裡的人都不笑的原因？ (Why people never smiled…",
    "view" : "955 views",
    "level" : "中級",
    "level_href" : "/all/2/?ref=badge",
    "chinese_caption" : "中文",
    "chinese_tag" : "有中文字幕",
    "chinese_href" : "/channel/translated?ref=badge",
    "pronounciation" : "美國腔",
    "pronounciation_tag" : "美國腔",
    "pronounciation_href" : "/all/0?accent=us&amp;ref=badge"

},{
  "data_video_id" : "r5_ZSnFDPRg",
  "a_href" : "player.html?id=r5_ZSnFDPRg&file=caption_r5_ZSnFDPRg",
  "img_src" : "https://cdn.voicetube.com/assets/thumbnails/r5_ZSnFDPRg_s.jpg",
  "img_alt" : "【TED-Ed】鳥類究竟如何學會歌唱？(How do birds learn to sing? - Partha P. Mitra) (TED-Ed How do birds learn to sing? - Partha P. Mitra) Image",
  "img_readed" : "https://cdn.voicetube.com/assets/img/readed_btn.png",
  "img_readed_alt" : " ",
  "img_readed_rel" : "tooltip",
  "img_readed_data_original_title" : "Watched",
  "video_time" : "05:39",
  "data_original_title" : "【TED-Ed】鳥類究竟如何學會歌唱？(How do birds learn to sing? - Partha P. Mitra) (TED-Ed How do birds learn to sing? - Partha P. Mitra)",
  "h5_a_href" : "【TED-Ed】鳥類究竟如何學會歌唱？(How do birds learn to sing?… ",
  "view" : "2096 views",
  "level" : "中級",
  "level_href" : "/all/2/?ref=badge",
  "chinese_caption" : "中文",
  "chinese_tag" : "有中文字幕",
  "chinese_href" : "/channel/translated?ref=badge",
  "pronounciation" : "美國腔",
  "pronounciation_tag" : "美國腔",
  "pronounciation_href" : "/all/0?accent=us&amp;ref=badge"
},{
  "data_video_id" : "cr_Zu6nx2kU",
  "a_href" : "player.html?id=cr_Zu6nx2kU&file=caption_cr_Zu6nx2kU",
  "img_src" : "https://cdn.voicetube.com/assets/thumbnails/cr_Zu6nx2kU_s.jpg",
  "img_alt" : "認識維生素 B12 (Vitamin B12: Questions Answered) Image",
  "img_readed" : "https://cdn.voicetube.com/assets/img/readed_btn.png",
  "img_readed_alt" : " ",
  "img_readed_rel" : "tooltip",
  "img_readed_data_original_title" : "Watched",
  "video_time" : "12:36",
  "data_original_title" : "認識維生素 B12 (Vitamin B12: Questions Answered)",
  "h5_a_href" : "認識維生素 B12 (Vitamin B12: Questions Answered)",
  "view" : "999 views",
  "level" : "中級",
  "level_href" : "/all/2/?ref=badge",
  "chinese_caption" : "中文",
  "chinese_tag" : "有中文字幕",
  "chinese_href" : "/channel/translated?ref=badge",
  "pronounciation" : "其他腔",
  "pronounciation_tag" : "其他腔",
  "pronounciation_href" : "/all/0?accent=other&amp;ref=badge"
},{
  "data_video_id" : "4A6XkYpmidU",
  "a_href" : "player.html?id=4A6XkYpmidU&file=caption_4A6XkYpmidU",
  "img_src" : "https://cdn.voicetube.com/assets/thumbnails/4A6XkYpmidU_s.jpg",
  "img_alt" : "如果人永遠不刷牙會怎樣？ (What Would Happen If You Never Brushed Your Teeth?) Image",
  "img_readed" : "https://cdn.voicetube.com/assets/img/readed_btn.png",
  "img_readed_alt" : " ",
  "img_readed_rel" : "tooltip",
  "img_readed_data_original_title" : "Watched",
  "video_time" : "03:09",
  "data_original_title" : "如果人永遠不刷牙會怎樣？ (What Would Happen If You Never Brushed Your Teeth?)",
  "h5_a_href" : "如果人永遠不刷牙會怎樣？ (What Would Happen If You Never Brushed…",
  "view" : "6834 views",
  "level" : "中級",
  "level_href" : "/all/2/?ref=badge",
  "chinese_caption" : "中文",
  "chinese_tag" : "有中文字幕",
  "chinese_href" : "/channel/translated?ref=badge",
  "pronounciation" : "美國腔",
  "pronounciation_tag" : "美國腔",
  "pronounciation_href" : "/all/0?accent=us&amp;ref=badge"
},{
  "data_video_id" : "M2dBuAPk3Z0",
  "a_href" : "player.html?id=M2dBuAPk3Z0&file=caption_M2dBuAPk3Z0",
  "img_src" : "https://cdn.voicetube.com/assets/thumbnails/M2dBuAPk3Z0_s.jpg",
  "img_alt" : "台灣人超會用英文把妹？實測 Goodnight 給你看 (Can Taiwanese people pick up girls in English?) Image",
  "img_readed" : "https://cdn.voicetube.com/assets/img/readed_btn.png",
  "img_readed_alt" : " ",
  "img_readed_rel" : "tooltip",
  "img_readed_data_original_title" : "Watched",
  "video_time" : "03:40",
  "data_original_title" : "台灣人超會用英文把妹？實測 Goodnight 給你看 (Can Taiwanese people pick up girls in English?)",
  "h5_a_href" : "台灣人超會用英文把妹？實測 Goodnight 給你看 (Can Taiwanese people…台灣人超會用英文把妹？實測 Goodnight 給你看 (Can Taiwanese people…",
  "view" : "6190 views",
  "level" : "初級",
  "level_href" : "/all/1/?ref=badge",
  "chinese_caption" : "中文",
  "chinese_tag" : "有中文字幕",
  "chinese_href" : "/channel/translated?ref=badge",
  "pronounciation" : "其他腔",
  "pronounciation_tag" : "其他腔",
  "pronounciation_href" : "/all/0?accent=other&amp;ref=badge"
},{
  "data_video_id" : "XsmpboIHVYw",
  "a_href" : "player.html?id=XsmpboIHVYw&file=caption_XsmpboIHVYw",
  "img_src" : "https://cdn.voicetube.com/assets/thumbnails/XsmpboIHVYw_s.jpg",
  "img_alt" : "身為一個三語者，你可以...當面說人家的壞話！原來好處還不止這個而已 (I''m Trilingual) Image",
  "img_readed" : "https://cdn.voicetube.com/assets/img/readed_btn.png",
  "img_readed_alt" : " ",
  "img_readed_rel" : "tooltip",
  "img_readed_data_original_title" : "Watched",
  "video_time" : "03:55",
  "data_original_title" : "身為一個三語者，你可以...當面說人家的壞話！原來好處還不止這個而已 (I''m Trilingual)",
  "h5_a_href" : "身為一個三語者，你可以...當面說人家的壞話！原來好處還不止這個而已 (I''m Trilingual)",
  "view" : "5081 views",
  "level" : "初級",
  "level_href" : "/all/1/?ref=badge",
  "chinese_caption" : "中文",
  "chinese_tag" : "有中文字幕",
  "chinese_href" : "/channel/translated?ref=badge",
  "pronounciation" : "美國腔",
  "pronounciation_tag" : "美國腔",
  "pronounciation_href" : "/all/0?accent=us&amp;ref=badge"
},{
  "data_video_id" : "G63TF6OMa_8",
  "a_href" : "player.html?id=G63TF6OMa_8&file=caption_G63TF6OMa_8",
  "img_src" : "https://cdn.voicetube.com/assets/thumbnails/G63TF6OMa_8_s.jpg",
  "img_alt" : "世上最人口密集的海島 (Living on the Most Crowded Island on Earth) Image",
  "img_readed" : "https://cdn.voicetube.com/assets/img/readed_btn.png",
  "img_readed_alt" : " ",
  "img_readed_rel" : "tooltip",
  "img_readed_data_original_title" : "Watched",
  "video_time" : "01:31",
  "data_original_title" : "世上最人口密集的海島 (Living on the Most Crowded Island on Earth)",
  "h5_a_href" : "世上最人口密集的海島 (Living on the Most Crowded Island…",
  "view" : "2956 views",
  "level" : "初級",
  "level_href" : "/all/1/?ref=badge",
  "chinese_caption" : "中文",
  "chinese_tag" : "有中文字幕",
  "chinese_href" : "/channel/translated?ref=badge",
  "pronounciation" : "美國腔",
  "pronounciation_tag" : "美國腔",
  "pronounciation_href" : "/all/0?accent=us&amp;ref=badge"
},{
  "data_video_id" : "Hvysy11716g",
  "a_href" : "player.html?id=Hvysy11716g&file=caption_Hvysy11716g",
  "img_src" : "https://cdn.voicetube.com/assets/thumbnails/Hvysy11716g_s.jpg",
  "img_alt" : "為何我們都會選擇難搞的伴侶？ (Why We Pick Difficult Partners) Image",
  "img_readed" : "https://cdn.voicetube.com/assets/img/readed_btn.png",
  "img_readed_alt" : " ",
  "img_readed_rel" : "tooltip",
  "img_readed_data_original_title" : "Watched",
  "video_time" : "05:46",
  "data_original_title" : "為何我們都會選擇難搞的伴侶？ (Why We Pick Difficult Partners)",
  "h5_a_href" : "為何我們都會選擇難搞的伴侶？ (Why We Pick Difficult Partners)",
  "view" : "3286 views",
  "level" : "中級",
  "level_href" : "/all/2/?ref=badge",
  "chinese_caption" : "中文",
  "chinese_tag" : "有中文字幕",
  "chinese_href" : "/channel/translated?ref=badge",
  "pronounciation" : "美國腔",
  "pronounciation_tag" : "美國腔",
  "pronounciation_href" : "/all/0?accent=us&amp;ref=badge"
},{
  "data_video_id" : "NGtt7GJ1uiM",
  "a_href" : "player.html?id=NGtt7GJ1uiM&file=caption_NGtt7GJ1uiM",
  "img_src" : "https://cdn.voicetube.com/assets/thumbnails/NGtt7GJ1uiM_s.jpg",
  "img_alt" : "【TED-Ed】你解得開蛋掉落的謎題嗎？ (Can you solve the egg drop riddle? - Yossi Elran) Image",
  "img_readed" : "https://cdn.voicetube.com/assets/img/readed_btn.png",
  "img_readed_alt" : " ",
  "img_readed_rel" : "tooltip",
  "img_readed_data_original_title" : "Watched",
  "video_time" : "04:47",
  "data_original_title" : "【TED-Ed】你解得開蛋掉落的謎題嗎？ (Can you solve the egg drop riddle? - Yossi Elran)",
  "h5_a_href" : "【TED-Ed】你解得開蛋掉落的謎題嗎？ (Can you solve the egg drop…",
  "view" : "2857 views",
  "level" : "初級",
  "level_href" : "/all/1/?ref=badge",
  "chinese_caption" : "中文",
  "chinese_tag" : "有中文字幕",
  "chinese_href" : "/channel/translated?ref=badge",
  "pronounciation" : "美國腔",
  "pronounciation_tag" : "美國腔",
  "pronounciation_href" : "/all/0?accent=us&amp;ref=badge"
},{
  "data_video_id" : "z1q7LB5nD3E",
  "a_href" : "player.html?id=z1q7LB5nD3E&file=caption_z1q7LB5nD3E",
  "img_src" : "https://cdn.voicetube.com/assets/thumbnails/z1q7LB5nD3E_s.jpg",
  "img_alt" : "Women Go Makeup-Free At Work For A Day Image",
  "img_readed" : "https://cdn.voicetube.com/assets/img/readed_btn.png",
  "img_readed_alt" : " ",
  "img_readed_rel" : "tooltip",
  "img_readed_data_original_title" : "Watched",
  "video_time" : "04:40",
  "data_original_title" : "Women Go Makeup-Free At Work For A Day",
  "h5_a_href" : "Women Go Makeup-Free At Work For A Day",
  "view" : "3680 views",
  "level" : "中級",
  "level_href" : "/all/2/?ref=badge",
  "chinese_caption" : "中文",
  "chinese_tag" : "有中文字幕",
  "chinese_href" : "/channel/translated?ref=badge",
  "pronounciation" : "美國腔",
  "pronounciation_tag" : "美國腔",
  "pronounciation_href" : "/all/0?accent=us&ref=badge"
},{
  "data_video_id" : "IAJ7KCuN3zA",
  "a_href" : "player.html?id=IAJ7KCuN3zA&file=caption_IAJ7KCuN3zA",
  "img_src" : "https://cdn.voicetube.com/assets/thumbnails/IAJ7KCuN3zA_s.jpg",
  "img_alt" : "十種消除焦慮的方法 (10 Ways To Deal With Anxiety) Image",
  "img_readed" : "https://cdn.voicetube.com/assets/img/readed_btn.png",
  "img_readed_alt" : " ",
  "img_readed_rel" : "tooltip",
  "img_readed_data_original_title" : "Watched",
  "video_time" : "06:37",
  "data_original_title" : "十種消除焦慮的方法 (10 Ways To Deal With Anxiety)",
  "h5_a_href" : "十種消除焦慮的方法 (10 Ways To Deal With Anxiety)",
  "view" : "9564 views",
  "level" : "中級",
  "level_href" : "/all/2/?ref=badge",
  "chinese_caption" : "中文",
  "chinese_tag" : "有中文字幕",
  "chinese_href" : "/channel/translated?ref=badge",
  "pronounciation" : "美國腔",
  "pronounciation_tag" : "美國腔",
  "pronounciation_href" : "/all/0?accent=us&ref=badge"
},{
  "data_video_id" : "Z-5zUm8U2o8",
  "a_href" : "player.html?id=Z-5zUm8U2o8&file=caption_Z-5zUm8U2o8",
  "img_src" : "https://cdn.voicetube.com/assets/thumbnails/Z-5zUm8U2o8_s.jpg",
  "img_alt" : "【資訊圖表】出國不可不知的各國禁忌 (Things You Should NEVER Do In Other Countries!) Image",
  "img_readed" : "https://cdn.voicetube.com/assets/img/readed_btn.png",
  "img_readed_alt" : " ",
  "img_readed_rel" : "tooltip",
  "img_readed_data_original_title" : "Watched",
  "video_time" : "04:30",
  "data_original_title" : "【資訊圖表】出國不可不知的各國禁忌 (Things You Should NEVER Do In Other Countries!)",
  "h5_a_href" : "【資訊圖表】出國不可不知的各國禁忌 (Things You Should NEVER Do…",
  "view" : "5233 views",
  "level" : "中級",
  "level_href" : "/all/2/?ref=badge",
  "chinese_caption" : "中文",
  "chinese_tag" : "有中文字幕",
  "chinese_href" : "/channel/translated?ref=badge",
  "pronounciation" : "美國腔",
  "pronounciation_tag" : "美國腔",
  "pronounciation_href" : "/all/0?accent=us&ref=badge"
},{
  "data_video_id" : "lgZRMptA0Lk",
  "a_href" : "player.html?id=lgZRMptA0Lk&file=caption_lgZRMptA0Lk",
  "img_src" : "https://cdn.voicetube.com/assets/thumbnails/lgZRMptA0Lk_s.jpg",
  "img_alt" : "克里斯潘恩讀童話故事：克拉克鯊魚 (Clark the Shark Read by Chris Pine) Image",
  "img_readed" : "https://cdn.voicetube.com/assets/img/readed_btn.png",
  "img_readed_alt" : " ",
  "img_readed_rel" : "tooltip",
  "img_readed_data_original_title" : "Watched",
  "video_time" : "07:22",
  "data_original_title" : "克里斯潘恩讀童話故事：克拉克鯊魚 (Clark the Shark Read by Chris Pine)",
  "h5_a_href" : "克里斯潘恩讀童話故事：克拉克鯊魚 (Clark the Shark Read by Chris…",
  "view" : "18751 views",
  "level" : "初級",
  "level_href" : "/all/1/?ref=badge",
  "chinese_caption" : "中文",
  "chinese_tag" : "有中文字幕",
  "chinese_href" : "/channel/translated?ref=badge",
  "pronounciation" : "美國腔",
  "pronounciation_tag" : "美國腔",
  "pronounciation_href" : "/all/0?accent=us&ref=badge"
},{
  "data_video_id" : "XrVvFUYtYwI",
  "a_href" : "player.html?id=XrVvFUYtYwI&file=caption_XrVvFUYtYwI",
  "img_src" : "https://cdn.voicetube.com/assets/thumbnails/XrVvFUYtYwI_s.jpg",
  "img_alt" : "Gary Vaynerchuk 的勵志演說 (Hard Work & Patience - A Gary Vaynerchuk Original Film) Image",
  "img_readed" : "https://cdn.voicetube.com/assets/img/readed_btn.png",
  "img_readed_alt" : " ",
  "img_readed_rel" : "tooltip",
  "img_readed_data_original_title" : "Watched",
  "video_time" : "06:16",
  "data_original_title" : "Gary Vaynerchuk 的勵志演說 (Hard Work & Patience - A Gary Vaynerchuk Original Film)",
  "h5_a_href" : "Gary Vaynerchuk 的勵志演說 (Hard Work & Patience -…",
  "view" : "3849 views",
  "level" : "中級",
  "level_href" : "/all/2/?ref=badge",
  "chinese_caption" : "中文",
  "chinese_tag" : "有中文字幕",
  "chinese_href" : "/channel/translated?ref=badge",
  "pronounciation" : "美國腔",
  "pronounciation_tag" : "美國腔",
  "pronounciation_href" : "/all/0?accent=us&ref=badge"
},{
  "data_video_id" : "mE2fSvbmWFs",
  "a_href" : "player.html?id=mE2fSvbmWFs&file=caption_mE2fSvbmWFs",
  "img_src" : "https://cdn.voicetube.com/assets/thumbnails/mE2fSvbmWFs_s.jpg",
  "img_alt" : "刪除臉書帳號真的就安全了嗎？ (Why Leaving Facebook Doesn’t Always Mean Quitting | NYT) Image",
  "img_readed" : "https://cdn.voicetube.com/assets/img/readed_btn.png",
  "img_readed_alt" : " ",
  "img_readed_rel" : "tooltip",
  "img_readed_data_original_title" : "Watched",
  "video_time" : "02:32",
  "data_original_title" : "刪除臉書帳號真的就安全了嗎？ (Why Leaving Facebook Doesn’t Always Mean Quitting | NYT)",
  "h5_a_href" : "刪除臉書帳號真的就安全了嗎？ (Why Leaving Facebook Doesn’t Always…",
  "view" : "3690 views",
  "level" : "初級",
  "level_href" : "/all/1/?ref=badge",
  "chinese_caption" : "中文",
  "chinese_tag" : "有中文字幕",
  "chinese_href" : "/channel/translated?ref=badge",
  "pronounciation" : "美國腔",
  "pronounciation_tag" : "美國腔",
  "pronounciation_href" : "/all/0?accent=us&ref=badge"
},{
  "data_video_id" : "DIpTXQl7qT0",
  "a_href" : "player.html?id=DIpTXQl7qT0&file=caption_DIpTXQl7qT0",
  "img_src" : "https://cdn.voicetube.com/assets/thumbnails/DIpTXQl7qT0_s.jpg",
  "img_alt" : "零垃圾——DIY 有機牙膏 (Trash is for Tossers: Zero Waste Toothpaste) Image",
  "img_readed" : "https://cdn.voicetube.com/assets/img/readed_btn.png",
  "img_readed_alt" : " ",
  "img_readed_rel" : "tooltip",
  "img_readed_data_original_title" : "Watched",
  "video_time" : "02:21",
  "data_original_title" : "零垃圾——DIY 有機牙膏 (Trash is for Tossers: Zero Waste Toothpaste)",
  "h5_a_href" : "零垃圾——DIY 有機牙膏 (Trash is for Tossers: Zero Waste…",
  "view" : "6629 views",
  "level" : "初級",
  "level_href" : "/all/1/?ref=badge",
  "chinese_caption" : "中文",
  "chinese_tag" : "有中文字幕",
  "chinese_href" : "/channel/translated?ref=badge",
  "pronounciation" : "美國腔",
  "pronounciation_tag" : "美國腔",
  "pronounciation_href" : "/all/0?accent=us&ref=badge"
},{
  "data_video_id" : "TaMxRqSHUTU",
  "a_href" : "player.html?id=TaMxRqSHUTU&file=caption_TaMxRqSHUTU",
  "img_src" : "https://cdn.voicetube.com/assets/thumbnails/TaMxRqSHUTU_s.jpg",
  "img_alt" : "100 元的不同花法 How Different People Spend $100 | Cut Image",
  "img_readed" : "https://cdn.voicetube.com/assets/img/readed_btn.png",
  "img_readed_alt" : " ",
  "img_readed_rel" : "tooltip",
  "img_readed_data_original_title" : "Watched",
  "video_time" : "02:28",
  "data_original_title" : "100 元的不同花法 How Different People Spend $100 | Cut",
  "h5_a_href" : "100 元的不同花法 How Different People Spend $100 | Cut",
  "view" : "5209 views",
  "level" : "初級",
  "level_href" : "/all/1/?ref=badge",
  "chinese_caption" : "中文",
  "chinese_tag" : "有中文字幕",
  "chinese_href" : "/channel/translated?ref=badge",
  "pronounciation" : "美國腔",
  "pronounciation_tag" : "美國腔",
  "pronounciation_href" : "/all/0?accent=us&ref=badge"
},{
  "data_video_id" : "obRG-2jurz0",
  "a_href" : "player.html?id=obRG-2jurz0&file=caption_obRG-2jurz0",
  "img_src" : "https://cdn.voicetube.com/assets/thumbnails/obRG-2jurz0_s.jpg",
  "img_alt" : "救助更多性命是否會造成人口過剩？ (Does saving more lives lead to overpopulation?) Image",
  "img_readed" : "https://cdn.voicetube.com/assets/img/readed_btn.png",
  "img_readed_alt" : " ",
  "img_readed_rel" : "tooltip",
  "img_readed_data_original_title" : "Watched",
  "video_time" : "02:06",
  "data_original_title" : "救助更多性命是否會造成人口過剩？ (Does saving more lives lead to overpopulation?)",
  "h5_a_href" : "救助更多性命是否會造成人口過剩？ (Does saving more lives lead…",
  "view" : "11385 views",
  "level" : "初級",
  "level_href" : "/all/1/?ref=badge",
  "chinese_caption" : "中文",
  "chinese_tag" : "有中文字幕",
  "chinese_href" : "/channel/translated?ref=badge",
  "pronounciation" : "美國腔",
  "pronounciation_tag" : "美國腔",
  "pronounciation_href" : "/all/0?accent=us&ref=badge"
},{
  "data_video_id" : "FlsCjmMhFmw",
  "a_href" : "player.html?id=FlsCjmMhFmw&file=caption_FlsCjmMhFmw",
  "img_src" : "https://cdn.voicetube.com/assets/thumbnails/FlsCjmMhFmw_s.jpg",
  "img_alt" : "2017 年 YouTube 年度熱門影片：大家都在看什麼 (YouTube Rewind: The Shape of 2017 | #YouTubeRewind) Image",
  "img_readed" : "https://cdn.voicetube.com/assets/img/readed_btn.png",
  "img_readed_alt" : " ",
  "img_readed_rel" : "tooltip",
  "img_readed_data_original_title" : "Watched",
  "video_time" : "07:15",
  "data_original_title" : "2017 年 YouTube 年度熱門影片：大家都在看什麼 (YouTube Rewind: The Shape of 2017 | #YouTubeRewind)",
  "h5_a_href" : "2017 年 YouTube 年度熱門影片：大家都在看什麼 (YouTube Rewind:…",
  "view" : "5836 views",
  "level" : "初級",
  "level_href" : "/all/1/?ref=badge",
  "chinese_caption" : "中文",
  "chinese_tag" : "有中文字幕",
  "chinese_href" : "/channel/translated?ref=badge",
  "pronounciation" : "美國腔",
  "pronounciation_tag" : "美國腔",
  "pronounciation_href" : "/all/0?accent=us&ref=badge"
},{
  "data_video_id" : "ztNhitkfIeM",
  "a_href" : "player.html?id=ztNhitkfIeM&file=caption_ztNhitkfIeM",
  "img_src" : "https://cdn.voicetube.com/assets/thumbnails/ztNhitkfIeM_s.jpg",
  "img_alt" : "【MarieTV】劉易斯·霍斯：這個社會文化對男人的錯誤認知 (Lewis Howes: What Our Culture Gets Wrong About Masculinity) Image",
  "img_readed" : "https://cdn.voicetube.com/assets/img/readed_btn.png",
  "img_readed_alt" : " ",
  "img_readed_rel" : "tooltip",
  "img_readed_data_original_title" : "Watched",
  "video_time" : "30:33",
  "data_original_title" : "【MarieTV】劉易斯·霍斯：這個社會文化對男人的錯誤認知 (Lewis Howes: What Our Culture Gets Wrong About Masculinity)",
  "h5_a_href" : "【MarieTV】劉易斯·霍斯：這個社會文化對男人的錯誤認知 (Lewis Howes: What…",
  "view" : "3238 views",
  "level" : "高級",
  "level_href" : "/all/3/?ref=badge",
  "chinese_caption" : "中文",
  "chinese_tag" : "有中文字幕",
  "chinese_href" : "/channel/translated?ref=badge",
  "pronounciation" : "美國腔",
  "pronounciation_tag" : "美國腔",
  "pronounciation_href" : "/all/0?accent=us&ref=badge"
},{
  "data_video_id" : "CYB-pmNs4VQ",
  "a_href" : "player.html?id=CYB-pmNs4VQ&file=caption_CYB-pmNs4VQ",
  "img_src" : "https://cdn.voicetube.com/assets/thumbnails/CYB-pmNs4VQ_s.jpg",
  "img_alt" : "原來是這個原因！為什麼國旗上沒有紫色？ (Why Don't Country Flags Use The Color Purple?) Image",
  "img_readed" : "https://cdn.voicetube.com/assets/img/readed_btn.png",
  "img_readed_alt" : " ",
  "img_readed_rel" : "tooltip",
  "img_readed_data_original_title" : "Watched",
  "video_time" : "03:27",
  "data_original_title" : "原來是這個原因！為什麼國旗上沒有紫色？ (Why Don't Country Flags Use The Color Purple?)",
  "h5_a_href" : "原來是這個原因！為什麼國旗上沒有紫色？ (Why Don't Country Flags Use…",
  "view" : "7843 views",
  "level" : "中級",
  "level_href" : "/all/2/?ref=badge",
  "chinese_caption" : "中文",
  "chinese_tag" : "有中文字幕",
  "chinese_href" : "/channel/translated?ref=badge",
  "pronounciation" : "美國腔",
  "pronounciation_tag" : "美國腔",
  "pronounciation_href" : "/all/0?accent=us&ref=badge"
},{
  "data_video_id" : "Z9NQatne0xg",
  "a_href" : "player.html?id=Z9NQatne0xg&file=caption_Z9NQatne0xg",
  "img_src" : "https://cdn.voicetube.com/assets/thumbnails/Z9NQatne0xg_s.jpg",
  "img_alt" : "太驚人了！投影幕活了過來 (愚人節惡作劇) (Math Professor Fixes Projector Screen (April Fools Prank)) Image",
  "img_readed" : "https://cdn.voicetube.com/assets/img/readed_btn.png",
  "img_readed_alt" : " ",
  "img_readed_rel" : "tooltip",
  "img_readed_data_original_title" : "Watched",
  "video_time" : "02:48",
  "data_original_title" : "太驚人了！投影幕活了過來 (愚人節惡作劇) (Math Professor Fixes Projector Screen (April Fools Prank))",
  "h5_a_href" : "太驚人了！投影幕活了過來 (愚人節惡作劇) (Math Professor Fixes Projector…",
  "view" : "3580 views",
  "level" : "初級",
  "level_href" : "/all/1/?ref=badge",
  "chinese_caption" : "中文",
  "chinese_tag" : "有中文字幕",
  "chinese_href" : "/channel/translated?ref=badge",
  "pronounciation" : "美國腔",
  "pronounciation_tag" : "美國腔",
  "pronounciation_href" : "/all/0?accent=us&ref=badge"
},{
  "data_video_id" : "JVmELtFvxuU",
  "a_href" : "player.html?id=JVmELtFvxuU&file=caption_JVmELtFvxuU",
  "img_src" : "https://cdn.voicetube.com/assets/thumbnails/JVmELtFvxuU_s.jpg",
  "img_alt" : "感情世界的自我矛盾 (Take Your Birth Control) Image",
  "img_readed" : "https://cdn.voicetube.com/assets/img/readed_btn.png",
  "img_readed_alt" : " ",
  "img_readed_rel" : "tooltip",
  "img_readed_data_original_title" : "Watched",
  "video_time" : "10:42",
  "data_original_title" : "感情世界的自我矛盾 (Take Your Birth Control)",
  "h5_a_href" : "感情世界的自我矛盾 (Take Your Birth Control)",
  "view" : "3804 views",
  "level" : "中級",
  "level_href" : "/all/2/?ref=badge",
  "chinese_caption" : "中文",
  "chinese_tag" : "有中文字幕",
  "chinese_href" : "/channel/translated?ref=badge",
  "pronounciation" : "美國腔",
  "pronounciation_tag" : "美國腔",
  "pronounciation_href" : "/all/0?accent=us&ref=badge"
},{
  "data_video_id" : "zpwXVa272h8",
  "a_href" : "player.html?id=zpwXVa272h8&file=caption_zpwXVa272h8",
  "img_src" : "https://cdn.voicetube.com/assets/thumbnails/zpwXVa272h8_s.jpg",
  "img_alt" : "如何面對失去朋友 (How to Deal with Losing Friends  || Anna Akana) Image",
  "img_readed" : "https://cdn.voicetube.com/assets/img/readed_btn.png",
  "img_readed_alt" : " ",
  "img_readed_rel" : "tooltip",
  "img_readed_data_original_title" : "Watched",
  "video_time" : "01:52",
  "data_original_title" : "如何面對失去朋友 (How to Deal with Losing Friends  || Anna Akana)",
  "h5_a_href" : "如何面對失去朋友 (How to Deal with Losing Friends || Anna…",
  "view" : "5166 views",
  "level" : "初級",
  "level_href" : "/all/1/?ref=badge",
  "chinese_caption" : "中文",
  "chinese_tag" : "有中文字幕",
  "chinese_href" : "/channel/translated?ref=badge",
  "pronounciation" : "美國腔",
  "pronounciation_tag" : "美國腔",
  "pronounciation_href" : "/all/0?accent=us&ref=badge"
},{
  "data_video_id" : "Cjzvvgmg1NU",
  "a_href" : "player.html?id=Cjzvvgmg1NU&file=caption_Cjzvvgmg1NU",
  "img_src" : "https://cdn.voicetube.com/assets/thumbnails/Cjzvvgmg1NU_s.jpg",
  "img_alt" : "為什麼美白產品的市場正在快速成長中？(Why the market for skin whitening is growing) Image",
  "img_readed" : "https://cdn.voicetube.com/assets/img/readed_btn.png",
  "img_readed_alt" : " ",
  "img_readed_rel" : "tooltip",
  "img_readed_data_original_title" : "Watched",
  "video_time" : "06:27",
  "data_original_title" : "為什麼美白產品的市場正在快速成長中？(Why the market for skin whitening is growing)",
  "h5_a_href" : "為什麼美白產品的市場正在快速成長中？(Why the market for skin whitening…",
  "view" : "3899 views",
  "level" : "中級",
  "level_href" : "/all/2/?ref=badge",
  "chinese_caption" : "中文",
  "chinese_tag" : "有中文字幕",
  "chinese_href" : "/channel/translated?ref=badge",
  "pronounciation" : "美國腔",
  "pronounciation_tag" : "美國腔",
  "pronounciation_href" : "/all/0?accent=us&ref=badge"
},{
  "data_video_id" : "aLKDAIe3uDU",
  "a_href" : "player.html?id=aLKDAIe3uDU&file=caption_aLKDAIe3uDU",
  "img_src" : "https://cdn.voicetube.com/assets/thumbnails/aLKDAIe3uDU_s.jpg",
  "img_alt" : "Airbnb 宣佈 2018 新服務！一個屬於所有人的家 (Airbnb for Everyone | Airbnb) Image",
  "img_readed" : "https://cdn.voicetube.com/assets/img/readed_btn.png",
  "img_readed_alt" : " ",
  "img_readed_rel" : "tooltip",
  "img_readed_data_original_title" : "Watched",
  "video_time" : "01:57",
  "data_original_title" : "Airbnb 宣佈 2018 新服務！一個屬於所有人的家 (Airbnb for Everyone | Airbnb)",
  "h5_a_href" : "Airbnb 宣佈 2018 新服務！一個屬於所有人的家 (Airbnb for Everyone…",
  "view" : "3159 views",
  "level" : "初級",
  "level_href" : "/all/1/?ref=badge",
  "chinese_caption" : "中文",
  "chinese_tag" : "有中文字幕",
  "chinese_href" : "/channel/translated?ref=badge",
  "pronounciation" : "美國腔",
  "pronounciation_tag" : "美國腔",
  "pronounciation_href" : "/all/0?accent=us&ref=badge"
},{
  "data_video_id" : "7EUhnw1OGXY",
  "a_href" : "player.html?id=7EUhnw1OGXY&file=caption_7EUhnw1OGXY",
  "img_src" : "https://cdn.voicetube.com/assets/thumbnails/7EUhnw1OGXY_s.jpg",
  "img_alt" : "賺取小費對女性而言是很大的傷害 (How Tipping Hurts Women | NYT) Image",
  "img_readed" : "https://cdn.voicetube.com/assets/img/readed_btn.png",
  "img_readed_alt" : " ",
  "img_readed_rel" : "tooltip",
  "img_readed_data_original_title" : "Watched",
  "video_time" : "03:43",
  "data_original_title" : "賺取小費對女性而言是很大的傷害 (How Tipping Hurts Women | NYT)",
  "h5_a_href" : "賺取小費對女性而言是很大的傷害 (How Tipping Hurts Women | NYT)",
  "view" : "9423 views",
  "level" : "中級",
  "level_href" : "/all/2/?ref=badge",
  "chinese_caption" : "中文",
  "chinese_tag" : "有中文字幕",
  "chinese_href" : "/channel/translated?ref=badge",
  "pronounciation" : "美國腔",
  "pronounciation_tag" : "美國腔",
  "pronounciation_href" : "/all/0?accent=us&ref=badge"
},{
  "data_video_id" : "gHvqf0lLC_Q",
  "a_href" : "player.html?id=gHvqf0lLC_Q&file=caption_gHvqf0lLC_Q",
  "img_src" : "https://cdn.voicetube.com/assets/thumbnails/gHvqf0lLC_Q_s.jpg",
  "img_alt" : "誰說大尺碼女孩不能當主角？自信重現經典愛情片海報！ (Women Re-Create Romantic Comedy Posters) Image",
  "img_readed" : "https://cdn.voicetube.com/assets/img/readed_btn.png",
  "img_readed_alt" : " ",
  "img_readed_rel" : "tooltip",
  "img_readed_data_original_title" : "Watched",
  "video_time" : "05:12",
  "data_original_title" : "誰說大尺碼女孩不能當主角？自信重現經典愛情片海報！ (Women Re-Create Romantic Comedy Posters)",
  "h5_a_href" : "誰說大尺碼女孩不能當主角？自信重現經典愛情片海報！ (Women Re-Create Romantic…",
  "view" : "2735 views",
  "level" : "中級",
  "level_href" : "/all/2/?ref=badge",
  "chinese_caption" : "中文",
  "chinese_tag" : "有中文字幕",
  "chinese_href" : "/channel/translated?ref=badge",
  "pronounciation" : "美國腔",
  "pronounciation_tag" : "美國腔",
  "pronounciation_href" : "/all/0?accent=us&ref=badge"
},{
  "data_video_id" : "kh7nPUyQHwo",
  "a_href" : "player.html?id=kh7nPUyQHwo&file=caption_kh7nPUyQHwo",
  "img_src" : "https://cdn.voicetube.com/assets/thumbnails/kh7nPUyQHwo_s.jpg",
  "img_alt" : "熊熊遇見你：跟野狼比疊疊樂？！(We Bare Bears Brother Up Part 3 - We Bare Bears Full HD) Image",
  "img_readed" : "https://cdn.voicetube.com/assets/img/readed_btn.png",
  "img_readed_alt" : " ",
  "img_readed_rel" : "tooltip",
  "img_readed_data_original_title" : "Watched",
  "video_time" : "03:43",
  "data_original_title" : "熊熊遇見你：跟野狼比疊疊樂？！(We Bare Bears Brother Up Part 3 - We Bare Bears Full HD)",
  "h5_a_href" : "熊熊遇見你：跟野狼比疊疊樂？！(We Bare Bears Brother Up Part…",
  "view" : "5064 views",
  "level" : "中級",
  "level_href" : "/all/2/?ref=badge",
  "chinese_caption" : "中文",
  "chinese_tag" : "有中文字幕",
  "chinese_href" : "/channel/translated?ref=badge",
  "pronounciation" : "美國腔",
  "pronounciation_tag" : "美國腔",
  "pronounciation_href" : "/all/0?accent=us&ref=badge"
},{
  "data_video_id" : "4sgxDnin5GU",
  "a_href" : "player.html?id=4sgxDnin5GU&file=caption_4sgxDnin5GU",
  "img_src" : "https://cdn.voicetube.com/assets/thumbnails/4sgxDnin5GU_s.jpg",
  "img_alt" : "閉上眼睛有助於回想事情嗎？ (Does Closing Your Eyes Help You Remember Things Better?) Image",
  "img_readed" : "https://cdn.voicetube.com/assets/img/readed_btn.png",
  "img_readed_alt" : " ",
  "img_readed_rel" : "tooltip",
  "img_readed_data_original_title" : "Watched",
  "video_time" : "02:23",
  "data_original_title" : "閉上眼睛有助於回想事情嗎？ (Does Closing Your Eyes Help You Remember Things Better?)",
  "h5_a_href" : "閉上眼睛有助於回想事情嗎？ (Does Closing Your Eyes Help You…",
  "view" : "5974 views",
  "level" : "中級",
  "level_href" : "/all/2/?ref=badge",
  "chinese_caption" : "中文",
  "chinese_tag" : "有中文字幕",
  "chinese_href" : "/channel/translated?ref=badge",
  "pronounciation" : "美國腔",
  "pronounciation_tag" : "美國腔",
  "pronounciation_href" : "/all/0?accent=us&ref=badge" 
}]