{"en":[{"id":"26649619","caption_id":"125519","seq":"1","text":"It's hard work and  you still have to do it","translate_comment":"","start":"0","dur":"2.76","is_scores":null,"created_at":"1520927119","updated_at":null},{"id":"26649620","caption_id":"125519","seq":"2","text":"all with a smile on your face.","translate_comment":"","start":"2.76","dur":"1.78","is_scores":null,"created_at":"1520927119","updated_at":null},{"id":"26649621","caption_id":"125519","seq":"3","text":"I like the fast-paced environment.","translate_comment":"","start":"4.54","dur":"2.569","is_scores":null,"created_at":"1520927119","updated_at":null},{"id":"26649622","caption_id":"125519","seq":"4","text":"Before I bring anything to the  table, it needs to be perfect.","translate_comment":"","start":"7.11","dur":"3.214","is_scores":null,"created_at":"1520927119","updated_at":null},{"id":"26649623","caption_id":"125519","seq":"5","text":"There's never <a href=\"#post_comment_1\">dull  <i class=\"icon-star\"><\/i><\/a> moment.","translate_comment":"","start":"10.324","dur":"1.166","is_scores":null,"created_at":"1520927119","updated_at":null},{"id":"26649624","caption_id":"125519","seq":"6","text":"Very physical, very raw.","translate_comment":"","start":"11.49","dur":"2.25","is_scores":null,"created_at":"1520927119","updated_at":null},{"id":"26649625","caption_id":"125519","seq":"7","text":"There's never enough money.","translate_comment":"","start":"13.74","dur":"1.2","is_scores":null,"created_at":"1520927119","updated_at":null},{"id":"26649626","caption_id":"125519","seq":"8","text":"I'll just say that. There's never enough money.","translate_comment":"","start":"14.94","dur":"2.37","is_scores":null,"created_at":"1520927119","updated_at":null},{"id":"26649627","caption_id":"125519","seq":"9","text":"Three-fourths of my yearly income come from tips.","translate_comment":"","start":"17.31","dur":"4.59","is_scores":null,"created_at":"1520927119","updated_at":null},{"id":"26649628","caption_id":"125519","seq":"10","text":"I make $2.65 an hour.","translate_comment":"","start":"21.9","dur":"1.7","is_scores":null,"created_at":"1520927119","updated_at":null},{"id":"26649629","caption_id":"125519","seq":"11","text":"In New Jersey, I was making $2.13  an hour.","translate_comment":"","start":"23.6","dur":"1.72","is_scores":null,"created_at":"1520927119","updated_at":null},{"id":"26649630","caption_id":"125519","seq":"12","text":"$2.13 an hour.","translate_comment":"","start":"25.32","dur":"1.04","is_scores":null,"created_at":"1520927119","updated_at":null},{"id":"26649631","caption_id":"125519","seq":"13","text":"$2.13.","translate_comment":"","start":"26.36","dur":"0.809","is_scores":null,"created_at":"1520927119","updated_at":null},{"id":"26649632","caption_id":"125519","seq":"14","text":"So I don't really <a href=\"#post_comment_2\">per se<i class=\"icon-star\"><\/i><\/a> live off of paychecks as much","translate_comment":"","start":"27.17","dur":"2.53","is_scores":null,"created_at":"1520927119","updated_at":null},{"id":"26649633","caption_id":"125519","seq":"15","text":"as I do tips.","translate_comment":"","start":"29.7","dur":"1.169","is_scores":null,"created_at":"1520927119","updated_at":null},{"id":"26649634","caption_id":"125519","seq":"16","text":"I think tipping is great for economy and small businesses.","translate_comment":"","start":"30.87","dur":"3.24","is_scores":null,"created_at":"1520927119","updated_at":null},{"id":"26649635","caption_id":"125519","seq":"17","text":"You walk out with cash.","translate_comment":"","start":"34.11","dur":"1.38","is_scores":null,"created_at":"1520927119","updated_at":null},{"id":"26649636","caption_id":"125519","seq":"18","text":"But if we don't smile, if we don't look cute...","translate_comment":"","start":"35.49","dur":"3.01","is_scores":null,"created_at":"1520927119","updated_at":null},{"id":"26649637","caption_id":"125519","seq":"19","text":"we don't make good tips.","translate_comment":"","start":"38.5","dur":"1.1","is_scores":null,"created_at":"1520927119","updated_at":null},{"id":"26649638","caption_id":"125519","seq":"20","text":"You hope you do good enough to get at least 10 percent.","translate_comment":"","start":"39.6","dur":"4.71","is_scores":null,"created_at":"1520927119","updated_at":null},{"id":"26649639","caption_id":"125519","seq":"21","text":"It's always true when you really need money,","translate_comment":"","start":"44.31","dur":"2.52","is_scores":null,"created_at":"1520927119","updated_at":null},{"id":"26649640","caption_id":"125519","seq":"22","text":"you're <a href=\"#post_comment_3\">disenfranchised <i class=\"icon-star\"><\/i><\/a>.","translate_comment":"","start":"46.83","dur":"1.15","is_scores":null,"created_at":"1520927119","updated_at":null},{"id":"26649641","caption_id":"125519","seq":"23","text":"With men, you have to kind of be careful.","translate_comment":"","start":"47.99","dur":"1.69","is_scores":null,"created_at":"1520927119","updated_at":null},{"id":"26649642","caption_id":"125519","seq":"24","text":"You can't be too sweet. you can't be too, you know, serious.","translate_comment":"","start":"49.68","dur":"4.22","is_scores":null,"created_at":"1520927119","updated_at":null},{"id":"26649643","caption_id":"125519","seq":"25","text":"He was flirting with me heavily and he <a href=\"#post_comment_4\">racked up   <i class=\"icon-star\"><\/i><\/a>","translate_comment":"","start":"53.9","dur":"2.63","is_scores":null,"created_at":"1520927119","updated_at":null},{"id":"26649644","caption_id":"125519","seq":"26","text":"about a $70 tab.","translate_comment":"","start":"56.53","dur":"2.3","is_scores":null,"created_at":"1520927119","updated_at":null},{"id":"26649645","caption_id":"125519","seq":"27","text":"And when I turned him down for dinner and drinks,","translate_comment":"","start":"58.83","dur":"3.689","is_scores":null,"created_at":"1520927119","updated_at":null},{"id":"26649646","caption_id":"125519","seq":"28","text":"he wrote a zero in the tip line.","translate_comment":"","start":"62.52","dur":"2.16","is_scores":null,"created_at":"1520927119","updated_at":null},{"id":"26649647","caption_id":"125519","seq":"29","text":"He grabbed me, pulled me by my waist","translate_comment":"","start":"64.68","dur":"2.16","is_scores":null,"created_at":"1520927119","updated_at":null},{"id":"26649648","caption_id":"125519","seq":"30","text":"and started trying to kiss me on my neck and stuff.","translate_comment":"","start":"66.84","dur":"2.46","is_scores":null,"created_at":"1520927119","updated_at":null},{"id":"26649649","caption_id":"125519","seq":"31","text":"And I'm pushing him away.","translate_comment":"","start":"69.3","dur":"1.65","is_scores":null,"created_at":"1520927119","updated_at":null},{"id":"26649650","caption_id":"125519","seq":"32","text":"But he kept talking about","translate_comment":"","start":"70.95","dur":"0.86","is_scores":null,"created_at":"1520927119","updated_at":null},{"id":"26649651","caption_id":"125519","seq":"33","text":"wanting to bend me over  and spank me.","translate_comment":"","start":"71.81","dur":"2.44","is_scores":null,"created_at":"1520927119","updated_at":null},{"id":"26649652","caption_id":"125519","seq":"34","text":"He looked at me and said, \"Would you ride me like a pony?\u201d","translate_comment":"","start":"74.25","dur":"3.6","is_scores":null,"created_at":"1520927119","updated_at":null},{"id":"26649653","caption_id":"125519","seq":"35","text":"\u201cI've never been with a black girl.\u201d","translate_comment":"","start":"77.85","dur":"1.62","is_scores":null,"created_at":"1520927119","updated_at":null},{"id":"26649654","caption_id":"125519","seq":"36","text":"I felt a hand go underneath my dress.","translate_comment":"","start":"79.47","dur":"2.34","is_scores":null,"created_at":"1520927119","updated_at":null},{"id":"26649655","caption_id":"125519","seq":"37","text":"He was asking me where I live.","translate_comment":"","start":"81.81","dur":"1.48","is_scores":null,"created_at":"1520927119","updated_at":null},{"id":"26649656","caption_id":"125519","seq":"38","text":"I screamed to my manager, who","translate_comment":"","start":"83.29","dur":"1.345","is_scores":null,"created_at":"1520927119","updated_at":null},{"id":"26649657","caption_id":"125519","seq":"39","text":"happened to be there,","translate_comment":"","start":"84.635","dur":"0.985","is_scores":null,"created_at":"1520927119","updated_at":null},{"id":"26649658","caption_id":"125519","seq":"40","text":"Hey, that guy just touched me.","translate_comment":"","start":"85.62","dur":"3.54","is_scores":null,"created_at":"1520927119","updated_at":null},{"id":"26649659","caption_id":"125519","seq":"41","text":"Nothing happened.","translate_comment":"","start":"89.16","dur":"1.47","is_scores":null,"created_at":"1520927119","updated_at":null},{"id":"26649660","caption_id":"125519","seq":"42","text":"Sex does sell.","translate_comment":"","start":"90.63","dur":"1.2","is_scores":null,"created_at":"1520927119","updated_at":null},{"id":"26649661","caption_id":"125519","seq":"43","text":"You have to <a href=\"#post_comment_5\">balance <i class=\"icon-star\"><\/i><\/a> it out,","translate_comment":"","start":"91.83","dur":"1.13","is_scores":null,"created_at":"1520927119","updated_at":null},{"id":"26649662","caption_id":"125519","seq":"44","text":"but still try to keep your dignity.","translate_comment":"","start":"92.96","dur":"1.98","is_scores":null,"created_at":"1520927119","updated_at":null},{"id":"26649663","caption_id":"125519","seq":"45","text":"Most of my day is geared towards \u2014 how is","translate_comment":"","start":"94.94","dur":"3.7","is_scores":null,"created_at":"1520927119","updated_at":null},{"id":"26649664","caption_id":"125519","seq":"46","text":"a man going to feel about me?","translate_comment":"","start":"98.64","dur":"2.04","is_scores":null,"created_at":"1520927119","updated_at":null},{"id":"26649665","caption_id":"125519","seq":"47","text":"How can I maximize tips without feeling","translate_comment":"","start":"100.68","dur":"3.87","is_scores":null,"created_at":"1520927119","updated_at":null},{"id":"26649666","caption_id":"125519","seq":"48","text":"overly sexualized? Between the hair and the makeup","translate_comment":"","start":"104.55","dur":"3.239","is_scores":null,"created_at":"1520927119","updated_at":null},{"id":"26649667","caption_id":"125519","seq":"49","text":"and how much cleavage do I want to show today?","translate_comment":"","start":"107.79","dur":"2.525","is_scores":null,"created_at":"1520927119","updated_at":null},{"id":"26649668","caption_id":"125519","seq":"50","text":"You don't want to look too sexy, but you don't also","translate_comment":"","start":"110.315","dur":"2.125","is_scores":null,"created_at":"1520927119","updated_at":null},{"id":"26649669","caption_id":"125519","seq":"51","text":"want to look sexless.","translate_comment":"","start":"112.44","dur":"1","is_scores":null,"created_at":"1520927119","updated_at":null},{"id":"26649670","caption_id":"125519","seq":"52","text":"And you must always be aware of the balance.","translate_comment":"","start":"113.44","dur":"2.17","is_scores":null,"created_at":"1520927119","updated_at":null},{"id":"26649671","caption_id":"125519","seq":"53","text":"It's a very thin line. Yep.","translate_comment":"","start":"115.61","dur":"3.22","is_scores":null,"created_at":"1520927119","updated_at":null},{"id":"26649672","caption_id":"125519","seq":"54","text":"You know I'll put up with some stuff","translate_comment":"","start":"118.83","dur":"2.37","is_scores":null,"created_at":"1520927119","updated_at":null},{"id":"26649673","caption_id":"125519","seq":"55","text":"to get the tip.","translate_comment":"","start":"121.2","dur":"1","is_scores":null,"created_at":"1520927119","updated_at":null},{"id":"26649674","caption_id":"125519","seq":"56","text":"You know the little, \"Ah, you're so funny.\"","translate_comment":"","start":"122.2","dur":"3.2","is_scores":null,"created_at":"1520927119","updated_at":null},{"id":"26649675","caption_id":"125519","seq":"57","text":"That might be an extra $5 right there.","translate_comment":"","start":"125.4","dur":"1.95","is_scores":null,"created_at":"1520927119","updated_at":null},{"id":"26649676","caption_id":"125519","seq":"58","text":"Do I like doing that?","translate_comment":"","start":"127.35","dur":"1.348","is_scores":null,"created_at":"1520927119","updated_at":null},{"id":"26649677","caption_id":"125519","seq":"59","text":"No.","translate_comment":"","start":"128.699","dur":"1.241","is_scores":null,"created_at":"1520927119","updated_at":null},{"id":"26649678","caption_id":"125519","seq":"60","text":"At my job, I'm at now,","translate_comment":"","start":"129.949","dur":"1.251","is_scores":null,"created_at":"1520927119","updated_at":null},{"id":"26649679","caption_id":"125519","seq":"61","text":"this whole thing is going on, the #MeToo movement.","translate_comment":"","start":"131.2","dur":"3.56","is_scores":null,"created_at":"1520927119","updated_at":null},{"id":"26649680","caption_id":"125519","seq":"62","text":"And I actually heard a guy say, \"I don't","translate_comment":"","start":"134.76","dur":"1.919","is_scores":null,"created_at":"1520927119","updated_at":null},{"id":"26649681","caption_id":"125519","seq":"63","text":"understand what the problem is.","translate_comment":"","start":"136.68","dur":"1.98","is_scores":null,"created_at":"1520927119","updated_at":null},{"id":"26649682","caption_id":"125519","seq":"64","text":"Everybody wants sex.","translate_comment":"","start":"138.66","dur":"1.26","is_scores":null,"created_at":"1520927119","updated_at":null},{"id":"26649683","caption_id":"125519","seq":"65","text":"Everybody's got to have sex.","translate_comment":"","start":"139.92","dur":"1.47","is_scores":null,"created_at":"1520927119","updated_at":null},{"id":"26649684","caption_id":"125519","seq":"66","text":"What's the problem with this?\"","translate_comment":"","start":"141.39","dur":"1.53","is_scores":null,"created_at":"1520927119","updated_at":null},{"id":"26649685","caption_id":"125519","seq":"67","text":"I had one guy, while I was trying to lock up, come in","translate_comment":"","start":"142.92","dur":"4.68","is_scores":null,"created_at":"1520927119","updated_at":null},{"id":"26649686","caption_id":"125519","seq":"68","text":"and say, \"Well, are you here by yourself?\"","translate_comment":"","start":"147.6","dur":"2.74","is_scores":null,"created_at":"1520927119","updated_at":null},{"id":"26649687","caption_id":"125519","seq":"69","text":"And I'm like, \"no, no, no.","translate_comment":"","start":"150.34","dur":"1.609","is_scores":null,"created_at":"1520927119","updated_at":null},{"id":"26649688","caption_id":"125519","seq":"70","text":"My cooks are in the back.\"","translate_comment":"","start":"151.949","dur":"1.041","is_scores":null,"created_at":"1520927119","updated_at":null},{"id":"26649689","caption_id":"125519","seq":"71","text":"He said, \"No, I've been watching you. There's no one here.\"","translate_comment":"","start":"152.99","dur":"3.88","is_scores":null,"created_at":"1520927119","updated_at":null},{"id":"26649690","caption_id":"125519","seq":"72","text":"That's when I went and got just a little .38 Special revolver","translate_comment":"","start":"156.87","dur":"4.34","is_scores":null,"created_at":"1520927119","updated_at":null},{"id":"26649691","caption_id":"125519","seq":"73","text":"that I kept in my purse when I closed.","translate_comment":"","start":"161.21","dur":"1.95","is_scores":null,"created_at":"1520927119","updated_at":null},{"id":"26649692","caption_id":"125519","seq":"74","text":"Well, it was my last table.","translate_comment":"","start":"163.16","dur":"1.3","is_scores":null,"created_at":"1520927119","updated_at":null},{"id":"26649693","caption_id":"125519","seq":"75","text":"I did all my side work and I was getting ready to go.","translate_comment":"","start":"164.46","dur":"1.958","is_scores":null,"created_at":"1520927119","updated_at":null},{"id":"26649694","caption_id":"125519","seq":"76","text":"And I was leaving at the same time he was.","translate_comment":"","start":"166.418","dur":"3.372","is_scores":null,"created_at":"1520927119","updated_at":null},{"id":"26649695","caption_id":"125519","seq":"77","text":"We got to my car.","translate_comment":"","start":"169.79","dur":"2.169","is_scores":null,"created_at":"1520927119","updated_at":null},{"id":"26649696","caption_id":"125519","seq":"78","text":"And I said, \"Thank you so much.","translate_comment":"","start":"171.96","dur":"1.32","is_scores":null,"created_at":"1520927119","updated_at":null},{"id":"26649697","caption_id":"125519","seq":"79","text":"You were so great.","translate_comment":"","start":"173.28","dur":"1.02","is_scores":null,"created_at":"1520927119","updated_at":null},{"id":"26649698","caption_id":"125519","seq":"80","text":"And I appreciate it.\"","translate_comment":"","start":"174.3","dur":"0.68","is_scores":null,"created_at":"1520927119","updated_at":null},{"id":"26649699","caption_id":"125519","seq":"81","text":"And I go to reach for my door and he blocks my door shut.","translate_comment":"","start":"174.98","dur":"3.21","is_scores":null,"created_at":"1520927119","updated_at":null},{"id":"26649700","caption_id":"125519","seq":"82","text":"And it was terrifying.","translate_comment":"","start":"178.19","dur":"1.59","is_scores":null,"created_at":"1520927119","updated_at":null},{"id":"26649701","caption_id":"125519","seq":"83","text":"You know and it's not just that you feel frightened.","translate_comment":"","start":"179.78","dur":"2.85","is_scores":null,"created_at":"1520927119","updated_at":null},{"id":"26649702","caption_id":"125519","seq":"84","text":"You feel embarrassed.","translate_comment":"","start":"182.63","dur":"1.5","is_scores":null,"created_at":"1520927119","updated_at":null},{"id":"26649703","caption_id":"125519","seq":"85","text":"It's awful.","translate_comment":"","start":"184.13","dur":"1.08","is_scores":null,"created_at":"1520927119","updated_at":null},{"id":"26649704","caption_id":"125519","seq":"86","text":"The degrading, it's disgusting.","translate_comment":"","start":"185.21","dur":"1","is_scores":null,"created_at":"1520927119","updated_at":null},{"id":"26649705","caption_id":"125519","seq":"87","text":"And it made me angry.","translate_comment":"","start":"186.21","dur":"2.75","is_scores":null,"created_at":"1520927119","updated_at":null},{"id":"26649706","caption_id":"125519","seq":"88","text":"On one hand, this guy just violated me.","translate_comment":"","start":"188.96","dur":"2.19","is_scores":null,"created_at":"1520927119","updated_at":null},{"id":"26649707","caption_id":"125519","seq":"89","text":"And on the other hand , I needed the $20 tip.","translate_comment":"","start":"191.15","dur":"2.07","is_scores":null,"created_at":"1520927119","updated_at":null},{"id":"26649708","caption_id":"125519","seq":"90","text":"You have to fight for your tips because you can't just say,","translate_comment":"","start":"193.22","dur":"3.61","is_scores":null,"created_at":"1520927119","updated_at":null},{"id":"26649709","caption_id":"125519","seq":"91","text":"No, don't.","translate_comment":"","start":"196.83","dur":"1.55","is_scores":null,"created_at":"1520927119","updated_at":null},{"id":"26649710","caption_id":"125519","seq":"92","text":"I had really, really had it.","translate_comment":"","start":"198.38","dur":"3.22","is_scores":null,"created_at":"1520927119","updated_at":null},{"id":"26649711","caption_id":"125519","seq":"93","text":"And I wanted to say \u2014","translate_comment":"","start":"201.6","dur":"1","is_scores":null,"created_at":"1520927119","updated_at":null},{"id":"26649712","caption_id":"125519","seq":"94","text":"I shouldn't have","translate_comment":"","start":"202.6","dur":"0.72","is_scores":null,"created_at":"1520927119","updated_at":null},{"id":"26649713","caption_id":"125519","seq":"95","text":"to take home less to my child because some guy wasn't","translate_comment":"","start":"203.32","dur":"3.25","is_scores":null,"created_at":"1520927119","updated_at":null},{"id":"26649714","caption_id":"125519","seq":"96","text":"into me that day.","translate_comment":"","start":"206.57","dur":"0.96","is_scores":null,"created_at":"1520927119","updated_at":null},{"id":"26649715","caption_id":"125519","seq":"97","text":"Smiling isn't consent.","translate_comment":"","start":"207.53","dur":"1.62","is_scores":null,"created_at":"1520927119","updated_at":null},{"id":"26649716","caption_id":"125519","seq":"98","text":"Don't touch me.","translate_comment":"","start":"209.15","dur":"0.85","is_scores":null,"created_at":"1520927119","updated_at":null},{"id":"26649717","caption_id":"125519","seq":"99","text":"Don't touch me.","translate_comment":"","start":"210","dur":"0.78","is_scores":null,"created_at":"1520927119","updated_at":null},{"id":"26649718","caption_id":"125519","seq":"100","text":"Don't touch me.","translate_comment":"","start":"210.78","dur":"0.69","is_scores":null,"created_at":"1520927119","updated_at":null},{"id":"26649719","caption_id":"125519","seq":"101","text":"No one needs to touch each other.","translate_comment":"","start":"211.47","dur":"1.76","is_scores":null,"created_at":"1520927119","updated_at":null},{"id":"26649720","caption_id":"125519","seq":"102","text":"If I wanted to get hit on, I\u2019d be on the other side of the bar.","translate_comment":"","start":"213.23","dur":"3.09","is_scores":null,"created_at":"1520927119","updated_at":null},{"id":"26649721","caption_id":"125519","seq":"103","text":"Yeah.","translate_comment":"","start":"216.32","dur":"1.58","is_scores":null,"created_at":"1520927119","updated_at":null}]}