{"en":[{"id":"21512301","caption_id":"107079","seq":"1","text":"Hey everybody.  Welcome to Storyline Online","translate_comment":"","start":"2.48","dur":"3.56","is_scores":null,"created_at":"1496907084","updated_at":null},{"id":"21512302","caption_id":"107079","seq":"2","text":"brought to you by the SAG-AFTRA Foundation.","translate_comment":"","start":"6.04","dur":"2.34","is_scores":null,"created_at":"1496907084","updated_at":null},{"id":"21512303","caption_id":"107079","seq":"3","text":"My name is Chris Pine","translate_comment":"","start":"8.38","dur":"2.12","is_scores":null,"created_at":"1496907084","updated_at":null},{"id":"21512304","caption_id":"107079","seq":"4","text":"and today we are reading the wonderful book Clark the Shark","translate_comment":"","start":"10.5","dur":"6.86","is_scores":null,"created_at":"1496907084","updated_at":null},{"id":"21512305","caption_id":"107079","seq":"5","text":"written by Bruce Hale and illustrated by guy Francis.  Let us begin.","translate_comment":"","start":"17.36","dur":"6.08","is_scores":null,"created_at":"1496907084","updated_at":null},{"id":"21512306","caption_id":"107079","seq":"6","text":"In all the wide blue seas, in all the wide blue world,","translate_comment":"","start":"23.44","dur":"6.44","is_scores":null,"created_at":"1496907084","updated_at":null},{"id":"21512307","caption_id":"107079","seq":"7","text":"the top school for fish was the Theodore Roosterfish Elementary.","translate_comment":"","start":"29.88","dur":"7.12","is_scores":null,"created_at":"1496907084","updated_at":null},{"id":"21512308","caption_id":"107079","seq":"8","text":"And of all the fish at Theodore Roosterfish, the biggest and the strongest was Clark the Shark.","translate_comment":"","start":"37","dur":"9.34","is_scores":null,"created_at":"1496907084","updated_at":null},{"id":"21512309","caption_id":"107079","seq":"9","text":"Clark loved school, and he loved his teacher, Mrs. Inkydink.","translate_comment":"","start":"46.34","dur":"6.34","is_scores":null,"created_at":"1496907084","updated_at":null},{"id":"21512310","caption_id":"107079","seq":"10","text":"He loved to play upsy-downsy and spinna-ma-jig with his friends.  Clark loved his life.","translate_comment":"","start":"52.68","dur":"8.38","is_scores":null,"created_at":"1496907084","updated_at":null},{"id":"21512311","caption_id":"107079","seq":"11","text":"\u201cSCHOOL IS AWESOME!\u201d shouted Clark the Shark.","translate_comment":"","start":"61.06","dur":"4.36","is_scores":null,"created_at":"1496907084","updated_at":null},{"id":"21512312","caption_id":"107079","seq":"12","text":"\u201cLess shouting, more reading,\u201d said Mrs. Inkydink.","translate_comment":"","start":"65.42","dur":"4.48","is_scores":null,"created_at":"1496907084","updated_at":null},{"id":"21512313","caption_id":"107079","seq":"13","text":"\"LUNCHTIME IS SWEEEEET!\" yelled Clark the Shark.","translate_comment":"","start":"69.9","dur":"4.14","is_scores":null,"created_at":"1496907084","updated_at":null},{"id":"21512314","caption_id":"107079","seq":"14","text":"\"Munch your own lunch,\" said his best friend, Joey Mackerel.","translate_comment":"","start":"74.04","dur":"3.48","is_scores":null,"created_at":"1496907084","updated_at":null},{"id":"21512315","caption_id":"107079","seq":"15","text":"\"RECESS ROCKS!\" bellowed Clark the Shark.","translate_comment":"","start":"77.52","dur":"3.76","is_scores":null,"created_at":"1496907084","updated_at":null},{"id":"21512316","caption_id":"107079","seq":"16","text":"\"You are playing too rough, Clark!\" cried the other kids.","translate_comment":"","start":"81.28","dur":"3.44","is_scores":null,"created_at":"1496907084","updated_at":null},{"id":"21512317","caption_id":"107079","seq":"17","text":"Yes, Clark loved his life with all of his sharky heart.","translate_comment":"\u662f\u7684\uff0c\u514b\u62c9\u514b\u7528\u76e1\u5b83\u7684\u9bca\u5fc3\u611b\u8457\u4ed6\u7684\u751f\u6d3b","start":"84.72","dur":"5.28","is_scores":null,"created_at":"1496907084","updated_at":null},{"id":"21512318","caption_id":"107079","seq":"18","text":"But he loved everything way too much.","translate_comment":"","start":"90","dur":"4.78","is_scores":null,"created_at":"1496907084","updated_at":null},{"id":"21512319","caption_id":"107079","seq":"19","text":"He was too loud.  He was too wild.","translate_comment":"","start":"94.78","dur":"4.12","is_scores":null,"created_at":"1496907084","updated_at":null},{"id":"21512320","caption_id":"107079","seq":"20","text":"He was just too much shark for the other fish to handle.","translate_comment":"","start":"98.9","dur":"5.94","is_scores":null,"created_at":"1496907084","updated_at":null},{"id":"21512321","caption_id":"107079","seq":"21","text":"After a while, no one would play with Clark. No one ate lunch with Clark.","translate_comment":"","start":"104.84","dur":"4.26","is_scores":null,"created_at":"1496907084","updated_at":null},{"id":"21512322","caption_id":"107079","seq":"22","text":"No one sat with him at circle time. Even his best friend, Joey Mackerel, said,","translate_comment":"","start":"109.1","dur":"4.32","is_scores":null,"created_at":"1496907084","updated_at":null},{"id":"21512323","caption_id":"107079","seq":"23","text":"\u201cCool your jets, Clark! You\u2019re making me crazy!\u201d","translate_comment":"","start":"113.42","dur":"3.42","is_scores":null,"created_at":"1496907084","updated_at":null},{"id":"21512324","caption_id":"107079","seq":"24","text":"One day, Clark asked Mrs. Inkydink, \u201cWhat\u2019s wrong with everyone?\u201d","translate_comment":"\u6709\u4e00\u5929\uff0c\u514b\u62c9\u514b\u554f\u6bb7\u5947\u4e01\u514b\u5973\u58eb\u8aaa\uff1a\u300c\u5927\u5bb6\u90fd\u600e\u9ebc\u4e86?\u300d","start":"116.84","dur":"5.32","is_scores":null,"created_at":"1496907084","updated_at":null},{"id":"21512325","caption_id":"107079","seq":"25","text":"Mrs. Inkydink patted his fin.","translate_comment":"","start":"122.16","dur":"3.54","is_scores":null,"created_at":"1496907084","updated_at":null},{"id":"21512326","caption_id":"107079","seq":"26","text":"\u201cClark, sometimes you play too hard, you munch too hard, and \u2014gosh\u2014 you even help too hard.\u201d","translate_comment":"\u300c\u514b\u62c9\u514b\uff0c\u4f60\u6709\u7684\u6642\u5019\u73a9\u5f97\u592a\u7528\u529b\uff0c\u5403\u7684\u592a\u5927\u53e3\uff0c\u800c\u4e14\uff0c\u8001\u5929\u554a\uff01\u4f60\u751a\u81f3\u5e6b\u5fd9\u90fd\u5e6b\u5f97\u592a\u300e\u9bca\u300f\u4e86\u300d","start":"125.7","dur":"7.84","is_scores":null,"created_at":"1496907084","updated_at":null},{"id":"21512327","caption_id":"107079","seq":"27","text":"\u201cBut life is SO exciting!\u201d said Clark.","translate_comment":"","start":"133.54","dur":"4.02","is_scores":null,"created_at":"1496907084","updated_at":null},{"id":"21512328","caption_id":"107079","seq":"28","text":"\u201cThere\u2019s a time and a place for everything,\u201d said Mrs. Inkydink.","translate_comment":"","start":"137.56","dur":"3.68","is_scores":null,"created_at":"1496907084","updated_at":null},{"id":"21512329","caption_id":"107079","seq":"29","text":"\u201cAnd sometimes the rule is stay cool.\u201d","translate_comment":"","start":"141.24","dur":"4.86","is_scores":null,"created_at":"1496907084","updated_at":null},{"id":"21512330","caption_id":"107079","seq":"30","text":"At recess, Clark tried to stay cool, but he pushed the swing with too much zing!","translate_comment":"","start":"146.1","dur":"6.64","is_scores":null,"created_at":"1496907084","updated_at":null},{"id":"21512331","caption_id":"107079","seq":"31","text":"\u201cSorry,\u201d said Clark. \u201cI forgot.\u201d","translate_comment":"","start":"152.74","dur":"4.14","is_scores":null,"created_at":"1496907084","updated_at":null},{"id":"21512332","caption_id":"107079","seq":"32","text":"\u201cYikes!\u201d cried Joey Mackerel.","translate_comment":"","start":"156.88","dur":"2.86","is_scores":null,"created_at":"1496907084","updated_at":null},{"id":"21512333","caption_id":"107079","seq":"33","text":"At lunch, Clark tried to stay cool, but everything smelled so good that he munched a bunch of lunches.","translate_comment":"","start":"159.74","dur":"8.86","is_scores":null,"created_at":"1496907084","updated_at":null},{"id":"21512334","caption_id":"107079","seq":"34","text":"\u201cSorry,\u201d said Clark. \u201cI forgot.\u201d \u201cWe\u2019re STARVING!\u201d said his friends.","translate_comment":"","start":"168.6","dur":"6.6","is_scores":null,"created_at":"1496907084","updated_at":null},{"id":"21512335","caption_id":"107079","seq":"35","text":"In class, Clark tried to stay cool, but a good book got him all shook up.","translate_comment":"","start":"175.2","dur":"6.16","is_scores":null,"created_at":"1496907084","updated_at":null},{"id":"21512336","caption_id":"107079","seq":"36","text":"\u201cNow, Clark!\u201d said Mrs. Inkydink. \u201cThis isn\u2019t the time or the place. Tell me, what\u2019s the rule?\u201d","translate_comment":"","start":"181.36","dur":"6.96","is_scores":null,"created_at":"1496907084","updated_at":null},{"id":"21512337","caption_id":"107079","seq":"37","text":"\u201cStay cool,\u201d said Clark. \u201cHey, that rhymes!\u201d he cried.","translate_comment":"\"\u4fdd\u6301\u51b7\u975c\"\u514b\u62c9\u514b\u56de\u7b54\"\u563f,\u62bc\u97fb\u8036\"\u4ed6\u5927\u558a","start":"188.32","dur":"4.92","is_scores":null,"created_at":"1496907084","updated_at":null},{"id":"21512338","caption_id":"107079","seq":"38","text":"Then Clark got a big idea in his sharky head.","translate_comment":"\u7136\u5f8c\u514b\u62c9\u514b\u8d85\u300c\u9bca\u300d\u7684\u8166\u888b\u6709\u4e86\u500b\u4e3b\u610f","start":"193.24","dur":"3.4","is_scores":null,"created_at":"1496907084","updated_at":null},{"id":"21512339","caption_id":"107079","seq":"39","text":"Maybe if I make a rhyme, I\u2019ll remember every time! he thought.","translate_comment":"","start":"196.64","dur":"5.42","is_scores":null,"created_at":"1496907084","updated_at":null},{"id":"21512340","caption_id":"107079","seq":"40","text":"The next day, he put his plan to work.","translate_comment":"","start":"202.06","dur":"2.74","is_scores":null,"created_at":"1496907084","updated_at":null},{"id":"21512341","caption_id":"107079","seq":"41","text":"In class, when lessons got exciting, Clark wanted to bounce up out of his seat.","translate_comment":"","start":"204.8","dur":"4","is_scores":null,"created_at":"1496907084","updated_at":null},{"id":"21512342","caption_id":"107079","seq":"42","text":"Instead, he told himself: \u201cWhen teacher\u2019s talking, don\u2019t go walking.\u201d","translate_comment":"","start":"208.8","dur":"6.16","is_scores":null,"created_at":"1496907084","updated_at":null},{"id":"21512343","caption_id":"107079","seq":"43","text":"And what do you know? It worked!","translate_comment":"","start":"214.96","dur":"2.76","is_scores":null,"created_at":"1496907084","updated_at":null},{"id":"21512344","caption_id":"107079","seq":"44","text":"\u201cAttaboy, Clark!\u201d said Mrs. Inkydink. Clark smiled. \u201cLessons are fun!\u201d","translate_comment":"","start":"217.72","dur":"5.94","is_scores":null,"created_at":"1496907084","updated_at":null},{"id":"21512345","caption_id":"107079","seq":"45","text":"At lunch, everything smelled sooo yummy.","translate_comment":"","start":"223.66","dur":"3.6","is_scores":null,"created_at":"1496907084","updated_at":null},{"id":"21512346","caption_id":"107079","seq":"46","text":"When Clark wanted to eat and eat and never stop, he told himself: \u201cOnly munch your own lunch.\u201d","translate_comment":"","start":"227.26","dur":"6.36","is_scores":null,"created_at":"1496907084","updated_at":null},{"id":"21512347","caption_id":"107079","seq":"47","text":"And it worked again! \u201cWay to go, Clark!\u201d said his friends.","translate_comment":"\u9019\u6b21\u4e5f\u505a\u5230\u4e86!\"\u514b\u62c9\u514b,\u4f60\u592a\u68d2\u4e86\" \u4ed6\u7684\u670b\u53cb\u9f13\u52f5\u4ed6","start":"233.62","dur":"4.74","is_scores":null,"created_at":"1496907084","updated_at":null},{"id":"21512348","caption_id":"107079","seq":"48","text":"Clark grinned. \u201cLunch is fun.\u201d","translate_comment":"","start":"238.36","dur":"3.78","is_scores":null,"created_at":"1496907084","updated_at":null},{"id":"21512349","caption_id":"107079","seq":"49","text":"At playtime, Clark told himself: \u201cEasy does it, that\u2019s the way.","translate_comment":"","start":"242.14","dur":"4.4","is_scores":null,"created_at":"1496907084","updated_at":null},{"id":"21512350","caption_id":"107079","seq":"50","text":"\u201cThen my friends will let me play.\u201d","translate_comment":"","start":"246.54","dur":"2.58","is_scores":null,"created_at":"1496907084","updated_at":null},{"id":"21512351","caption_id":"107079","seq":"51","text":"And playtime was fun. Once more, Clark loved his life.","translate_comment":"","start":"249.12","dur":"7.32","is_scores":null,"created_at":"1496907084","updated_at":null},{"id":"21512352","caption_id":"107079","seq":"52","text":"But then a shadow fell across the playground\u2014","translate_comment":"","start":"256.44","dur":"5.04","is_scores":null,"created_at":"1496907084","updated_at":null},{"id":"21512353","caption_id":"107079","seq":"53","text":"a gi-normous shadow with tentacles galore.","translate_comment":"","start":"261.48","dur":"5.48","is_scores":null,"created_at":"1496907084","updated_at":null},{"id":"21512354","caption_id":"107079","seq":"54","text":"\u201cIt\u2019s a new kid, and he looks scary!\u201d cried Joey Mackerel. \u201cSwim for your lives!\u201d","translate_comment":"","start":"266.96","dur":"5.98","is_scores":null,"created_at":"1496907084","updated_at":null},{"id":"21512355","caption_id":"107079","seq":"55","text":"The squid squashed the slide, and it snapped off the swings.","translate_comment":"","start":"272.94","dur":"4.74","is_scores":null,"created_at":"1496907084","updated_at":null},{"id":"21512356","caption_id":"107079","seq":"56","text":"\u201cOops. My bad,\u201d said the new kid.","translate_comment":"","start":"277.68","dur":"3.86","is_scores":null,"created_at":"1496907084","updated_at":null},{"id":"21512357","caption_id":"107079","seq":"57","text":"\u201cWait,\u201d said Clark. \u201cHe just wants to play. Let\u2019s find a way!\u201d","translate_comment":"","start":"281.54","dur":"5.7","is_scores":null,"created_at":"1496907084","updated_at":null},{"id":"21512358","caption_id":"107079","seq":"58","text":"And he swam at the new kid with all his might.","translate_comment":"","start":"287.24","dur":"2.36","is_scores":null,"created_at":"1496907084","updated_at":null},{"id":"21512359","caption_id":"107079","seq":"59","text":"Clark played harder than he ever had before\u2014  upsy-downsy and spinna-ma-jig.","translate_comment":"","start":"289.6","dur":"5.66","is_scores":null,"created_at":"1496907084","updated_at":null},{"id":"21512360","caption_id":"107079","seq":"60","text":"Why, he even made up a new game: tail-whump-a-lumpus!","translate_comment":"","start":"295.26","dur":"4.78","is_scores":null,"created_at":"1496907084","updated_at":null},{"id":"21512361","caption_id":"107079","seq":"61","text":"\u201cWow, that was fun,\u201d said the new kid breathlessly, and he settled down.","translate_comment":"","start":"300.04","dur":"5.44","is_scores":null,"created_at":"1496907084","updated_at":null},{"id":"21512362","caption_id":"107079","seq":"62","text":"\u201cIf you want to come to school, you\u2019ve got to stay cool,\u201d said Clark.","translate_comment":"","start":"305.48","dur":"5.3","is_scores":null,"created_at":"1496907084","updated_at":null},{"id":"21512363","caption_id":"107079","seq":"63","text":"\u201cThat\u2019s right, Clark,\u201d said Mrs. Inkydink.","translate_comment":"","start":"310.78","dur":"2.5","is_scores":null,"created_at":"1496907084","updated_at":null},{"id":"21512364","caption_id":"107079","seq":"64","text":"\u201cAnd thanks for taking care of our new classmate, Sid the Squid.\u201d","translate_comment":"","start":"313.28","dur":"4.88","is_scores":null,"created_at":"1496907084","updated_at":null},{"id":"21512365","caption_id":"107079","seq":"65","text":"\u201cHooray for Clark the Shark!\u201d everyone cheered.","translate_comment":"","start":"318.16","dur":"5.2","is_scores":null,"created_at":"1496907084","updated_at":null},{"id":"21512366","caption_id":"107079","seq":"66","text":"That night Clark\u2019s mother asked, \u201cWhat did you learn at school, dear?\u201d","translate_comment":"","start":"323.36","dur":"5.94","is_scores":null,"created_at":"1496907084","updated_at":null},{"id":"21512367","caption_id":"107079","seq":"67","text":"\u201cThere\u2019s a time and a place for everything,\u201d Clark said.","translate_comment":"","start":"329.3","dur":"4.18","is_scores":null,"created_at":"1496907084","updated_at":null},{"id":"21512368","caption_id":"107079","seq":"68","text":"\u201cSometimes you stay cool.\u201d","translate_comment":"","start":"333.48","dur":"3.8","is_scores":null,"created_at":"1496907084","updated_at":null},{"id":"21512369","caption_id":"107079","seq":"69","text":"\u201cBut sometimes a shark\u2019s gotta do what a shark\u2019s gotta do.\u201d","translate_comment":"\u300c\u6709\u6642\u5019\u8eab\u70ba\u4e00\u96bb\u9bca\u9b5a\u5c31\u5f97\u505a\u8d85\u300e\u9bca\u300f\u7684\u4e8b\u5566\u3002\u300d","start":"337.28","dur":"5.72","is_scores":null,"created_at":"1496907084","updated_at":null},{"id":"21512370","caption_id":"107079","seq":"70","text":"The end.","translate_comment":"","start":"343","dur":"1.94","is_scores":null,"created_at":"1496907084","updated_at":null},{"id":"21512371","caption_id":"107079","seq":"71","text":"That was Clark the Shark everybody.","translate_comment":"","start":"344.94","dur":"2.64","is_scores":null,"created_at":"1496907084","updated_at":null},{"id":"21512372","caption_id":"107079","seq":"72","text":"I think it speaks to all of us.","translate_comment":"","start":"347.58","dur":"1.56","is_scores":null,"created_at":"1496907084","updated_at":null},{"id":"21512373","caption_id":"107079","seq":"73","text":"It talks about how we all want to do what we want to do , right?","translate_comment":"","start":"349.14","dur":"4.02","is_scores":null,"created_at":"1496907084","updated_at":null},{"id":"21512374","caption_id":"107079","seq":"74","text":"We want to be ourselves.","translate_comment":"","start":"353.16","dur":"2.12","is_scores":null,"created_at":"1496907084","updated_at":null},{"id":"21512375","caption_id":"107079","seq":"75","text":"and we want to yell when we want to yell and play and laugh and have a good time.","translate_comment":"","start":"355.28","dur":"4.38","is_scores":null,"created_at":"1496907084","updated_at":null},{"id":"21512376","caption_id":"107079","seq":"76","text":"But as Mrs. Inkydink said, there's a time and a place for everything.","translate_comment":"","start":"359.66","dur":"3.24","is_scores":null,"created_at":"1496907084","updated_at":null},{"id":"21512377","caption_id":"107079","seq":"77","text":"And there is a time and a place to be considerate of other people's feelings.","translate_comment":"","start":"362.9","dur":"3.88","is_scores":null,"created_at":"1496907084","updated_at":null},{"id":"21512378","caption_id":"107079","seq":"78","text":"I think the lesson is: Be considerate.","translate_comment":"","start":"366.78","dur":"3.42","is_scores":null,"created_at":"1496907084","updated_at":null},{"id":"21512379","caption_id":"107079","seq":"79","text":"Thank you so much for watching Storyline Online.","translate_comment":"","start":"370.1","dur":"2.76","is_scores":null,"created_at":"1496907084","updated_at":null},{"id":"21512380","caption_id":"107079","seq":"80","text":"Make sure to check out all of the other stories.","translate_comment":"","start":"372.86","dur":"1.82","is_scores":null,"created_at":"1496907084","updated_at":null},{"id":"21512381","caption_id":"107079","seq":"81","text":"Keep watching and keep reading.","translate_comment":"","start":"374.68","dur":"3.02","is_scores":null,"created_at":"1496907084","updated_at":null}],"zh-Hant":[{"id":"22017005","caption_id":"108503","seq":"1","text":"\u5927\u5bb6\u597d\uff0c\u6b61\u8fce\u4f86\u5230\u6545\u4e8b\u7dda\u4e0a","translate_comment":"","start":"2.48","dur":"3.56","is_scores":null,"created_at":"1499419510","updated_at":null},{"id":"22017006","caption_id":"108503","seq":"2","text":"\u9019\u662f\u7531SAG-AFTRA\u57fa\u91d1\u6703\u88fd\u4f5c\u7684\u7bc0\u76ee","translate_comment":"","start":"6.04","dur":"2.34","is_scores":null,"created_at":"1499419510","updated_at":null},{"id":"22017007","caption_id":"108503","seq":"3","text":"\u6211\u662f\u514b\u91cc\u65af\u6f58\u6069","translate_comment":"","start":"8.38","dur":"2.12","is_scores":null,"created_at":"1499419510","updated_at":null},{"id":"22017008","caption_id":"108503","seq":"4","text":"\u4eca\u5929\u6211\u5011\u8981\u8b80\u7684\u6545\u4e8b\u662f\u514b\u62c9\u514b\u9bca\u9b5a","translate_comment":"","start":"10.5","dur":"6.86","is_scores":null,"created_at":"1499419510","updated_at":null},{"id":"22017009","caption_id":"108503","seq":"5","text":"\u7531\u5e03\u9b6f\u65af\u6d77\u723e\u5275\u4f5c\uff0c\u6cd5\u862d\u897f\u65af\u7684\u63d2\u756b","translate_comment":"","start":"17.36","dur":"6.08","is_scores":null,"created_at":"1499419510","updated_at":null},{"id":"22017010","caption_id":"108503","seq":"6","text":"\u5728\u6240\u6709\u5ee3\u5927\u7121\u57a0\u7684\u85cd\u8272\u6d77\u6d0b\u4e16\u754c\u4e2d","translate_comment":"","start":"23.44","dur":"6.44","is_scores":null,"created_at":"1499419510","updated_at":null},{"id":"22017011","caption_id":"108503","seq":"7","text":"\u6700\u68d2\u7684\u9b5a\u5b78\u6821\u5c31\u662fTheodore Roosterfish\u5c0f\u5b78\u4e86","translate_comment":"","start":"29.88","dur":"7.12","is_scores":null,"created_at":"1499419510","updated_at":null},{"id":"22017012","caption_id":"108503","seq":"8","text":"\u800c\u5728Theodore Roosterfish\u5c0f\u5b78\u4e0a\u5b78\u7684\u9b5a\u5152\u7576\u4e2d,\u6700\u5927\u6700\u5f37\u58ef\u7684\u5c31\u662f\u9bca\u9b5a\u514b\u62c9\u514b\u4e86","translate_comment":"","start":"37","dur":"9.34","is_scores":null,"created_at":"1499419510","updated_at":null},{"id":"22017013","caption_id":"108503","seq":"9","text":"\u514b\u62c9\u514b\u8d85\u611b\u4e0a\u5b78\u7684\uff0c\u800c\u4e14\u4ed6\u4e5f\u8d85\u611b\u4ed6\u7684\u8001\u5e2b\u6bb7\u5947\u4e01\u514b\u5973\u58eb","translate_comment":"","start":"46.34","dur":"6.34","is_scores":null,"created_at":"1499419510","updated_at":null},{"id":"22017014","caption_id":"108503","seq":"10","text":"\u4ed6\u8d85\u611b\u548c\u670b\u53cb\u4e00\u8d77\u73a9upsy-downsy \u548c spinna-ma-jig\uff0c\u514b\u62c9\u514b\u71b1\u611b\u4ed6\u7684\u751f\u6d3b","translate_comment":"","start":"52.68","dur":"8.38","is_scores":null,"created_at":"1499419510","updated_at":null},{"id":"22017015","caption_id":"108503","seq":"11","text":"\u300c\u5b78\u6821\u771f\u662f\u592a\u68d2\u4e86\uff01\u300d\u9bca\u9b5a\u514b\u62c9\u514b\u5927\u558a\u8457","translate_comment":"","start":"61.06","dur":"4.36","is_scores":null,"created_at":"1499419510","updated_at":null},{"id":"22017016","caption_id":"108503","seq":"12","text":"\u300c\u5c11\u9ede\u53eb\u558a\uff0c\u591a\u9ede\u95b1\u8b80\u300d \u6bb7\u5947\u4e01\u514b\u5973\u58eb\u8aaa","translate_comment":"","start":"65.42","dur":"4.48","is_scores":null,"created_at":"1499419510","updated_at":null},{"id":"22017017","caption_id":"108503","seq":"13","text":"\u300c\u5348\u9910\u6642\u9593\u771f\u662f\u592a\u68d2\u4e86\uff01\u300d\u9bca\u9b5a\u514b\u62c9\u514b\u5927\u53eb","translate_comment":"","start":"69.9","dur":"4.14","is_scores":null,"created_at":"1499419510","updated_at":null},{"id":"22017018","caption_id":"108503","seq":"14","text":"\u300c\u597d\u597d\u5403\u4f60\u7684\u5348\u9910\u5566\uff0c\u300d\u4ed6\u6700\u597d\u7684\u670b\u53cb\u55ac\u4f0a\u5c0d\u4ed6\u8aaa.","translate_comment":"","start":"74.04","dur":"3.48","is_scores":null,"created_at":"1499419510","updated_at":null},{"id":"22017019","caption_id":"108503","seq":"15","text":"\u300c\u4e0b\u8ab2\u4f11\u606f\u8b9a\u5566\uff01\u300d\u9bca\u9b5a\u514b\u62c9\u514b\u5927\u8072\u53eb\u9053","translate_comment":"","start":"77.52","dur":"3.76","is_scores":null,"created_at":"1499419510","updated_at":null},{"id":"22017020","caption_id":"108503","seq":"16","text":"\u300c\u4f60\u592a\u7c97\u9b6f\u4e86\u5566\uff0c\u514b\u62c9\u514b\uff01\u300d\u5176\u4ed6\u5c0f\u5b69\u54ed\u8457\u8aaa","translate_comment":"","start":"81.28","dur":"3.44","is_scores":null,"created_at":"1499419510","updated_at":null},{"id":"22017021","caption_id":"108503","seq":"17","text":"\u662f\u7684\uff0c\u514b\u62c9\u514b\u7528\u76e1\u4ed6\u7684\u9bca\u5fc3\u611b\u8457\u4ed6\u7684\u751f\u6d3b","translate_comment":"\u662f\u7684\uff0c\u514b\u62c9\u514b\u7528\u76e1\u5b83\u7684\u9bca\u5fc3\u611b\u8457\u4ed6\u7684\u751f\u6d3b","start":"84.72","dur":"5.28","is_scores":null,"created_at":"1499419510","updated_at":null},{"id":"22017022","caption_id":"108503","seq":"18","text":"\u53ef\u662f\u4ed6\u611b\u5f97\u592a\u6fc0\u52d5\u4e86","translate_comment":"","start":"90","dur":"4.78","is_scores":null,"created_at":"1499419510","updated_at":null},{"id":"22017023","caption_id":"108503","seq":"19","text":"\u4ed6\u592a\u5927\u8072\uff0c\u4e5f\u592a\u91ce\u4e86","translate_comment":"","start":"94.78","dur":"4.12","is_scores":null,"created_at":"1499419510","updated_at":null},{"id":"22017024","caption_id":"108503","seq":"20","text":"\u4ed6\u5be6\u5728\u662f\u592a\u300c\u9bca\u300d\u4e86,\u6240\u4ee5\u5176\u4ed6\u5c0f\u9b5a\u5011\u90fd\u6709\u9ede\u53d7\u4e0d\u4e86","translate_comment":"","start":"98.9","dur":"5.94","is_scores":null,"created_at":"1499419510","updated_at":null},{"id":"22017025","caption_id":"108503","seq":"21","text":"\u904e\u4e86\u4e00\u9663\u5b50\uff0c\u6c92\u6709\u4eba\u9858\u610f\u518d\u548c\u514b\u62c9\u514b\u4e00\u8d77\u73a9\u4e86\uff0c\u6c92\u6709\u4eba\u8981\u548c\u514b\u62c9\u514b\u4e00\u8d77\u5403\u5348\u9910\u4e86","translate_comment":"","start":"104.84","dur":"4.26","is_scores":null,"created_at":"1499419510","updated_at":null},{"id":"22017026","caption_id":"108503","seq":"22","text":"\u6c92\u6709\u4eba\u8981\u5728\u8ab2\u5802\u4e0a\u5750\u4ed6\u65c1\u908a\uff0c\u9023\u4ed6\u6700\u597d\u7684\u670b\u53cb\u55ac\u4f0a\u90fd\u8aaa","translate_comment":"","start":"109.1","dur":"4.32","is_scores":null,"created_at":"1499419510","updated_at":null},{"id":"22017027","caption_id":"108503","seq":"23","text":"\u300c\u51b7\u975c\u4e00\u9ede\uff0c\u514b\u62c9\u514b\uff01\u4f60\u5feb\u8b93\u6211\u6293\u72c2\u4e86\u5566\uff01\u300d","translate_comment":"","start":"113.42","dur":"3.42","is_scores":null,"created_at":"1499419510","updated_at":null},{"id":"22017028","caption_id":"108503","seq":"24","text":"\u6709\u4e00\u5929\uff0c\u514b\u62c9\u514b\u554f\u6bb7\u5947\u4e01\u514b\u5973\u58eb\u8aaa\uff1a\u300c\u5927\u5bb6\u90fd\u600e\u9ebc\u4e86?\u300d","translate_comment":"\u6709\u4e00\u5929\uff0c\u514b\u62c9\u514b\u554f\u6bb7\u5947\u4e01\u514b\u5973\u58eb\u8aaa\uff1a\u300c\u5927\u5bb6\u90fd\u600e\u9ebc\u4e86?\u300d","start":"116.84","dur":"5.32","is_scores":null,"created_at":"1499419510","updated_at":null},{"id":"22017029","caption_id":"108503","seq":"25","text":"\u6bb7\u5947\u4e01\u514b\u5973\u58eb\u62cd\u62cd\u4ed6\u7684\u9c2d\u8aaa","translate_comment":"","start":"122.16","dur":"3.54","is_scores":null,"created_at":"1499419510","updated_at":null},{"id":"22017030","caption_id":"108503","seq":"26","text":"\u300c\u514b\u62c9\u514b\uff0c\u4f60\u6709\u7684\u6642\u5019\u73a9\u5f97\u592a\u7528\u529b\uff0c\u5403\u7684\u592a\u5927\u53e3\uff0c\u800c\u4e14\uff0c\u8001\u5929\u554a\uff01\u4f60\u751a\u81f3\u5e6b\u5fd9\u90fd\u5e6b\u5f97\u592a\u300e\u9bca\u300f\u4e86","translate_comment":"\u300c\u514b\u62c9\u514b\uff0c\u4f60\u6709\u7684\u6642\u5019\u73a9\u5f97\u592a\u7528\u529b\uff0c\u5403\u7684\u592a\u5927\u53e3\uff0c\u800c\u4e14\uff0c\u8001\u5929\u554a\uff01\u4f60\u751a\u81f3\u5e6b\u5fd9\u90fd\u5e6b\u5f97\u592a\u300e\u9bca\u300f\u4e86\u300d","start":"125.7","dur":"7.84","is_scores":null,"created_at":"1499419510","updated_at":null},{"id":"22017031","caption_id":"108503","seq":"27","text":"\u300c\u53ef\u662f\uff0c\u751f\u6d3b\u662f\u9019\u9ebc\u7684\u4ee4\u4eba\u8208\u596e\u554a\u3002\u300d\u514b\u62c9\u514b\u8aaa","translate_comment":"","start":"133.54","dur":"4.02","is_scores":null,"created_at":"1499419510","updated_at":null},{"id":"22017032","caption_id":"108503","seq":"28","text":"\u300c\u505a\u4e8b\u60c5\u8981\u770b\u6642\u9593\u548c\u5730\u9ede\u3002\u300d \u6bb7\u5947\u4e01\u514b\u5973\u58eb\u544a\u8a34\u4ed6","translate_comment":"","start":"137.56","dur":"3.68","is_scores":null,"created_at":"1499419510","updated_at":null},{"id":"22017033","caption_id":"108503","seq":"29","text":"\u300c\u6709\u7684\u6642\u5019\u4f60\u5fc5\u9808\u8981\u4fdd\u6301\u51b7\u975c\u300d","translate_comment":"","start":"141.24","dur":"4.86","is_scores":null,"created_at":"1499419510","updated_at":null},{"id":"22017034","caption_id":"108503","seq":"30","text":"\u4e0b\u8ab2\u7684\u6642\u5019\uff0c\u514b\u62c9\u514b\u8a66\u8457\u8981\u51b7\u975c\uff0c\u4f46\u662f\u4ed6\u63a8\u76ea\u97a6\u97c6\u53c8\u63a8\u5f97\u592a\u5927\u529b\u4e86","translate_comment":"","start":"146.1","dur":"6.64","is_scores":null,"created_at":"1499419510","updated_at":null},{"id":"22017035","caption_id":"108503","seq":"31","text":"\u300c\u5c0d\u4e0d\u8d77\u300d\uff0c\u514b\u62c9\u514b\u8aaa\uff1a\u300c\u6211\u53c8\u5fd8\u4e86\u3002\u300d","translate_comment":"","start":"152.74","dur":"4.14","is_scores":null,"created_at":"1499419510","updated_at":null},{"id":"22017036","caption_id":"108503","seq":"32","text":"\u300c\u8a0e\u53ad\u5566\uff01\u300d\u55ac\u4f0a\u54ed\u8457\u8aaa","translate_comment":"","start":"156.88","dur":"2.86","is_scores":null,"created_at":"1499419510","updated_at":null},{"id":"22017037","caption_id":"108503","seq":"33","text":"\u5348\u9910\u7684\u6642\u5019\uff0c\u514b\u62c9\u514b\u8a66\u8457\u8981\u51b7\u975c\uff0c\u4f46\u662f\u98df\u7269\u771f\u662f\u592a\u9999\u4e86\uff0c\u4ed6\u5927\u5927\u7684\u5403\u4e86\u8d85\u5927\u4e00\u53e3","translate_comment":"","start":"159.74","dur":"8.86","is_scores":null,"created_at":"1499419510","updated_at":null},{"id":"22017038","caption_id":"108503","seq":"34","text":"\u300c\u5c0d\u4e0d\u8d77\u300d\uff0c\u514b\u62c9\u514b\u8aaa\uff1a\u300c\u6211\u5fd8\u4e86\u300d\u3002\u300c\u6211\u5011\u8981\u9913\u6b7b\u4e86\u5566\uff01\u300d\u4ed6\u7684\u670b\u53cb\u5011\u90fd\u6297\u8b70\u4e86","translate_comment":"","start":"168.6","dur":"6.6","is_scores":null,"created_at":"1499419510","updated_at":null},{"id":"22017039","caption_id":"108503","seq":"35","text":"\u4e0a\u8ab2\u7684\u6642\u5019\uff0c\u514b\u62c9\u514b\u8a66\u8457\u8981\u51b7\u975c\uff0c\u4f46\u662f\uff0c\u4e00\u672c\u6709\u8da3\u7684\u66f8\u53c8\u8b93\u4ed6\u8208\u596e\u8d77\u4f86","translate_comment":"","start":"175.2","dur":"6.16","is_scores":null,"created_at":"1499419510","updated_at":null},{"id":"22017040","caption_id":"108503","seq":"36","text":"\u300c\u514b\u62c9\u514b\uff01\u300d \u6bb7\u5947\u4e01\u514b\u5973\u58eb\u8aaa\uff1a\u300c\u4f60\u9019\u6a23\u505a\u662f\u4e0d\u597d\u7684\uff0c\u544a\u8a34\u6211\uff0c\u73fe\u5728\u8981\u4ec0\u9ebc\u975c\uff1f\u300d","translate_comment":"","start":"181.36","dur":"6.96","is_scores":null,"created_at":"1499419510","updated_at":null},{"id":"22017041","caption_id":"108503","seq":"37","text":"\u300c\u4fdd\u6301\u51b7\u975c\u300d\u514b\u62c9\u514b\u56de\u7b54\u3002\u300c\u563f\uff0c\u62bc\u97fb\u8036\u300d\u4ed6\u5927\u558a","translate_comment":"\"\u4fdd\u6301\u51b7\u975c\"\u514b\u62c9\u514b\u56de\u7b54\"\u563f,\u62bc\u97fb\u8036\"\u4ed6\u5927\u558a","start":"188.32","dur":"4.92","is_scores":null,"created_at":"1499419510","updated_at":null},{"id":"22017042","caption_id":"108503","seq":"38","text":"\u7136\u5f8c\u514b\u62c9\u514b\u8d85\u300e\u9bca\u300f\u7684\u8166\u888b\u6709\u4e86\u500b\u4e3b\u610f","translate_comment":"\u7136\u5f8c\u514b\u62c9\u514b\u8d85\u300c\u9bca\u300d\u7684\u8166\u888b\u6709\u4e86\u500b\u4e3b\u610f","start":"193.24","dur":"3.4","is_scores":null,"created_at":"1499419510","updated_at":null},{"id":"22017043","caption_id":"108503","seq":"39","text":"\u5982\u679c\u6211\u628a\u898f\u5b9a\u7de8\u6210\u8a69\uff0c\u4e5f\u8a31\u5c31\u4e0d\u6703\u518d\u72af\u932f\u4e86","translate_comment":"","start":"196.64","dur":"5.42","is_scores":null,"created_at":"1499419510","updated_at":null},{"id":"22017044","caption_id":"108503","seq":"40","text":"\u7b2c\u4e8c\u5929\uff0c\u4ed6\u5c31\u958b\u59cb\u57f7\u884c\u9019\u500b\u8a08\u756b\u4e86","translate_comment":"","start":"202.06","dur":"2.74","is_scores":null,"created_at":"1499419510","updated_at":null},{"id":"22017045","caption_id":"108503","seq":"41","text":"\u4e0a\u8ab2\u6642\uff0c\u7576\u8ab2\u7a0b\u8b8a\u5f97\u8d85\u6709\u8da3\u7684\u6642\u5019\uff0c\u514b\u62c9\u514b\u53c8\u60f3\u8981\u5f9e\u6905\u5b50\u4e0a\u8df3\u8d77\u4f86\u4e86","translate_comment":"","start":"204.8","dur":"4","is_scores":null,"created_at":"1499419510","updated_at":null},{"id":"22017046","caption_id":"108503","seq":"42","text":"\u4f46\u662f\uff0c\u4ed6\u544a\u8a34\u81ea\u5df1\uff1a\u300c\u8001\u5e2b\u5728\u8aaa\u8a71\uff0c\u6211\u5c31\u4e0d\u80fd\u6643\u300d","translate_comment":"","start":"208.8","dur":"6.16","is_scores":null,"created_at":"1499419510","updated_at":null},{"id":"22017047","caption_id":"108503","seq":"43","text":"\u4f60\u77e5\u9053\u55ce\uff0c\u9019\u6a23\u771f\u7684\u6709\u6548\u8036","translate_comment":"","start":"214.96","dur":"2.76","is_scores":null,"created_at":"1499419510","updated_at":null},{"id":"22017048","caption_id":"108503","seq":"44","text":"\u300c\u514b\u62c9\u514b\uff0c\u505a\u5f97\u597d\uff01\u300d \u6bb7\u5947\u4e01\u514b\u5973\u58eb\u8b9a\u7f8e\u4e86\u4ed6\uff0c\u514b\u62c9\u514b\u7b11\u4e86\uff1a\u300c\u4e0a\u8ab2\u771f\u6709\u8da3\uff01\u300d","translate_comment":"","start":"217.72","dur":"5.94","is_scores":null,"created_at":"1499419510","updated_at":null},{"id":"22017049","caption_id":"108503","seq":"45","text":"\u5348\u9910\u6642\uff0c\u6bcf\u6a23\u98df\u7269\u90fd\u8d85\u9999\u7684","translate_comment":"","start":"223.66","dur":"3.6","is_scores":null,"created_at":"1499419510","updated_at":null},{"id":"22017050","caption_id":"108503","seq":"46","text":"\u7576\u514b\u62c9\u514b\u60f3\u8981\u5927\u5403\u7279\u5403\u6642\uff0c\u4ed6\u544a\u8a34\u81ea\u5df1\uff1a\u300c\u770b\u7897\u88e1\u5403\u7897\u88e1\u300d","translate_comment":"","start":"227.26","dur":"6.36","is_scores":null,"created_at":"1499419510","updated_at":null},{"id":"22017051","caption_id":"108503","seq":"47","text":"\u9019\u6b21\u4e5f\u505a\u5230\u4e86\uff01\u300c\u514b\u62c9\u514b\uff0c\u4f60\u592a\u68d2\u4e86\u300d\u4ed6\u7684\u670b\u53cb\u9f13\u52f5\u4ed6","translate_comment":"\u9019\u6b21\u4e5f\u505a\u5230\u4e86!\"\u514b\u62c9\u514b,\u4f60\u592a\u68d2\u4e86\" \u4ed6\u7684\u670b\u53cb\u9f13\u52f5\u4ed6","start":"233.62","dur":"4.74","is_scores":null,"created_at":"1499419510","updated_at":null},{"id":"22017052","caption_id":"108503","seq":"48","text":"\u514b\u62c9\u514b\u5403\u5403\u7684\u7b11\u4e86\uff0c\u300c\u5348\u9910\u771f\u6709\u8da3\u3002\u300d","translate_comment":"","start":"238.36","dur":"3.78","is_scores":null,"created_at":"1499419510","updated_at":null},{"id":"22017053","caption_id":"108503","seq":"49","text":"\u5230\u4e86\u904a\u6232\u6642\u9593\uff0c\u514b\u62c9\u514b\u544a\u8a34\u81ea\u5df1\uff1a\u300c\u8f15\u8f15\u73a9\uff0c\u624d\u597d\u73a9\u3002\u300d","translate_comment":"","start":"242.14","dur":"4.4","is_scores":null,"created_at":"1499419510","updated_at":null},{"id":"22017054","caption_id":"108503","seq":"50","text":"\u300c\u670b\u53cb\u5011\uff0c\u4e00\u8d77\u8ddf\u6211\u73a9\u3002\u300d","translate_comment":"","start":"246.54","dur":"2.58","is_scores":null,"created_at":"1499419510","updated_at":null},{"id":"22017055","caption_id":"108503","seq":"51","text":"\u904a\u6232\u6642\u9593\u4e5f\u8b8a\u5f97\u6709\u8da3\u4e86\uff0c\u514b\u62c9\u514b\u53c8\u91cd\u65b0\u611b\u4e0a\u4e86\u4ed6\u7684\u751f\u6d3b","translate_comment":"","start":"249.12","dur":"7.32","is_scores":null,"created_at":"1499419510","updated_at":null},{"id":"22017056","caption_id":"108503","seq":"52","text":"\u4f46\u662f\uff0c\u4e00\u9053\u9670\u5f71\u7c60\u7f69\u4e86\u64cd\u5834","translate_comment":"","start":"256.44","dur":"5.04","is_scores":null,"created_at":"1499419510","updated_at":null},{"id":"22017057","caption_id":"108503","seq":"53","text":"\u4e00\u500b\u8d85\u5927\uff0c\u6709\u597d\u591a\u89f8\u624b\u7684\u9670\u5f71","translate_comment":"","start":"261.48","dur":"5.48","is_scores":null,"created_at":"1499419510","updated_at":null},{"id":"22017058","caption_id":"108503","seq":"54","text":"\u300c\u9019\u662f\u65b0\u4f86\u7684\u540c\u5b78\uff0c\u4ed6\u770b\u8d77\u4f86\u597d\u53ef\u6015\uff01\u300d\u55ac\u4f0a\u54ed\u53eb\u8457\uff1a\u300c\u5feb\u9003\u547d\u554a\uff01\u300d","translate_comment":"","start":"266.96","dur":"5.98","is_scores":null,"created_at":"1499419510","updated_at":null},{"id":"22017059","caption_id":"108503","seq":"55","text":"\u65b0\u4f86\u7684\u5927\u7ae0\u9b5a\u58d3\u6241\u4e86\u6e9c\u6ed1\u68af\uff0c\u53c8\u6298\u65b7\u4e86\u97a6\u97c6","translate_comment":"","start":"272.94","dur":"4.74","is_scores":null,"created_at":"1499419510","updated_at":null},{"id":"22017060","caption_id":"108503","seq":"56","text":"\u300c\u7cdf\u7cd5\uff0c\u5c0d\u4e0d\u8d77\u3002\u300d\u65b0\u540c\u5b78\u8aaa","translate_comment":"","start":"277.68","dur":"3.86","is_scores":null,"created_at":"1499419510","updated_at":null},{"id":"22017061","caption_id":"108503","seq":"57","text":"\u300c\u7b49\u7b49\u300d\u514b\u62c9\u514b\u8aaa\u300c\u4ed6\u53ea\u662f\u60f3\u8981\u8ddf\u6211\u5011\u4e00\u8d77\u73a9\uff0c\u8b93\u6211\u5011\u4f86\u5e6b\u5e6b\u4ed6\u300d","translate_comment":"","start":"281.54","dur":"5.7","is_scores":null,"created_at":"1499419510","updated_at":null},{"id":"22017062","caption_id":"108503","seq":"58","text":"\u4ed6\u60f3\u76e1\u5404\u7a2e\u8fa6\u6cd5\u5e6b\u52a9\u65b0\u540c\u5b78","translate_comment":"","start":"287.24","dur":"2.36","is_scores":null,"created_at":"1499419510","updated_at":null},{"id":"22017063","caption_id":"108503","seq":"59","text":"\u514b\u62c9\u514b\u73a9 upsy-downsy and spinna-ma-jig\u73a9\u5f97\u6bd4\u4ee5\u524d\u66f4\u52aa\u529b\u4e86","translate_comment":"","start":"289.6","dur":"5.66","is_scores":null,"created_at":"1499419510","updated_at":null},{"id":"22017064","caption_id":"108503","seq":"60","text":"\u4ed6\u751a\u81f3\u767c\u660e\u4e86\u4e00\u500b\u65b0\u7684\u904a\u6232\u53ebtail-whump-a-lumpus!","translate_comment":"","start":"295.26","dur":"4.78","is_scores":null,"created_at":"1499419510","updated_at":null},{"id":"22017065","caption_id":"108503","seq":"61","text":"\u300c\u54c7\uff0c\u9019\u771f\u662f\u6709\u8da3\u3002\u300d\u65b0\u4f86\u7684\u540c\u5b78\u9a5a\u5606\u9053\uff0c\u7136\u5f8c\u5b89\u975c\u4e86\u4e0b\u4f86","translate_comment":"","start":"300.04","dur":"5.44","is_scores":null,"created_at":"1499419510","updated_at":null},{"id":"22017066","caption_id":"108503","seq":"62","text":"\u300c\u5982\u679c\u4f60\u60f3\u8981\u4f86\u4e0a\u5b78\uff0c\u4f60\u5c31\u8981\u51b7\u975c\u300d\u514b\u62c9\u514b\u8aaa","translate_comment":"","start":"305.48","dur":"5.3","is_scores":null,"created_at":"1499419510","updated_at":null},{"id":"22017067","caption_id":"108503","seq":"63","text":"\u300c\u8aaa\u5c0d\u4e86\uff0c\u514b\u62c9\u514b\u300d\u6bb7\u5947\u4e01\u514b\u5973\u58eb\u8aaa","translate_comment":"","start":"310.78","dur":"2.5","is_scores":null,"created_at":"1499419510","updated_at":null},{"id":"22017068","caption_id":"108503","seq":"64","text":"\u300c\u8b1d\u8b1d\u4f60\u7167\u9867\u65b0\u4f86\u7684\u540c\u5b78\uff0c\u4ed6\u53eb\u7ae0\u9b5a\u5e2d\u5fb7\u300d","translate_comment":"","start":"313.28","dur":"4.88","is_scores":null,"created_at":"1499419510","updated_at":null},{"id":"22017069","caption_id":"108503","seq":"65","text":"\u300c\u9bca\u9b5a\u514b\u62c9\u514b\u842c\u6b72\uff01\u300d\u5927\u5bb6\u90fd\u6b61\u547c\u4e86\u8d77\u4f86","translate_comment":"","start":"318.16","dur":"5.2","is_scores":null,"created_at":"1499419510","updated_at":null},{"id":"22017070","caption_id":"108503","seq":"66","text":"\u665a\u4e0a\uff0c\u514b\u62c9\u514b\u7684\u5abd\u5abd\u554f\u4ed6\uff1a\u300c\u5bf6\u8c9d,\u5728\u5b78\u6821\u90fd\u5b78\u4e86\u4ec0\u9ebc\u554a\uff1f\u300d","translate_comment":"","start":"323.36","dur":"5.94","is_scores":null,"created_at":"1499419510","updated_at":null},{"id":"22017071","caption_id":"108503","seq":"67","text":"\u300c\u505a\u4e8b\u60c5\u8981\u770b\u6642\u9593\u548c\u5730\u9ede\uff0c\u300d\u514b\u62c9\u514b\u56de\u7b54","translate_comment":"","start":"329.3","dur":"4.18","is_scores":null,"created_at":"1499419510","updated_at":null},{"id":"22017072","caption_id":"108503","seq":"68","text":"\u300c\u6709\u6642\u5019\u8981\u51b7\u975c\u300d","translate_comment":"","start":"333.48","dur":"3.8","is_scores":null,"created_at":"1499419510","updated_at":null},{"id":"22017073","caption_id":"108503","seq":"69","text":"\u300c\u6709\u6642\u5019\u8eab\u70ba\u4e00\u96bb\u9bca\u9b5a\u5c31\u5f97\u505a\u8d85\u300e\u9bca\u300f\u7684\u4e8b\u5566\u3002\u300d","translate_comment":"\u300c\u6709\u6642\u5019\u8eab\u70ba\u4e00\u96bb\u9bca\u9b5a\u5c31\u5f97\u505a\u8d85\u300e\u9bca\u300f\u7684\u4e8b\u5566\u3002\u300d","start":"337.28","dur":"5.72","is_scores":null,"created_at":"1499419510","updated_at":null},{"id":"22017074","caption_id":"108503","seq":"70","text":"\u7d50\u675f","translate_comment":"","start":"343","dur":"1.94","is_scores":null,"created_at":"1499419510","updated_at":null},{"id":"22017075","caption_id":"108503","seq":"71","text":"\u9019\u5c31\u662f\u9bca\u9b5a\u514b\u62c9\u514b\u7684\u6545\u4e8b","translate_comment":"","start":"344.94","dur":"2.64","is_scores":null,"created_at":"1499419510","updated_at":null},{"id":"22017076","caption_id":"108503","seq":"72","text":"\u6211\u60f3\u9019\u500b\u6545\u4e8b\u5c0d\u6211\u5011\u90fd\u5f88\u6709\u610f\u7fa9","translate_comment":"","start":"347.58","dur":"1.56","is_scores":null,"created_at":"1499419510","updated_at":null},{"id":"22017077","caption_id":"108503","seq":"73","text":"\u6545\u4e8b\u88e1\u8aaa\u5230\u6211\u5011\u90fd\u60f3\u8981\u505a\u6211\u5011\u60f3\u505a\u7684\u4e8b\uff0c\u5c0d\u55ce\uff1f","translate_comment":"","start":"349.14","dur":"4.02","is_scores":null,"created_at":"1499419510","updated_at":null},{"id":"22017078","caption_id":"108503","seq":"74","text":"\u6211\u5011\u60f3\u8981\u505a\u81ea\u5df1","translate_comment":"","start":"353.16","dur":"2.12","is_scores":null,"created_at":"1499419510","updated_at":null},{"id":"22017079","caption_id":"108503","seq":"75","text":"\u800c\u4e14\u6211\u5011\u60f3\u8981\u5728\u60f3\u5927\u53eb\u7684\u6642\u5019\u5c31\u5927\u53eb\uff0c\u60f3\u73a9\u5c31\u73a9\uff0c\u60f3\u7b11\u5c31\u7b11","translate_comment":"","start":"355.28","dur":"4.38","is_scores":null,"created_at":"1499419510","updated_at":null},{"id":"22017080","caption_id":"108503","seq":"76","text":"\u4f46\u662f\u6bb7\u5947\u4e01\u514b\u5973\u58eb\u544a\u8a34\u6211\u5011\uff0c\u505a\u4e8b\u60c5\u8981\u8003\u616e\u6642\u9593\u548c\u5730\u9ede","translate_comment":"","start":"359.66","dur":"3.24","is_scores":null,"created_at":"1499419510","updated_at":null},{"id":"22017081","caption_id":"108503","seq":"77","text":"\u800c\u4e14\u8981\u9867\u616e\u5230\u5176\u4ed6\u4eba\u7684\u611f\u53d7","translate_comment":"","start":"362.9","dur":"3.88","is_scores":null,"created_at":"1499419510","updated_at":null},{"id":"22017082","caption_id":"108503","seq":"78","text":"\u6211\u60f3\uff0c\u9019\u500b\u6545\u4e8b\u6559\u6211\u5011\u8981\u61c2\u5f97\u9ad4\u8ad2","translate_comment":"","start":"366.78","dur":"3.42","is_scores":null,"created_at":"1499419510","updated_at":null},{"id":"22017083","caption_id":"108503","seq":"79","text":"\u8b1d\u8b1d\u4f60\u5011\u6536\u770b\u6545\u4e8b\u7dda\u4e0a","translate_comment":"","start":"370.1","dur":"2.76","is_scores":null,"created_at":"1499419510","updated_at":null},{"id":"22017084","caption_id":"108503","seq":"80","text":"\u8a18\u5f97\u53bb\u770b\u770b\u5176\u4ed6\u7684\u6545\u4e8b\u54e6","translate_comment":"","start":"372.86","dur":"1.82","is_scores":null,"created_at":"1499419510","updated_at":null},{"id":"22017085","caption_id":"108503","seq":"81","text":"\u7e7c\u7e8c\u6536\u770b\u4e26\u4fdd\u6301\u95b1\u8b80\u7684\u597d\u7fd2\u6163","translate_comment":"","start":"374.68","dur":"3.02","is_scores":null,"created_at":"1499419510","updated_at":null}]}