{"en":[{"id":"24352709","caption_id":"116774","seq":"1","text":"The city has just opened its one-of-a-kind Faberg\u00e9 Egg Museum","translate_comment":"","start":"8.411","dur":"4.85","is_scores":null,"created_at":"1512275083","updated_at":null},{"id":"24352710","caption_id":"116774","seq":"2","text":"with a single egg displayed on each floor of a 100-story building.","translate_comment":"","start":"13.261","dur":"5.571","is_scores":null,"created_at":"1512275083","updated_at":null},{"id":"24352711","caption_id":"116774","seq":"3","text":"And the world's most notorious jewel thief already has her eyes on the prize.","translate_comment":"","start":"18.832","dur":"5.739","is_scores":null,"created_at":"1512275083","updated_at":null},{"id":"24352712","caption_id":"116774","seq":"4","text":"Because security is tight and the eggs are so large,","translate_comment":"","start":"24.571","dur":"3.391","is_scores":null,"created_at":"1512275083","updated_at":null},{"id":"24352713","caption_id":"116774","seq":"5","text":"she'll only get the chance to steal one","translate_comment":"","start":"27.962","dur":"2.8","is_scores":null,"created_at":"1512275083","updated_at":null},{"id":"24352714","caption_id":"116774","seq":"6","text":"by dropping it out the window into her waiting truck","translate_comment":"","start":"30.762","dur":"3.05","is_scores":null,"created_at":"1512275083","updated_at":null},{"id":"24352715","caption_id":"116774","seq":"7","text":"and repelling down  before the police can arrive.","translate_comment":"","start":"33.812","dur":"4.042","is_scores":null,"created_at":"1512275083","updated_at":null},{"id":"24352716","caption_id":"116774","seq":"8","text":"All eggs are identical in weight and construction,","translate_comment":"","start":"37.854","dur":"3.399","is_scores":null,"created_at":"1512275083","updated_at":null},{"id":"24352717","caption_id":"116774","seq":"9","text":"but each floor's egg is more rare  and valuable than the one below it.","translate_comment":"","start":"41.253","dur":"5.9","is_scores":null,"created_at":"1512275083","updated_at":null},{"id":"24352718","caption_id":"116774","seq":"10","text":"While the thief would naturally like to take the priceless egg at the top,","translate_comment":"","start":"47.153","dur":"3.778","is_scores":null,"created_at":"1512275083","updated_at":null},{"id":"24352719","caption_id":"116774","seq":"11","text":"she suspects it won't survive a 100-story drop.","translate_comment":"","start":"50.931","dur":"4.061","is_scores":null,"created_at":"1512275083","updated_at":null},{"id":"24352720","caption_id":"116774","seq":"12","text":"Being pragmatic, she decides to settle for the most expensive egg she can get.","translate_comment":"","start":"54.992","dur":"5.479","is_scores":null,"created_at":"1512275083","updated_at":null},{"id":"24352721","caption_id":"116774","seq":"13","text":"In the museum's gift shop,  she finds two souvenir eggs,","translate_comment":"","start":"60.472","dur":"3.922","is_scores":null,"created_at":"1512275083","updated_at":null},{"id":"24352722","caption_id":"116774","seq":"14","text":"perfect replicas  that are perfectly worthless.","translate_comment":"","start":"64.394","dur":"3.579","is_scores":null,"created_at":"1512275083","updated_at":null},{"id":"24352723","caption_id":"116774","seq":"15","text":"The plan is to test drop them","translate_comment":"","start":"67.973","dur":"2.337","is_scores":null,"created_at":"1512275083","updated_at":null},{"id":"24352724","caption_id":"116774","seq":"16","text":"to find the highest floor  at which an egg will survive the fall","translate_comment":"","start":"70.31","dur":"4.256","is_scores":null,"created_at":"1512275083","updated_at":null},{"id":"24352725","caption_id":"116774","seq":"17","text":"without breaking.","translate_comment":"","start":"74.566","dur":"1.348","is_scores":null,"created_at":"1512275083","updated_at":null},{"id":"24352726","caption_id":"116774","seq":"18","text":"Of course, the experiment  can only be repeated","translate_comment":"","start":"75.914","dur":"2.529","is_scores":null,"created_at":"1512275083","updated_at":null},{"id":"24352727","caption_id":"116774","seq":"19","text":"until both replica eggs are smashed.","translate_comment":"","start":"78.443","dur":"3.47","is_scores":null,"created_at":"1512275083","updated_at":null},{"id":"24352728","caption_id":"116774","seq":"20","text":"And throwing souvenirs out the window too many times","translate_comment":"","start":"81.913","dur":"2.79","is_scores":null,"created_at":"1512275083","updated_at":null},{"id":"24352729","caption_id":"116774","seq":"21","text":"is probably going to draw  the guards' attention.","translate_comment":"","start":"84.703","dur":"3.521","is_scores":null,"created_at":"1512275083","updated_at":null},{"id":"24352730","caption_id":"116774","seq":"22","text":"What's the least number of tries it would take","translate_comment":"","start":"88.224","dur":"2.46","is_scores":null,"created_at":"1512275083","updated_at":null},{"id":"24352731","caption_id":"116774","seq":"23","text":"to guarantee that  she find the right floor?","translate_comment":"","start":"90.684","dur":"3.55","is_scores":null,"created_at":"1512275083","updated_at":null},{"id":"24352732","caption_id":"116774","seq":"24","text":"Pause here if you want  to figure it out for yourself!","translate_comment":"","start":"94.234","dur":"3.284","is_scores":null,"created_at":"1512275083","updated_at":null},{"id":"24352733","caption_id":"116774","seq":"25","text":"Answer in: 3","translate_comment":"","start":"97.519","dur":"1.435","is_scores":null,"created_at":"1512275083","updated_at":null},{"id":"24352734","caption_id":"116774","seq":"26","text":"Answer in: 2","translate_comment":"","start":"98.954","dur":"1.433","is_scores":null,"created_at":"1512275083","updated_at":null},{"id":"24352735","caption_id":"116774","seq":"27","text":"Answer in: 1","translate_comment":"","start":"100.388","dur":"1.439","is_scores":null,"created_at":"1512275083","updated_at":null},{"id":"24352736","caption_id":"116774","seq":"28","text":"If you're having trouble getting started on the solution,","translate_comment":"","start":"101.827","dur":"2.731","is_scores":null,"created_at":"1512275083","updated_at":null},{"id":"24352737","caption_id":"116774","seq":"29","text":"it might help to start  with a simpler scenario.","translate_comment":"","start":"104.558","dur":"2.836","is_scores":null,"created_at":"1512275083","updated_at":null},{"id":"24352738","caption_id":"116774","seq":"30","text":"Imagine our thief only  had one replica egg.","translate_comment":"","start":"107.394","dur":"3.269","is_scores":null,"created_at":"1512275083","updated_at":null},{"id":"24352739","caption_id":"116774","seq":"31","text":"She'd have a single option:","translate_comment":"","start":"110.663","dur":"1.995","is_scores":null,"created_at":"1512275083","updated_at":null},{"id":"24352740","caption_id":"116774","seq":"32","text":"To start by dropping it  from the first floor","translate_comment":"","start":"112.659","dur":"2.516","is_scores":null,"created_at":"1512275083","updated_at":null},{"id":"24352741","caption_id":"116774","seq":"33","text":"and go up one by one until it breaks.","translate_comment":"","start":"115.175","dur":"3.342","is_scores":null,"created_at":"1512275083","updated_at":null},{"id":"24352742","caption_id":"116774","seq":"34","text":"Then she'd know that the floor below that","translate_comment":"","start":"118.517","dur":"2.438","is_scores":null,"created_at":"1512275083","updated_at":null},{"id":"24352743","caption_id":"116774","seq":"35","text":"is the one she needs  to target for the real heist.","translate_comment":"","start":"120.956","dur":"3.229","is_scores":null,"created_at":"1512275083","updated_at":null},{"id":"24352744","caption_id":"116774","seq":"36","text":"But this could require  as many as 100 tries.","translate_comment":"","start":"124.185","dur":"2.981","is_scores":null,"created_at":"1512275083","updated_at":null},{"id":"24352745","caption_id":"116774","seq":"37","text":"Having an additional replica egg gives the thief a better option.","translate_comment":"","start":"127.166","dur":"5.484","is_scores":null,"created_at":"1512275083","updated_at":null},{"id":"24352746","caption_id":"116774","seq":"38","text":"She can drop the first egg from different floors at larger intervals","translate_comment":"","start":"132.65","dur":"3.566","is_scores":null,"created_at":"1512275083","updated_at":null},{"id":"24352747","caption_id":"116774","seq":"39","text":"in order to narrow down the range where the critical floor can be found.","translate_comment":"","start":"136.217","dur":"4.908","is_scores":null,"created_at":"1512275083","updated_at":null},{"id":"24352748","caption_id":"116774","seq":"40","text":"And once the first breaks,","translate_comment":"","start":"141.125","dur":"1.662","is_scores":null,"created_at":"1512275083","updated_at":null},{"id":"24352749","caption_id":"116774","seq":"41","text":"she can use the second egg to explore that interval floor by floor.","translate_comment":"","start":"142.787","dur":"5.683","is_scores":null,"created_at":"1512275083","updated_at":null},{"id":"24352750","caption_id":"116774","seq":"42","text":"Large floor intervals don't work great.","translate_comment":"","start":"148.47","dur":"3.039","is_scores":null,"created_at":"1512275083","updated_at":null},{"id":"24352751","caption_id":"116774","seq":"43","text":"In the worst case scenario, they require many tests with the second egg.","translate_comment":"","start":"151.509","dur":"4.826","is_scores":null,"created_at":"1512275083","updated_at":null},{"id":"24352752","caption_id":"116774","seq":"44","text":"Smaller intervals work much better.","translate_comment":"","start":"156.336","dur":"3.434","is_scores":null,"created_at":"1512275083","updated_at":null},{"id":"24352753","caption_id":"116774","seq":"45","text":"For example, if she starts by dropping the first egg from every 10th floor,","translate_comment":"","start":"159.77","dur":"3.807","is_scores":null,"created_at":"1512275083","updated_at":null},{"id":"24352754","caption_id":"116774","seq":"46","text":"once it breaks, she'll only have to test the nine floors below.","translate_comment":"","start":"163.577","dur":"4.681","is_scores":null,"created_at":"1512275083","updated_at":null},{"id":"24352755","caption_id":"116774","seq":"47","text":"That means it'll take at most 19 tries to find the right floor.","translate_comment":"","start":"168.258","dur":"6.28","is_scores":null,"created_at":"1512275083","updated_at":null},{"id":"24352756","caption_id":"116774","seq":"48","text":"But can she do even better?","translate_comment":"","start":"174.538","dur":"2.286","is_scores":null,"created_at":"1512275083","updated_at":null},{"id":"24352757","caption_id":"116774","seq":"49","text":"After all, there's no reason  every interval has to be the same size.","translate_comment":"","start":"176.824","dur":"4.767","is_scores":null,"created_at":"1512275083","updated_at":null},{"id":"24352758","caption_id":"116774","seq":"50","text":"Let's say there were only ten floors.","translate_comment":"","start":"181.591","dur":"2.369","is_scores":null,"created_at":"1512275083","updated_at":null},{"id":"24352759","caption_id":"116774","seq":"51","text":"The thief could test this whole building with just four total throws","translate_comment":"","start":"183.96","dur":"4.215","is_scores":null,"created_at":"1512275083","updated_at":null},{"id":"24352760","caption_id":"116774","seq":"52","text":"by dropping the first egg at floors four,","translate_comment":"","start":"188.175","dur":"2.495","is_scores":null,"created_at":"1512275083","updated_at":null},{"id":"24352761","caption_id":"116774","seq":"53","text":"seven,","translate_comment":"","start":"190.67","dur":"1.149","is_scores":null,"created_at":"1512275083","updated_at":null},{"id":"24352762","caption_id":"116774","seq":"54","text":"and nine.","translate_comment":"","start":"191.819","dur":"1.45","is_scores":null,"created_at":"1512275083","updated_at":null},{"id":"24352763","caption_id":"116774","seq":"55","text":"If it broke at floor four, it would take up to three throws of the second egg","translate_comment":"","start":"193.27","dur":"4.645","is_scores":null,"created_at":"1512275083","updated_at":null},{"id":"24352764","caption_id":"116774","seq":"56","text":"to find the exact floor.","translate_comment":"","start":"197.915","dur":"1.859","is_scores":null,"created_at":"1512275083","updated_at":null},{"id":"24352765","caption_id":"116774","seq":"57","text":"If it broke at seven,","translate_comment":"","start":"199.774","dur":"1.326","is_scores":null,"created_at":"1512275083","updated_at":null},{"id":"24352766","caption_id":"116774","seq":"58","text":"it would take up to two throws with the second egg.","translate_comment":"","start":"201.1","dur":"2.862","is_scores":null,"created_at":"1512275083","updated_at":null},{"id":"24352767","caption_id":"116774","seq":"59","text":"And if it broke at floor nine,","translate_comment":"","start":"203.962","dur":"2.178","is_scores":null,"created_at":"1512275083","updated_at":null},{"id":"24352768","caption_id":"116774","seq":"60","text":"it would take just one more throw of the second egg.","translate_comment":"","start":"206.14","dur":"3.84","is_scores":null,"created_at":"1512275083","updated_at":null},{"id":"24352769","caption_id":"116774","seq":"61","text":"Intuitively, what we're trying to do here is divide the building into sections","translate_comment":"","start":"209.98","dur":"4.74","is_scores":null,"created_at":"1512275083","updated_at":null},{"id":"24352770","caption_id":"116774","seq":"62","text":"where no matter which floor is correct,","translate_comment":"","start":"214.72","dur":"2.452","is_scores":null,"created_at":"1512275083","updated_at":null},{"id":"24352771","caption_id":"116774","seq":"63","text":"it takes up to the same number of throws to find it.","translate_comment":"","start":"217.172","dur":"4.139","is_scores":null,"created_at":"1512275083","updated_at":null},{"id":"24352772","caption_id":"116774","seq":"64","text":"We want each interval to be one floor smaller than the last.","translate_comment":"","start":"221.312","dur":"5.099","is_scores":null,"created_at":"1512275083","updated_at":null},{"id":"24352773","caption_id":"116774","seq":"65","text":"This equation can help us solve for the first floor we need to start with","translate_comment":"","start":"226.411","dur":"4.141","is_scores":null,"created_at":"1512275083","updated_at":null},{"id":"24352774","caption_id":"116774","seq":"66","text":"in the 100 floor building.","translate_comment":"","start":"230.552","dur":"3.055","is_scores":null,"created_at":"1512275083","updated_at":null},{"id":"24352775","caption_id":"116774","seq":"67","text":"There are several ways  to solve this equation,","translate_comment":"","start":"233.607","dur":"3.126","is_scores":null,"created_at":"1512275083","updated_at":null},{"id":"24352776","caption_id":"116774","seq":"68","text":"including trial and error.","translate_comment":"","start":"236.733","dur":"1.693","is_scores":null,"created_at":"1512275083","updated_at":null},{"id":"24352777","caption_id":"116774","seq":"69","text":"If we plug in two for n, that equation would look like this.","translate_comment":"","start":"238.426","dur":"4.251","is_scores":null,"created_at":"1512275083","updated_at":null},{"id":"24352778","caption_id":"116774","seq":"70","text":"If we plug in three, we get this.","translate_comment":"","start":"242.677","dur":"2.556","is_scores":null,"created_at":"1512275083","updated_at":null},{"id":"24352779","caption_id":"116774","seq":"71","text":"So we can find the first n to pass 100","translate_comment":"","start":"245.233","dur":"3.73","is_scores":null,"created_at":"1512275083","updated_at":null},{"id":"24352780","caption_id":"116774","seq":"72","text":"by adding more terms  until we get to our answer,","translate_comment":"","start":"248.963","dur":"3.499","is_scores":null,"created_at":"1512275083","updated_at":null},{"id":"24352781","caption_id":"116774","seq":"73","text":"which is 14.","translate_comment":"","start":"252.462","dur":"2.26","is_scores":null,"created_at":"1512275083","updated_at":null},{"id":"24352782","caption_id":"116774","seq":"74","text":"And so our thief starts on the 14th floor,","translate_comment":"","start":"254.723","dur":"2.971","is_scores":null,"created_at":"1512275083","updated_at":null},{"id":"24352783","caption_id":"116774","seq":"75","text":"moving up to the 27th,","translate_comment":"","start":"257.694","dur":"1.601","is_scores":null,"created_at":"1512275083","updated_at":null},{"id":"24352784","caption_id":"116774","seq":"76","text":"the 39th,","translate_comment":"","start":"259.295","dur":"1.129","is_scores":null,"created_at":"1512275083","updated_at":null},{"id":"24352785","caption_id":"116774","seq":"77","text":"and so on,","translate_comment":"","start":"260.423","dur":"1.109","is_scores":null,"created_at":"1512275083","updated_at":null},{"id":"24352786","caption_id":"116774","seq":"78","text":"for a maximum of 14 drops.","translate_comment":"","start":"261.533","dur":"3.039","is_scores":null,"created_at":"1512275083","updated_at":null},{"id":"24352787","caption_id":"116774","seq":"79","text":"Like the old saying goes, you can't  pull a heist without breaking a few eggs.","translate_comment":"","start":"264.572","dur":"5.368","is_scores":null,"created_at":"1512275083","updated_at":null}],"zh-Hant":[{"id":"27096706","caption_id":"127133","seq":"1","text":"\u9019\u5ea7\u57ce\u5e02\u65b0\u958b\u4e86\u4e00\u5bb6\u7368\u4e00\u7121\u4e8c\u7684\u300c\u6cd5\u8c9d\u71b1\u86cb\u535a\u7269\u9928\u300d","translate_comment":"","start":"8.411","dur":"4.85","is_scores":null,"created_at":"1521523727","updated_at":null},{"id":"27096707","caption_id":"127133","seq":"2","text":"\u5728\u4e00\u5ea7 100 \u5c64\u7684\u5efa\u7bc9\u88e1\u6bcf\u4e00\u5c64\u90fd\u5c55\u793a\u8457\u4e00\u500b\u86cb","translate_comment":"","start":"13.261","dur":"5.571","is_scores":null,"created_at":"1521523727","updated_at":null},{"id":"27096708","caption_id":"127133","seq":"3","text":"\u4e16\u754c\u4e0a\u6700\u60e1\u540d\u662d\u5f70\u7684\u5bf6\u77f3\u5927\u76dc\u5df2\u7d93\u76ef\u4e0a\u4e86\u9019\u500b\u734e\u54c1","translate_comment":"","start":"18.832","dur":"5.739","is_scores":null,"created_at":"1521523727","updated_at":null},{"id":"27096709","caption_id":"127133","seq":"4","text":"\u7531\u65bc\u8b66\u885b\u68ee\u56b4\u800c\u86cb\u53c8\u662f\u90a3\u9ebc\u7684\u5927","translate_comment":"","start":"24.571","dur":"3.391","is_scores":null,"created_at":"1521523727","updated_at":null},{"id":"27096710","caption_id":"127133","seq":"5","text":"\u5979\u552f\u4e00\u80fd\u5c07\u86cb\u5077\u8d70\u7684\u6a5f\u6703","translate_comment":"","start":"27.962","dur":"2.8","is_scores":null,"created_at":"1521523727","updated_at":null},{"id":"27096711","caption_id":"127133","seq":"6","text":"\u5c31\u662f\u8d81\u8b66\u5bdf\u62b5\u9054\u4e4b\u524d\uff0c\u5c07\u86cb\u5f9e\u7a97\u6236\u4e1f\u5230\u5728\u6a13\u4e0b","translate_comment":"","start":"30.762","dur":"3.05","is_scores":null,"created_at":"1521523727","updated_at":null},{"id":"27096712","caption_id":"127133","seq":"7","text":"\u7b49\u5019\u7684\u5361\u8eca\u4e0a\u7136\u5f8c\u81ea\u5df1\u7528\u7e69\u5b50\u6ed1\u4e0b\u53bb\u9003\u8d70","translate_comment":"","start":"33.812","dur":"4.042","is_scores":null,"created_at":"1521523727","updated_at":null},{"id":"27096713","caption_id":"127133","seq":"8","text":"\u6240\u6709\u7684\u86cb\uff0c\u91cd\u91cf\u548c\u7d50\u69cb\u90fd\u662f\u4e00\u6a23\u7684","translate_comment":"","start":"37.854","dur":"3.399","is_scores":null,"created_at":"1521523727","updated_at":null},{"id":"27096714","caption_id":"127133","seq":"9","text":"\u4f46\u6bcf\u5f80\u4e0a\u4e00\u500b\u6a13\u5c64\uff0c\u90a3\u500b\u6a13\u5c64\u7684\u86cb\u5c31\u66f4\u7a00\u6709\u73cd\u8cb4","translate_comment":"","start":"41.253","dur":"5.9","is_scores":null,"created_at":"1521523727","updated_at":null},{"id":"27096715","caption_id":"127133","seq":"10","text":"\u60f3\u7576\u7136\u723e\u5c0f\u5077\u559c\u6b61\u62ff\u6700\u9802\u5c64\u7684\u86cb\uff0c\u56e0\u70ba\u662f\u7121\u50f9\u4e4b\u5bf6","translate_comment":"","start":"47.153","dur":"3.778","is_scores":null,"created_at":"1521523727","updated_at":null},{"id":"27096716","caption_id":"127133","seq":"11","text":"\u4f46\u5979\u4f30\u8a08\uff0c\u628a\u86cb\u5f9e 100 \u5c64\u6a13\u9ad8\u4e1f\u4e0b\u53bb\u9435\u5b9a\u6703\u6454\u7834","translate_comment":"","start":"50.931","dur":"4.061","is_scores":null,"created_at":"1521523727","updated_at":null},{"id":"27096717","caption_id":"127133","seq":"12","text":"\u70ba\u4e86\u52d9\u5be6\u8d77\u898b\uff0c\u5979\u6c7a\u5b9a\u5f9e\u5979\u53ef\u4ee5\u5077\u5f97\u5230\u6700\u6602\u8cb4\u7684\u86cb\u4e0b\u624b","translate_comment":"","start":"54.992","dur":"5.479","is_scores":null,"created_at":"1521523727","updated_at":null},{"id":"27096718","caption_id":"127133","seq":"13","text":"\u5728\u535a\u7269\u9928\u7684\u79ae\u54c1\u5e97\uff0c\u5979\u767c\u73fe\u4e86\u5169\u500b\u7d00\u5ff5\u54c1\u86cb","translate_comment":"","start":"60.472","dur":"3.922","is_scores":null,"created_at":"1521523727","updated_at":null},{"id":"27096719","caption_id":"127133","seq":"14","text":"\u90a3\u662f\u6beb\u7121\u50f9\u503c\u7684\u5b8c\u7f8e\u8907\u88fd\u54c1","translate_comment":"","start":"64.394","dur":"3.579","is_scores":null,"created_at":"1521523727","updated_at":null},{"id":"27096720","caption_id":"127133","seq":"15","text":"\u8a08\u756b\u662f\u9019\u6a23\u7684\uff0c\u628a\u8907\u88fd\u86cb\u5f80\u6a13\u4e0b\u4e1f\u505a\u6e2c\u8a66","translate_comment":"","start":"67.973","dur":"2.337","is_scores":null,"created_at":"1521523727","updated_at":null},{"id":"27096721","caption_id":"127133","seq":"16","text":"\u4ee5\u627e\u51fa\u4e00\u500b\u6700\u9ad8\u4e14\u86cb\u4e1f\u4e0b\u53bb\u4e0d\u6703\u6454\u7834","translate_comment":"","start":"70.31","dur":"4.256","is_scores":null,"created_at":"1521523727","updated_at":null},{"id":"27096722","caption_id":"127133","seq":"17","text":"\u7684\u6a13\u5c64","translate_comment":"","start":"74.566","dur":"1.348","is_scores":null,"created_at":"1521523727","updated_at":null},{"id":"27096723","caption_id":"127133","seq":"18","text":"\u7576\u7136\uff0c\u9019\u500b\u5be6\u9a57\u53ea\u53ef\u4ee5\u91cd\u8907\u505a\u5230","translate_comment":"","start":"75.914","dur":"2.529","is_scores":null,"created_at":"1521523727","updated_at":null},{"id":"27096724","caption_id":"127133","seq":"19","text":"\u5169\u500b\u8907\u88fd\u86cb\u6454\u7834\u70ba\u6b62","translate_comment":"","start":"78.443","dur":"3.47","is_scores":null,"created_at":"1521523727","updated_at":null},{"id":"27096725","caption_id":"127133","seq":"20","text":"\u800c\u628a\u8907\u88fd\u86cb\u6254\u51fa\u7a97\u5916\u592a\u591a\u6b21","translate_comment":"","start":"81.913","dur":"2.79","is_scores":null,"created_at":"1521523727","updated_at":null},{"id":"27096726","caption_id":"127133","seq":"21","text":"\u53ef\u80fd\u6703\u5f15\u8d77\u8b66\u885b\u7684\u6ce8\u610f","translate_comment":"","start":"84.703","dur":"3.521","is_scores":null,"created_at":"1521523727","updated_at":null},{"id":"27096727","caption_id":"127133","seq":"22","text":"\u6240\u4ee5\u81f3\u5c11\u9808\u5617\u8a66\u5e7e\u6b21\u624d\u80fd\u5920\u4fdd\u8b49","translate_comment":"","start":"88.224","dur":"2.46","is_scores":null,"created_at":"1521523727","updated_at":null},{"id":"27096728","caption_id":"127133","seq":"23","text":"\u627e\u5230\u6700\u4f73\u7684\u6a13\u5c64\uff1f","translate_comment":"","start":"90.684","dur":"3.55","is_scores":null,"created_at":"1521523727","updated_at":null},{"id":"27096729","caption_id":"127133","seq":"24","text":"\u5982\u679c\u4f60\u60f3\u81ea\u5df1\u627e\u51fa\u7b54\u6848\uff0c\u8acb\u5728\u9019\u88e1\u66ab\u505c\uff01","translate_comment":"","start":"94.234","dur":"3.284","is_scores":null,"created_at":"1521523727","updated_at":null},{"id":"27096730","caption_id":"127133","seq":"25","text":"\u7b54\u6848\u5012\u6578\uff1a3","translate_comment":"","start":"97.519","dur":"1.435","is_scores":null,"created_at":"1521523727","updated_at":null},{"id":"27096731","caption_id":"127133","seq":"26","text":"\u7b54\u6848\u5012\u6578\uff1a2","translate_comment":"","start":"98.954","dur":"1.433","is_scores":null,"created_at":"1521523727","updated_at":null},{"id":"27096732","caption_id":"127133","seq":"27","text":"\u7b54\u6848\u5012\u6578\uff1a1","translate_comment":"","start":"100.388","dur":"1.439","is_scores":null,"created_at":"1521523727","updated_at":null},{"id":"27096733","caption_id":"127133","seq":"28","text":"\u5982\u679c\u4f60\u4e0d\u77e5\u9053\u5982\u4f55\u627e\u51fa\u89e3\u7b54","translate_comment":"","start":"101.827","dur":"2.731","is_scores":null,"created_at":"1521523727","updated_at":null},{"id":"27096734","caption_id":"127133","seq":"29","text":"\u6211\u5011\u53ef\u4ee5\u5f9e\u66f4\u7c21\u55ae\u7684\u60c5\u5883\u958b\u59cb","translate_comment":"","start":"104.558","dur":"2.836","is_scores":null,"created_at":"1521523727","updated_at":null},{"id":"27096735","caption_id":"127133","seq":"30","text":"\u8a2d\u60f3\u5c0f\u5077\u53ea\u6709\u4e00\u9846\u8907\u88fd\u86cb","translate_comment":"","start":"107.394","dur":"3.269","is_scores":null,"created_at":"1521523727","updated_at":null},{"id":"27096736","caption_id":"127133","seq":"31","text":"\u5979\u5c31\u53ea\u6709\u4e00\u500b\u9078\u64c7\uff1a","translate_comment":"","start":"110.663","dur":"1.995","is_scores":null,"created_at":"1521523727","updated_at":null},{"id":"27096737","caption_id":"127133","seq":"32","text":"\u5148\u5f9e\u4e00\u6a13\u958b\u59cb\u4e1f","translate_comment":"","start":"112.659","dur":"2.516","is_scores":null,"created_at":"1521523727","updated_at":null},{"id":"27096738","caption_id":"127133","seq":"33","text":"\u7136\u5f8c\u9010\u5c64\u5f80\u4e0a\uff0c\u76f4\u5230\u86cb\u6703\u6454\u7834\u7684\u6a13\u5c64\u70ba\u6b62","translate_comment":"","start":"115.175","dur":"3.342","is_scores":null,"created_at":"1521523727","updated_at":null},{"id":"27096739","caption_id":"127133","seq":"34","text":"\u7136\u5f8c\uff0c\u5979\u80fd\u5f97\u77e5\u4e0b\u9762\u90a3\u4e00\u500b\u6a13\u5c64","translate_comment":"","start":"118.517","dur":"2.438","is_scores":null,"created_at":"1521523727","updated_at":null},{"id":"27096740","caption_id":"127133","seq":"35","text":"\u5c31\u662f\u5979\u771f\u6b63\u8981\u6436\u52ab\u7684\u76ee\u6a19","translate_comment":"","start":"120.956","dur":"3.229","is_scores":null,"created_at":"1521523727","updated_at":null},{"id":"27096741","caption_id":"127133","seq":"36","text":"\u4f46\u662f\u9019\u53ef\u80fd\u9700\u8981\u81f3\u591a\u9054 100 \u6b21\u5617\u8a66","translate_comment":"","start":"124.185","dur":"2.981","is_scores":null,"created_at":"1521523727","updated_at":null},{"id":"27096742","caption_id":"127133","seq":"37","text":"\u591a\u4e00\u500b\u8907\u88fd\u86cb\u53ef\u4ee5\u8b93\u5c0f\u5077\u66f4\u5bb9\u6613\u627e\u5230\u7b54\u6848","translate_comment":"","start":"127.166","dur":"5.484","is_scores":null,"created_at":"1521523727","updated_at":null},{"id":"27096743","caption_id":"127133","seq":"38","text":"\u5979\u53ef\u4ee5\u5f9e\u4e0d\u540c\u7684\u6a13\u5c64\u4e1f\u4e0b\u7b2c\u4e00\u9846\u86cb","translate_comment":"","start":"132.65","dur":"3.566","is_scores":null,"created_at":"1521523727","updated_at":null},{"id":"27096744","caption_id":"127133","seq":"39","text":"\u4ee5\u7e2e\u5c0f\u627e\u51fa\u6700\u9ad8\u6a13\u5c64\u7684\u7bc4\u570d","translate_comment":"","start":"136.217","dur":"4.908","is_scores":null,"created_at":"1521523727","updated_at":null},{"id":"27096745","caption_id":"127133","seq":"40","text":"\u5982\u679c\u86cb\u5728\u67d0\u4e00\u6a13\u5c64\u4e1f\u4e0b\u53bb\u6454\u7834\u4e86","translate_comment":"","start":"141.125","dur":"1.662","is_scores":null,"created_at":"1521523727","updated_at":null},{"id":"27096746","caption_id":"127133","seq":"41","text":"\u5979\u53ef\u4ee5\u4f7f\u7528\u7b2c\u4e8c\u9846\u86cb\u9010\u5c64\u63a2\u7d22\u627e\u51fa\u6700\u4f73\u7684\u6a13\u5c64","translate_comment":"","start":"142.787","dur":"5.683","is_scores":null,"created_at":"1521523727","updated_at":null},{"id":"27096747","caption_id":"127133","seq":"42","text":"\u4e00\u958b\u59cb\u8a2d\u5b9a\u7684\u6a13\u5c64\u9593\u9694\u592a\u5927\u6703\u5c0e\u81f4\u6e2c\u8a66\u7684\u6548\u679c\u4e0d\u597d","translate_comment":"","start":"148.47","dur":"3.039","is_scores":null,"created_at":"1521523727","updated_at":null},{"id":"27096748","caption_id":"127133","seq":"43","text":"\u5728\u6700\u7cdf\u7684\u60c5\u6cc1\u4e0b\uff0c\u4ed6\u5011\u9700\u8981\u7528\u7b2c\u4e8c\u500b\u86cb\u9032\u884c\u5f88\u591a\u6b21\u6e2c\u8a66","translate_comment":"","start":"151.509","dur":"4.826","is_scores":null,"created_at":"1521523727","updated_at":null},{"id":"27096749","caption_id":"127133","seq":"44","text":"\u7528\u8f03\u5c0f\u7684\u6a13\u5c64\u9593\u9694\u6e2c\u8a66\u6548\u679c\u8f03\u597d","translate_comment":"","start":"156.336","dur":"3.434","is_scores":null,"created_at":"1521523727","updated_at":null},{"id":"27096750","caption_id":"127133","seq":"45","text":"\u4f8b\u5982\uff0c\u5982\u679c\u5979\u5f9e\u7b2c\u5341\u5c64\u958b\u59cb\u4e1f\u7b2c\u4e00\u500b\u86cb","translate_comment":"","start":"159.77","dur":"3.807","is_scores":null,"created_at":"1521523727","updated_at":null},{"id":"27096751","caption_id":"127133","seq":"46","text":"\u4e00\u65e6\u5b83\u7834\u4e86\uff0c\u5979\u53ea\u9700\u8981\u6e2c\u8a66\u4e0b\u9762\u7684\u4e5d\u5c64","translate_comment":"","start":"163.577","dur":"4.681","is_scores":null,"created_at":"1521523727","updated_at":null},{"id":"27096752","caption_id":"127133","seq":"47","text":"\u9019\u610f\u5473\u8457\u6700\u591a\u53ea\u8981\u5617\u8a66 19 \u6b21\u5c31\u53ef\u4ee5\u627e\u5230\u6700\u4f73\u6a13\u5c64","translate_comment":"","start":"168.258","dur":"6.28","is_scores":null,"created_at":"1521523727","updated_at":null},{"id":"27096753","caption_id":"127133","seq":"48","text":"\u4f46\u5979\u6709\u66f4\u597d\u7684\u65b9\u5f0f\u55ce\uff1f","translate_comment":"","start":"174.538","dur":"2.286","is_scores":null,"created_at":"1521523727","updated_at":null},{"id":"27096754","caption_id":"127133","seq":"49","text":"\u7562\u7adf\uff0c\u6c92\u6709\u7406\u7531\u6bcf\u500b\u6a13\u5c64\u9593\u9694\u90fd\u5fc5\u9808\u76f8\u540c","translate_comment":"","start":"176.824","dur":"4.767","is_scores":null,"created_at":"1521523727","updated_at":null},{"id":"27096755","caption_id":"127133","seq":"50","text":"\u5047\u8a2d\u53ea\u6709\u5341\u500b\u6a13\u5c64","translate_comment":"","start":"181.591","dur":"2.369","is_scores":null,"created_at":"1521523727","updated_at":null},{"id":"27096756","caption_id":"127133","seq":"51","text":"\u5c0f\u5077\u53ef\u4ee5\u5728\u6574\u68df\u6a13\u53ea\u4e1f\u56db\u6b21\u5c31\u53ef\u4ee5\u6e2c\u51fa\u7d50\u679c","translate_comment":"","start":"183.96","dur":"4.215","is_scores":null,"created_at":"1521523727","updated_at":null},{"id":"27096757","caption_id":"127133","seq":"52","text":"\u628a\u7b2c\u4e00\u9846\u86cb\u5148\u5f9e\u7b2c\u56db\u5c64\u958b\u59cb\u4e1f","translate_comment":"","start":"188.175","dur":"2.495","is_scores":null,"created_at":"1521523727","updated_at":null},{"id":"27096758","caption_id":"127133","seq":"53","text":"\u7136\u5f8c\u7b2c\u4e03\u5c64","translate_comment":"","start":"190.67","dur":"1.149","is_scores":null,"created_at":"1521523727","updated_at":null},{"id":"27096759","caption_id":"127133","seq":"54","text":"\u7136\u5f8c\u7b2c\u4e5d\u5c64","translate_comment":"","start":"191.819","dur":"1.45","is_scores":null,"created_at":"1521523727","updated_at":null},{"id":"27096760","caption_id":"127133","seq":"55","text":"\u5982\u679c\u86cb\u5728\u7b2c\u56db\u5c64\u6a13\u4e1f\u4e0b\u6454\u7834\u4e86\uff0c\u7b2c\u4e8c\u9846\u86cb\u53ea\u8981\u518d\u8a66\u4e09\u6b21","translate_comment":"","start":"193.27","dur":"4.645","is_scores":null,"created_at":"1521523727","updated_at":null},{"id":"27096761","caption_id":"127133","seq":"56","text":"\u5c31\u53ef\u4ee5\u627e\u5230\u6700\u4f73\u6a13\u5c64","translate_comment":"","start":"197.915","dur":"1.859","is_scores":null,"created_at":"1521523727","updated_at":null},{"id":"27096762","caption_id":"127133","seq":"57","text":"\u5982\u679c\u7b2c\u4e00\u9846\u86cb\u5728\u7b2c\u4e03\u5c64\u6a13\u4e1f\u4e0b\u6454\u7834\u4e86","translate_comment":"","start":"199.774","dur":"1.326","is_scores":null,"created_at":"1521523727","updated_at":null},{"id":"27096763","caption_id":"127133","seq":"58","text":"\u7b2c\u4e8c\u9846\u86cb\u53ea\u8981\u518d\u8a66\u4e8c\u6b21","translate_comment":"","start":"201.1","dur":"2.862","is_scores":null,"created_at":"1521523727","updated_at":null},{"id":"27096764","caption_id":"127133","seq":"59","text":"\u5982\u679c\u7b2c\u4e00\u9846\u86cb\u5728\u7b2c\u4e5d\u5c64\u6a13\u4e1f\u4e0b\u6454\u7834\u4e86","translate_comment":"","start":"203.962","dur":"2.178","is_scores":null,"created_at":"1521523727","updated_at":null},{"id":"27096765","caption_id":"127133","seq":"60","text":"\u7b2c\u4e8c\u9846\u86cb\u53ea\u8981\u518d\u8a66\u4e00\u6b21","translate_comment":"","start":"206.14","dur":"3.84","is_scores":null,"created_at":"1521523727","updated_at":null},{"id":"27096766","caption_id":"127133","seq":"61","text":"\u76f4\u89ba\u4e0a\uff0c\u6211\u5011\u5728\u9019\u88e1\u8a66\u5716\u505a\u7684\u662f\u5c07\u5efa\u7bc9\u7269\u5206\u6210\u5e7e\u500b\u90e8\u5206","translate_comment":"","start":"209.98","dur":"4.74","is_scores":null,"created_at":"1521523727","updated_at":null},{"id":"27096767","caption_id":"127133","seq":"62","text":"\u7121\u8ad6\u54ea\u500b\u662f\u6700\u4f73\u6a13\u5c64","translate_comment":"","start":"214.72","dur":"2.452","is_scores":null,"created_at":"1521523727","updated_at":null},{"id":"27096768","caption_id":"127133","seq":"63","text":"\u90fd\u9700\u8981\u4e1f\u64f2\u76f8\u540c\u7684\u6b21\u6578\u624d\u80fd\u627e\u5230\u5b83","translate_comment":"","start":"217.172","dur":"4.139","is_scores":null,"created_at":"1521523727","updated_at":null},{"id":"27096769","caption_id":"127133","seq":"64","text":"\u6211\u5011\u5e0c\u671b\u6bcf\u6b21\u6e2c\u8a66\u7684\u6a13\u5c64\u9593\u9694\uff0c\u80fd\u6bd4\u524d\u4e00\u6b21\u6e2c\u8a66\u7684\u6e1b\u5c11\u4e00\u500b\u6a13\u5c64","translate_comment":"","start":"221.312","dur":"5.099","is_scores":null,"created_at":"1521523727","updated_at":null},{"id":"27096770","caption_id":"127133","seq":"65","text":"\u9019\u500b\u516c\u5f0f\u53ef\u4ee5\u5e6b\u52a9\u6211\u5011\u627e\u51fa\uff0c\u6211\u5011\u9700\u8981\u5f9e 100 \u5c64\u6a13","translate_comment":"","start":"226.411","dur":"4.141","is_scores":null,"created_at":"1521523727","updated_at":null},{"id":"27096771","caption_id":"127133","seq":"66","text":"\u7684\u7b2c\u5e7e\u5c64\u958b\u59cb","translate_comment":"","start":"230.552","dur":"3.055","is_scores":null,"created_at":"1521523727","updated_at":null},{"id":"27096772","caption_id":"127133","seq":"67","text":"\u9019\u500b\u516c\u5f0f\u6709\u6578\u7a2e\u89e3\u6cd5","translate_comment":"","start":"233.607","dur":"3.126","is_scores":null,"created_at":"1521523727","updated_at":null},{"id":"27096773","caption_id":"127133","seq":"68","text":"\u5305\u62ec\u8a66\u8aa4\u6cd5","translate_comment":"","start":"236.733","dur":"1.693","is_scores":null,"created_at":"1521523727","updated_at":null},{"id":"27096774","caption_id":"127133","seq":"69","text":"\u5982\u679c\u6211\u5011\u5c07 n \u8a2d\u70ba 2\uff0c\u90a3\u9ebc\u9019\u500b\u516c\u5f0f\u770b\u8d77\u4f86\u5c31\u50cf\u9019\u6a23","translate_comment":"","start":"238.426","dur":"4.251","is_scores":null,"created_at":"1521523727","updated_at":null},{"id":"27096775","caption_id":"127133","seq":"70","text":"\u5982\u679c\u6211\u5011\u5c07 n \u8a2d\u70ba 3\uff0c\u6211\u5011\u5f97\u5230\u9019\u500b\u7b54\u6848","translate_comment":"","start":"242.677","dur":"2.556","is_scores":null,"created_at":"1521523727","updated_at":null},{"id":"27096776","caption_id":"127133","seq":"71","text":"\u6240\u4ee5\u6211\u5011\u53ef\u4ee5\u8a2d\u5b9a\u7b2c\u4e00\u500b n \u5f8c\uff0c\u5c07\u6578\u503c\u4e0d\u65b7\u7684\u5f80\u4e0a\u52a0\u4f86\u6eff\u8db3 100 \u9019\u500b\u689d\u4ef6","translate_comment":"","start":"245.233","dur":"3.73","is_scores":null,"created_at":"1521523727","updated_at":null},{"id":"27096777","caption_id":"127133","seq":"72","text":"\u76f4\u5230\u5f97\u51fa\u6211\u5011\u8981\u7684\u7b54\u6848","translate_comment":"","start":"248.963","dur":"3.499","is_scores":null,"created_at":"1521523727","updated_at":null},{"id":"27096778","caption_id":"127133","seq":"73","text":"\u90a3\u5c31\u662f 14","translate_comment":"","start":"252.462","dur":"2.26","is_scores":null,"created_at":"1521523727","updated_at":null},{"id":"27096779","caption_id":"127133","seq":"74","text":"\u6240\u4ee5\u5bf6\u77f3\u5927\u76dc\u5f9e\u7b2c14\u6a13\u958b\u59cb","translate_comment":"","start":"254.723","dur":"2.971","is_scores":null,"created_at":"1521523727","updated_at":null},{"id":"27096780","caption_id":"127133","seq":"75","text":"\u518d\u5230\u7b2c 27 \u6a13","translate_comment":"","start":"257.694","dur":"1.601","is_scores":null,"created_at":"1521523727","updated_at":null},{"id":"27096781","caption_id":"127133","seq":"76","text":"\u518d\u5230\u7b2c 39 \u6a13","translate_comment":"","start":"259.295","dur":"1.129","is_scores":null,"created_at":"1521523727","updated_at":null},{"id":"27096782","caption_id":"127133","seq":"77","text":"\u4f9d\u6b64\u985e\u63a8","translate_comment":"","start":"260.423","dur":"1.109","is_scores":null,"created_at":"1521523727","updated_at":null},{"id":"27096783","caption_id":"127133","seq":"78","text":"\u6700\u591a\u53ea\u8981\u4e1f 14 \u6b21","translate_comment":"","start":"261.533","dur":"3.039","is_scores":null,"created_at":"1521523727","updated_at":null},{"id":"27096784","caption_id":"127133","seq":"79","text":"\u4fd7\u8a71\u8aaa\u5f97\u597d\uff0c\u4f60\u4e0d\u53ef\u80fd\u5728\u6c92\u6709\u5f04\u7834\u5e7e\u500b\u86cb\u7684\u60c5\u6cc1\u4e0b\u6436\u52ab\u6210\u529f\u7684 (\u6709\u5f97\u5fc5\u6709\u5931)","translate_comment":"","start":"264.572","dur":"5.368","is_scores":null,"created_at":"1521523727","updated_at":null}]}