{"en":[{"id":"25257190","caption_id":"25257190","seq":"1","text":"-You don't understand I can't fight them. I'm a fraud - What are you talking about, big guy?","translate_comment":"","start":"0","dur":"4.8","is_scores":null,"created_at":"1516350684","updated_at":null},{"id":"25257191","caption_id":"25257191","seq":"2","text":"It was all a big mistake. I didn't really...I got freaked out and it","translate_comment":"","start":"4.8","dur":"3.66","is_scores":null,"created_at":"1516350684","updated_at":null},{"id":"25257192","caption_id":"25257192","seq":"3","text":"was just this big accident and now. - Wait a minute, accident?","translate_comment":"","start":"8.46","dur":"4.13","is_scores":null,"created_at":"1516350684","updated_at":null},{"id":"25257193","caption_id":"25257193","seq":"4","text":"Oh oh man - Whoa a brick I'm gonna go get your","translate_comment":"","start":"20.59","dur":"3.108","is_scores":null,"created_at":"1516350684","updated_at":null},{"id":"25257194","caption_id":"25257194","seq":"5","text":"brothers. No, they can't find out! I got to start acting like an older brother","translate_comment":"","start":"23.699","dur":"24.55","is_scores":null,"created_at":"1516350684","updated_at":null},{"id":"25257195","caption_id":"25257195","seq":"6","text":"Hey I got a back-up plan! - Oh great idea!","translate_comment":"","start":"48.28","dur":"5.279","is_scores":null,"created_at":"1516350684","updated_at":null},{"id":"25257196","caption_id":"25257196","seq":"7","text":"It's working! You really showed those flee fighters who's boss!","translate_comment":"","start":"56.5","dur":"5.069","is_scores":null,"created_at":"1516350684","updated_at":null},{"id":"25257197","caption_id":"25257197","seq":"8","text":"No no Charlie what do we do now? No Boy.","translate_comment":"","start":"63.67","dur":"7.26","is_scores":null,"created_at":"1516350684","updated_at":null},{"id":"25257198","caption_id":"25257198","seq":"9","text":"-Hey  -Ice bear to the rescue - Oh...Charlie, great idea!","translate_comment":"","start":"75.6","dur":"15.938","is_scores":null,"created_at":"1516350684","updated_at":null},{"id":"25257199","caption_id":"25257199","seq":"10","text":"- Get that trash can over here! - Oh yeah, okay. - Take that ! Charlie we need more stuff to stand","translate_comment":"","start":"91.539","dur":"12.301","is_scores":null,"created_at":"1516350684","updated_at":null},{"id":"25257200","caption_id":"25257200","seq":"11","text":"-Oh, I'll on it. - Let the stacking begin.","translate_comment":"","start":"103.84","dur":"25.52","is_scores":null,"created_at":"1516350684","updated_at":null},{"id":"25257201","caption_id":"25257201","seq":"12","text":"Charlie, quick! Get us more stuff. -Oh the well is dry amigos.","translate_comment":"","start":"145.16","dur":"6.13","is_scores":null,"created_at":"1516350684","updated_at":null},{"id":"25257202","caption_id":"25257202","seq":"13","text":"-Ice Bear thinks we need help. -Help, Grizz! Grizz! Help us! We need help! -I'm coming!","translate_comment":"","start":"151.49","dur":"12.119","is_scores":null,"created_at":"1516350684","updated_at":null},{"id":"25257203","caption_id":"25257203","seq":"14","text":"Grizz.","translate_comment":"","start":"178.84","dur":"10.87","is_scores":null,"created_at":"1516350684","updated_at":null},{"id":"25257204","caption_id":"25257204","seq":"15","text":"-Good fight! -Um..Grizz about what happened I just want...-No man, this is my bad.","translate_comment":"","start":"197.87","dur":"10.869","is_scores":null,"created_at":"1516350684","updated_at":null},{"id":"25257205","caption_id":"25257205","seq":"16","text":"You're the glue that keeps us together. I can't take that for granted.","translate_comment":"","start":"208.739","dur":"3.121","is_scores":null,"created_at":"1516350684","updated_at":null},{"id":"25257206","caption_id":"25257206","seq":"17","text":"-From now on, we'll be fair about everything. -Thanks man","translate_comment":"","start":"211.86","dur":"3.09","is_scores":null,"created_at":"1516350684","updated_at":null},{"id":"25257207","caption_id":"25257207","seq":"18","text":"-Ice Bear wants to be top bear now. -Uh okay, ooh","translate_comment":"","start":"214.95","dur":"5.699","is_scores":null,"created_at":"1516350684","updated_at":null},{"id":"25257208","caption_id":"25257208","seq":"19","text":"I think Grizz should be on top.","translate_comment":"","start":"220.65","dur":"3.11","is_scores":null,"created_at":"1516350684","updated_at":null}],"zh-Hant":[{"id":"26000747","caption_id":"26000747","seq":"1","text":"\u80d6\u9054\uff1a\u4f60\u4e0d\u61c2\uff01\u6211\u6c92\u8fa6\u6cd5\u6253\u8d0f\u4ed6\u5011\uff0c\u6211\u662f\u500b\u9a19\u5b50\uff01 \u67e5\u7406\uff1a\u5225\u958b\u73a9\u7b11\u4e86\uff0c\u5927\u584a\u982d","translate_comment":"","start":"0","dur":"4.8","is_scores":null,"created_at":"1520006040","updated_at":null},{"id":"26000748","caption_id":"26000748","seq":"2","text":"\u4e0d\u662f\u9019\u6a23\u5b50\uff0c\u6211\u5feb\u5687\u6b7b\u4e86","translate_comment":"","start":"4.8","dur":"3.66","is_scores":null,"created_at":"1520006040","updated_at":null},{"id":"26000749","caption_id":"26000749","seq":"3","text":"\u80d6\u9054\uff1a\u9019\u4e00\u5207\u7c21\u76f4\u662f\u500b\u610f\u5916\u2026\u2026 \u67e5\u7406\uff1a\u7b49\u4e00\u4e0b\uff0c\u610f\u5916\uff1f","translate_comment":"","start":"8.46","dur":"4.13","is_scores":null,"created_at":"1520006040","updated_at":null},{"id":"26000750","caption_id":"26000750","seq":"4","text":"\u80d6\u9054\uff1a\u5594\uff01\u5929\u554a\u2026\u2026 \u67e5\u7406\uff1a\u4e00\u584a\u78da\u982d\uff01\u6211\u53bb\u53eb\u4f60\u670b\u53cb","translate_comment":"","start":"20.59","dur":"3.108","is_scores":null,"created_at":"1520006040","updated_at":null},{"id":"26000751","caption_id":"26000751","seq":"5","text":"\u4e0d\u8981\uff01\u4ed6\u5011\u4e5f\u4e0d\u77e5\u9053\u600e\u9ebc\u56de\u4e8b\uff01\u6211\u8981\u50cf\u500b\u5927\u54e5\u4e00\u6a23","translate_comment":"","start":"23.699","dur":"24.55","is_scores":null,"created_at":"1520006040","updated_at":null},{"id":"26000752","caption_id":"26000752","seq":"6","text":"\u67e5\u7406\uff1a\u563f\uff01\u6211\u60f3\u5230\u4e00\u500b\u65b9\u6cd5\u4e86 \u80d6\u9054\uff1a\u597d\u4e3b\u610f\uff01","translate_comment":"","start":"48.28","dur":"5.279","is_scores":null,"created_at":"1520006040","updated_at":null},{"id":"26000753","caption_id":"26000753","seq":"7","text":"\u6709\u7528\u8036\uff01\u4f60\u8b93\u9019\u4e9b\u81bd\u5c0f\u9b3c\u77e5\u9053\u8ab0\u624d\u662f\u8001\u5927\u4e86\uff01","translate_comment":"","start":"56.5","dur":"5.069","is_scores":null,"created_at":"1520006040","updated_at":null},{"id":"26000754","caption_id":"26000754","seq":"8","text":"\u5929\u554a\uff01\u67e5\u7406\uff01\u6211\u5011\u73fe\u5728\u8981\u600e\u9ebc\u8fa6\uff1f\u2026\u2026\u4e0d\u6703\u5427","translate_comment":"","start":"63.67","dur":"7.26","is_scores":null,"created_at":"1520006040","updated_at":null},{"id":"26000755","caption_id":"26000755","seq":"9","text":"\u80d6\u9054\uff1a\u563f\uff01- \u963f\u6975\uff1a\u963f\u6975\u62ef\u6551\u5927\u5bb6 \u80d6\u9054\uff1a\u67e5\u7406\uff01\u597d\u4e3b\u610f\uff01","translate_comment":"","start":"75.6","dur":"15.938","is_scores":null,"created_at":"1520006040","updated_at":null},{"id":"26000756","caption_id":"26000756","seq":"10","text":"\u628a\u90a3\u500b\u5783\u573e\u6876\u62ff\u904e\u4f86\uff01\u600e\u9ebc\u6a23\uff1f\u67e5\u7406\uff0c\u6211\u5011\u9700\u8981\u66f4\u591a\u53ef\u4ee5\u7ad9\u4e0a\u53bb\u7684\u6771\u897f","translate_comment":"","start":"91.539","dur":"12.301","is_scores":null,"created_at":"1520006040","updated_at":null},{"id":"26000757","caption_id":"26000757","seq":"11","text":"\u67e5\u7406\uff1a\u9075\u547d\uff01 \u80d6\u9054\uff1a\u54c8\uff0c\u4f86\u770b\u8ab0\u6bd4\u8f03\u9ad8\u5427\uff01","translate_comment":"","start":"103.84","dur":"25.52","is_scores":null,"created_at":"1520006040","updated_at":null},{"id":"26000758","caption_id":"26000758","seq":"12","text":"\u80d6\u9054\uff1a\u5feb\u9ede\uff0c\u518d\u62ff\u591a\u4e00\u9ede\u6771\u897f\u4f86\uff01 \u67e5\u7406\uff1a\u5144\u5f1f\uff0c\u4ec0\u9ebc\u90fd\u6c92\u4e86","translate_comment":"","start":"145.16","dur":"6.13","is_scores":null,"created_at":"1520006040","updated_at":null},{"id":"26000759","caption_id":"26000759","seq":"13","text":"\u963f\u6975\uff1a\u963f\u6975\u89ba\u5f97\u6211\u5011\u9700\u8981\u5e6b\u5fd9 \u80d6\u9054\uff1a\u5927\u5927\uff01\u6551\u547d\uff01\u6551\u6211\u5011\uff01 \u5927\u5927\uff1a\u6211\u4f86\u4e86\uff01","translate_comment":"","start":"151.49","dur":"12.119","is_scores":null,"created_at":"1520006040","updated_at":null},{"id":"26000760","caption_id":"26000760","seq":"14","text":"\u5927\u5927\uff01","translate_comment":"","start":"178.84","dur":"10.87","is_scores":null,"created_at":"1520006040","updated_at":null},{"id":"26000761","caption_id":"26000761","seq":"15","text":"-\u67e5\u7406\uff1a\u5e79\u5f97\u6f02\u4eae -\u80d6\u9054\uff1a\u5927\u5927\uff0c\u525b\u525b\u767c\u751f\u7684\u4e8b\u6211\u53ea\u60f3\u8aaa\u2500\u2500","translate_comment":"","start":"197.87","dur":"10.869","is_scores":null,"created_at":"1520006040","updated_at":null},{"id":"26000762","caption_id":"26000762","seq":"16","text":"\u662f\u6211\u7684\u932f\uff0c\u4f60\u52aa\u529b\u8b93\u6211\u5011\u89aa\u5bc6\u7121\u9593\uff0c\u6211\u4e0d\u53ef\u80fd\u7576\u4f5c\u7406\u6240\u7576\u7136","translate_comment":"","start":"208.739","dur":"3.121","is_scores":null,"created_at":"1520006040","updated_at":null},{"id":"26000763","caption_id":"26000763","seq":"17","text":"-\u5f9e\u73fe\u5728\u958b\u59cb\uff0c\u6211\u5011\u8981\u516c\u5e73\u884c\u4e8b -\u8b1d\u5566\u5144\u5f1f","translate_comment":"","start":"211.86","dur":"3.09","is_scores":null,"created_at":"1520006040","updated_at":null},{"id":"26000764","caption_id":"26000764","seq":"18","text":"\u963f\u6975\uff1a\u963f\u6975\u60f3\u7ad9\u5728\u6700\u4e0a\u9762 \u5927\u5927\uff1a\u5443\uff0c\u597d\u5594","translate_comment":"","start":"214.95","dur":"5.699","is_scores":null,"created_at":"1520006040","updated_at":null},{"id":"26000765","caption_id":"26000765","seq":"19","text":"\u6211\u89ba\u5f97\u5927\u5927\u61c9\u8a72\u5728\u6700\u4e0a\u9762","translate_comment":"","start":"220.65","dur":"3.11","is_scores":null,"created_at":"1520006040","updated_at":null}]}