{"en":[{"id":"24422463","caption_id":"116941","seq":"1","text":"Welcome back to YouTube Rewind","translate_comment":"","start":"6.18","dur":"2.539","is_scores":null,"created_at":"1512612437","updated_at":null},{"id":"24422464","caption_id":"116941","seq":"2","text":"We've got two special guests with us","translate_comment":"","start":"8.48","dur":"2.42","is_scores":null,"created_at":"1512612437","updated_at":null},{"id":"24422465","caption_id":"116941","seq":"3","text":"Ok Lele and Liza tell me about 2017","translate_comment":"","start":"10.9","dur":"3.54","is_scores":null,"created_at":"1512612437","updated_at":null},{"id":"24422466","caption_id":"116941","seq":"4","text":"Oh no","translate_comment":"","start":"14.44","dur":"1.76","is_scores":null,"created_at":"1512612437","updated_at":null},{"id":"24422467","caption_id":"116941","seq":"5","text":"Hey yea","translate_comment":"","start":"17.6","dur":"1.32","is_scores":null,"created_at":"1512612437","updated_at":null},{"id":"24422468","caption_id":"116941","seq":"6","text":"Despacito","translate_comment":"","start":"19.2","dur":"2.02","is_scores":null,"created_at":"1512612437","updated_at":null},{"id":"24422469","caption_id":"116941","seq":"7","text":"Quiero respirar tu cuello despacito","translate_comment":"","start":"21.22","dur":"3.38","is_scores":null,"created_at":"1512612437","updated_at":null},{"id":"24422470","caption_id":"116941","seq":"8","text":"Deja que te diga cosas al o\u00eddo","translate_comment":"","start":"24.5","dur":"2.38","is_scores":null,"created_at":"1512612437","updated_at":null},{"id":"24422471","caption_id":"116941","seq":"9","text":"Para que te acuerdes si no est\u00e1s conmigo","translate_comment":"","start":"26.88","dur":"2.059","is_scores":null,"created_at":"1512612437","updated_at":null},{"id":"24422472","caption_id":"116941","seq":"10","text":"(sube, sube, sube, sube)","translate_comment":"","start":"28.94","dur":"1.22","is_scores":null,"created_at":"1512612437","updated_at":null},{"id":"24422473","caption_id":"116941","seq":"11","text":"(I'm in love with the shape of you)","translate_comment":"","start":"30.16","dur":"1.32","is_scores":null,"created_at":"1512612437","updated_at":null},{"id":"24422474","caption_id":"116941","seq":"12","text":"Quiero ver bailar tu pelo, quiero ser tu ritmo","translate_comment":"","start":"31.48","dur":"3.88","is_scores":null,"created_at":"1512612437","updated_at":null},{"id":"24422475","caption_id":"116941","seq":"13","text":"Que le ense\u00f1es a mi boca","translate_comment":"","start":"35.36","dur":"3.24","is_scores":null,"created_at":"1512612437","updated_at":null},{"id":"24422476","caption_id":"116941","seq":"14","text":"Tus lugares favoritos","translate_comment":"","start":"38.6","dur":"2.26","is_scores":null,"created_at":"1512612437","updated_at":null},{"id":"24422477","caption_id":"116941","seq":"15","text":"Pasito a pasito, suave suavecito","translate_comment":"","start":"41.38","dur":"2.46","is_scores":null,"created_at":"1512612437","updated_at":null},{"id":"24422478","caption_id":"116941","seq":"16","text":"Nos vamos pegando poquito a poquito (I'm in love with the shape of you)","translate_comment":"","start":"43.84","dur":"3.48","is_scores":null,"created_at":"1512612437","updated_at":null},{"id":"24422479","caption_id":"116941","seq":"17","text":"(Aye yea)","translate_comment":"","start":"47.54","dur":"2.22","is_scores":null,"created_at":"1512612437","updated_at":null},{"id":"24422480","caption_id":"116941","seq":"18","text":"Nobody pray for me","translate_comment":"","start":"55.14","dur":"1.8","is_scores":null,"created_at":"1512612437","updated_at":null},{"id":"24422481","caption_id":"116941","seq":"19","text":"Even a day for me","translate_comment":"","start":"56.94","dur":"1.5","is_scores":null,"created_at":"1512612437","updated_at":null},{"id":"24422482","caption_id":"116941","seq":"20","text":"Way (yeah, yeah!)","translate_comment":"","start":"58.44","dur":"2.2","is_scores":null,"created_at":"1512612437","updated_at":null},{"id":"24422483","caption_id":"116941","seq":"21","text":"(Hol' up, hol' up, hol' up, hol' up) sit down","translate_comment":"","start":"60.84","dur":"3.54","is_scores":null,"created_at":"1512612437","updated_at":null},{"id":"24422484","caption_id":"116941","seq":"22","text":"(Hol' up, hol' up, hol' up, hol' up) be humble","translate_comment":"","start":"64.379","dur":"3.141","is_scores":null,"created_at":"1512612437","updated_at":null},{"id":"24422485","caption_id":"116941","seq":"23","text":"(Hol' up, hol' up, hol' up, hol' up) sit down","translate_comment":"","start":"67.52","dur":"2.48","is_scores":null,"created_at":"1512612437","updated_at":null},{"id":"24422486","caption_id":"116941","seq":"24","text":"be humble","translate_comment":"","start":"70.4","dur":"1.4","is_scores":null,"created_at":"1512612437","updated_at":null},{"id":"24422487","caption_id":"116941","seq":"25","text":"(Hol' up, hol' up, hol' up, hol' up) sit down","translate_comment":"","start":"71.8","dur":"1.48","is_scores":null,"created_at":"1512612437","updated_at":null},{"id":"24422488","caption_id":"116941","seq":"26","text":"Sit down (yeah!)","translate_comment":"","start":"73.28","dur":"1.36","is_scores":null,"created_at":"1512612437","updated_at":null},{"id":"24422489","caption_id":"116941","seq":"27","text":"Everyday discovering something brand new  (brand new)","translate_comment":"","start":"74.64","dur":"3.6","is_scores":null,"created_at":"1512612437","updated_at":null},{"id":"24422490","caption_id":"116941","seq":"28","text":"Now I'm singing like","translate_comment":"","start":"79.82","dur":"1.64","is_scores":null,"created_at":"1512612437","updated_at":null},{"id":"24422491","caption_id":"116941","seq":"29","text":"Girl, you know I want your love","translate_comment":"","start":"81.46","dur":"2.2","is_scores":null,"created_at":"1512612437","updated_at":null},{"id":"24422492","caption_id":"116941","seq":"30","text":"Your love was handmade for somebody like me","translate_comment":"","start":"83.66","dur":"2.76","is_scores":null,"created_at":"1512612437","updated_at":null},{"id":"24422493","caption_id":"116941","seq":"31","text":"I may be crazy, don't mind me","translate_comment":"","start":"86.42","dur":"1.88","is_scores":null,"created_at":"1512612437","updated_at":null},{"id":"24422494","caption_id":"116941","seq":"32","text":"Say, come now follow my lead","translate_comment":"","start":"88.3","dur":"1.319","is_scores":null,"created_at":"1512612437","updated_at":null},{"id":"24422495","caption_id":"116941","seq":"33","text":"I'm in love with your body","translate_comment":"","start":"89.62","dur":"1.3","is_scores":null,"created_at":"1512612437","updated_at":null},{"id":"24422496","caption_id":"116941","seq":"34","text":"Oh\u2014I\u2014oh\u2014I\u2014oh\u2014I\u2014oh\u2014I  (Come, come on now, follow my lead)","translate_comment":"","start":"90.92","dur":"1.82","is_scores":null,"created_at":"1512612437","updated_at":null},{"id":"24422497","caption_id":"116941","seq":"35","text":"Come, come on now, follow my lead","translate_comment":"","start":"92.84","dur":"1.5","is_scores":null,"created_at":"1512612437","updated_at":null},{"id":"24422498","caption_id":"116941","seq":"36","text":"I'm in love with the shape of you","translate_comment":"","start":"94.34","dur":"1.3","is_scores":null,"created_at":"1512612437","updated_at":null},{"id":"24422499","caption_id":"116941","seq":"37","text":"Oh\u2014I\u2014oh\u2014I\u2014oh\u2014I\u2014oh\u2014I","translate_comment":"","start":"95.64","dur":"1.88","is_scores":null,"created_at":"1512612437","updated_at":null},{"id":"24422500","caption_id":"116941","seq":"38","text":"Come, come on now, follow my lead","translate_comment":"","start":"97.52","dur":"2.26","is_scores":null,"created_at":"1512612437","updated_at":null},{"id":"24422501","caption_id":"116941","seq":"39","text":"I'm in love with your body","translate_comment":"","start":"101.18","dur":"1.76","is_scores":null,"created_at":"1512612437","updated_at":null},{"id":"24422502","caption_id":"116941","seq":"40","text":"Come on, be my baby, come on","translate_comment":"","start":"102.94","dur":"2.54","is_scores":null,"created_at":"1512612437","updated_at":null},{"id":"24422503","caption_id":"116941","seq":"41","text":"Come on, be my baby, come on","translate_comment":"","start":"105.48","dur":"1.86","is_scores":null,"created_at":"1512612437","updated_at":null},{"id":"24422504","caption_id":"116941","seq":"42","text":"Come on, be my baby","translate_comment":"","start":"107.34","dur":"1.3","is_scores":null,"created_at":"1512612437","updated_at":null},{"id":"24422505","caption_id":"116941","seq":"43","text":"Hold up","translate_comment":"","start":"108.64","dur":"1.1","is_scores":null,"created_at":"1512612437","updated_at":null},{"id":"24422506","caption_id":"116941","seq":"44","text":"Oh\u2014I\u2014oh\u2014I\u2014oh\u2014I\u2014oh\u2014I","translate_comment":"","start":"112.96","dur":"2.459","is_scores":null,"created_at":"1512612437","updated_at":null},{"id":"24422507","caption_id":"116941","seq":"45","text":"Oh\u2014I\u2014oh\u2014I\u2014oh\u2014I\u2014oh\u2014I  (This that Grey Poupon, that Evian, that TED Talk)","translate_comment":"","start":"120.82","dur":"4.939","is_scores":null,"created_at":"1512612437","updated_at":null},{"id":"24422508","caption_id":"116941","seq":"46","text":"Sit down, be humble","translate_comment":"","start":"132.48","dur":"1.919","is_scores":null,"created_at":"1512612437","updated_at":null},{"id":"24422509","caption_id":"116941","seq":"47","text":"Sit down, be humble","translate_comment":"","start":"134.52","dur":"1.94","is_scores":null,"created_at":"1512612437","updated_at":null},{"id":"24422510","caption_id":"116941","seq":"48","text":"Sit down, be humble","translate_comment":"","start":"136.58","dur":"1.9","is_scores":null,"created_at":"1512612437","updated_at":null},{"id":"24422511","caption_id":"116941","seq":"49","text":"Sit down","translate_comment":"","start":"138.48","dur":"1.4","is_scores":null,"created_at":"1512612437","updated_at":null},{"id":"24422512","caption_id":"116941","seq":"50","text":"Oh\u2014I\u2014oh\u2014I\u2014oh\u2014I\u2014oh\u2014I","translate_comment":"","start":"140.84","dur":"2.66","is_scores":null,"created_at":"1512612437","updated_at":null},{"id":"24422513","caption_id":"116941","seq":"51","text":"Somebody once told me the world is gonna roll me (world is gonna roll me)","translate_comment":"","start":"153.64","dur":"4.84","is_scores":null,"created_at":"1512612437","updated_at":null},{"id":"24422514","caption_id":"116941","seq":"52","text":"Hold up","translate_comment":"","start":"161.18","dur":"0.7","is_scores":null,"created_at":"1512612437","updated_at":null},{"id":"24422515","caption_id":"116941","seq":"53","text":"All you have to do is stay a minute","translate_comment":"","start":"161.88","dur":"2.68","is_scores":null,"created_at":"1512612437","updated_at":null},{"id":"24422516","caption_id":"116941","seq":"54","text":"Just take your time","translate_comment":"","start":"164.56","dur":"1.9","is_scores":null,"created_at":"1512612437","updated_at":null},{"id":"24422517","caption_id":"116941","seq":"55","text":"The clock is ticking, so stay a second","translate_comment":"","start":"166.46","dur":"3.76","is_scores":null,"created_at":"1512612437","updated_at":null},{"id":"24422518","caption_id":"116941","seq":"56","text":"Your hands on mine, on mine","translate_comment":"","start":"170.26","dur":"2.44","is_scores":null,"created_at":"1512612437","updated_at":null},{"id":"24422519","caption_id":"116941","seq":"57","text":"The clock is ticking, so stay","translate_comment":"","start":"172.74","dur":"2.76","is_scores":null,"created_at":"1512612437","updated_at":null},{"id":"24422520","caption_id":"116941","seq":"58","text":"All you have to do is stay","translate_comment":"","start":"175.56","dur":"2.24","is_scores":null,"created_at":"1512612437","updated_at":null},{"id":"24422521","caption_id":"116941","seq":"59","text":"...much of the Houston area is still in a state of disrepair...","translate_comment":"","start":"180.76","dur":"2.24","is_scores":null,"created_at":"1512612437","updated_at":null},{"id":"24422522","caption_id":"116941","seq":"60","text":"...received reports of an explosion...","translate_comment":"","start":"183.8","dur":"1.18","is_scores":null,"created_at":"1512612437","updated_at":null},{"id":"24422523","caption_id":"116941","seq":"61","text":"\u2026organizar el concierto","translate_comment":"","start":"185.14","dur":"1.819","is_scores":null,"created_at":"1512612437","updated_at":null},{"id":"24422524","caption_id":"116941","seq":"62","text":"de Ariana Grande.","translate_comment":"","start":"187","dur":"1.76","is_scores":null,"created_at":"1512612437","updated_at":null},{"id":"24422525","caption_id":"116941","seq":"63","text":"...this is a very difficult time, but we've been through very difficult times before...","translate_comment":"","start":"188.96","dur":"3.7","is_scores":null,"created_at":"1512612437","updated_at":null},{"id":"24422526","caption_id":"116941","seq":"64","text":"So many brothers and sisters that have come to help...","translate_comment":"","start":"195.16","dur":"2.78","is_scores":null,"created_at":"1512612437","updated_at":null},{"id":"24422527","caption_id":"116941","seq":"65","text":"The community rallying to show its support...","translate_comment":"","start":"198.34","dur":"2.18","is_scores":null,"created_at":"1512612437","updated_at":null},{"id":"24422528","caption_id":"116941","seq":"66","text":"\u2026junto con voluntarios se organizaron para retirar los escombros.","translate_comment":"","start":"200.52","dur":"3.26","is_scores":null,"created_at":"1512612437","updated_at":null},{"id":"24422529","caption_id":"116941","seq":"67","text":"Long lines are now wrapping around one of the blood banks...","translate_comment":"","start":"203.78","dur":"3.82","is_scores":null,"created_at":"1512612437","updated_at":null},{"id":"24422530","caption_id":"116941","seq":"68","text":"...and that are doing all they can and are helping...","translate_comment":"","start":"207.6","dur":"2.52","is_scores":null,"created_at":"1512612437","updated_at":null},{"id":"24422531","caption_id":"116941","seq":"69","text":"Le vivre ensemble, c\u2019est bien. Mais construire ensemble, c\u2019est encore mieux.","translate_comment":"","start":"210.12","dur":"3.4","is_scores":null,"created_at":"1512612437","updated_at":null},{"id":"24422532","caption_id":"116941","seq":"70","text":"This is a moment where we stand up for one another","translate_comment":"","start":"213.52","dur":"3.18","is_scores":null,"created_at":"1512612437","updated_at":null},{"id":"24422533","caption_id":"116941","seq":"71","text":"Yeah, you're lookin' at the truth, the money never lie no","translate_comment":"","start":"232.22","dur":"2.78","is_scores":null,"created_at":"1512612437","updated_at":null},{"id":"24422534","caption_id":"116941","seq":"72","text":"I'm the one, yeah, I'm the one","translate_comment":"","start":"235","dur":"1.88","is_scores":null,"created_at":"1512612437","updated_at":null},{"id":"24422535","caption_id":"116941","seq":"73","text":"Early mornin' in the dawn, know you wanna ride now  (I'm the one, yea)","translate_comment":"","start":"236.88","dur":"3.72","is_scores":null,"created_at":"1512612437","updated_at":null},{"id":"24422536","caption_id":"116941","seq":"74","text":"Si te pido un beso ven d\u00e1melo  Yo s\u00e9 que est\u00e1s pens\u00e1ndolo","translate_comment":"","start":"240.7","dur":"2.78","is_scores":null,"created_at":"1512612437","updated_at":null},{"id":"24422537","caption_id":"116941","seq":"75","text":"Llevo tiempo intent\u00e1ndolo  Mami, esto es dando y d\u00e1ndolo","translate_comment":"","start":"243.56","dur":"2.62","is_scores":null,"created_at":"1512612437","updated_at":null},{"id":"24422538","caption_id":"116941","seq":"76","text":"Sabes que tu coraz\u00f3n conmigo te hace bom, bom","translate_comment":"","start":"246.28","dur":"2.1","is_scores":null,"created_at":"1512612437","updated_at":null},{"id":"24422539","caption_id":"116941","seq":"77","text":"Sabes que esa beba est\u00e1 buscando de mi bom, bom","translate_comment":"","start":"248.54","dur":"3.46","is_scores":null,"created_at":"1512612437","updated_at":null},{"id":"24422540","caption_id":"116941","seq":"78","text":"Don't you know girl, don't you know girl","translate_comment":"","start":"260.54","dur":"2.38","is_scores":null,"created_at":"1512612437","updated_at":null},{"id":"24422541","caption_id":"116941","seq":"79","text":"I am the one for you  (My left stroke just went viral)","translate_comment":"","start":"262.92","dur":"2.22","is_scores":null,"created_at":"1512612437","updated_at":null},{"id":"24422542","caption_id":"116941","seq":"80","text":"Don't you know girl, don't you know girl","translate_comment":"","start":"265.28","dur":"2.1","is_scores":null,"created_at":"1512612437","updated_at":null},{"id":"24422543","caption_id":"116941","seq":"81","text":"I am the one for you","translate_comment":"","start":"267.42","dur":"1.36","is_scores":null,"created_at":"1512612437","updated_at":null},{"id":"24422544","caption_id":"116941","seq":"82","text":"All you have to do is stay (Sit down)","translate_comment":"","start":"268.84","dur":"2.759","is_scores":null,"created_at":"1512612437","updated_at":null},{"id":"24422545","caption_id":"116941","seq":"83","text":"Just take your time","translate_comment":"","start":"272.16","dur":"2.34","is_scores":null,"created_at":"1512612437","updated_at":null},{"id":"24422546","caption_id":"116941","seq":"84","text":"Sit down (sit down)","translate_comment":"","start":"274.5","dur":"1.18","is_scores":null,"created_at":"1512612437","updated_at":null},{"id":"24422547","caption_id":"116941","seq":"85","text":"Be humble, (Be humble)","translate_comment":"","start":"275.68","dur":"1.1","is_scores":null,"created_at":"1512612437","updated_at":null},{"id":"24422548","caption_id":"116941","seq":"86","text":"Floor is lava!","translate_comment":"","start":"276.78","dur":"2.199","is_scores":null,"created_at":"1512612437","updated_at":null},{"id":"24422549","caption_id":"116941","seq":"87","text":"Pasito a pasito, suave suavecito","translate_comment":"","start":"278.98","dur":"2.24","is_scores":null,"created_at":"1512612437","updated_at":null},{"id":"24422550","caption_id":"116941","seq":"88","text":"Nos vamos pegando poquito a poquito","translate_comment":"","start":"281.22","dur":"2.16","is_scores":null,"created_at":"1512612437","updated_at":null},{"id":"24422551","caption_id":"116941","seq":"89","text":"I\u2019m Poppy  (Pasito a pasito, suave suavecito)","translate_comment":"","start":"283.38","dur":"2.779","is_scores":null,"created_at":"1512612437","updated_at":null},{"id":"24422552","caption_id":"116941","seq":"90","text":"Man\u2019s not hot!  (Nos vamos pegando poquito a poquito)","translate_comment":"","start":"286.16","dur":"1.98","is_scores":null,"created_at":"1512612437","updated_at":null},{"id":"24422553","caption_id":"116941","seq":"91","text":"Guess I need you (Come on be my baby)","translate_comment":"","start":"288.42","dur":"2.3","is_scores":null,"created_at":"1512612437","updated_at":null},{"id":"24422554","caption_id":"116941","seq":"92","text":"And I need to (Come on be my baby)","translate_comment":"","start":"290.72","dur":"2.88","is_scores":null,"created_at":"1512612437","updated_at":null},{"id":"24422555","caption_id":"116941","seq":"93","text":"Guess I need you","translate_comment":"","start":"293.6","dur":"1.6","is_scores":null,"created_at":"1512612437","updated_at":null},{"id":"24422556","caption_id":"116941","seq":"94","text":"All you have to do is stay a minute","translate_comment":"","start":"295.28","dur":"2.92","is_scores":null,"created_at":"1512612437","updated_at":null},{"id":"24422557","caption_id":"116941","seq":"95","text":"Just take your time","translate_comment":"","start":"298.2","dur":"2.98","is_scores":null,"created_at":"1512612437","updated_at":null},{"id":"24422558","caption_id":"116941","seq":"96","text":"Yeah, you're sick of all those other imitators","translate_comment":"","start":"301.4","dur":"2.38","is_scores":null,"created_at":"1512612437","updated_at":null},{"id":"24422559","caption_id":"116941","seq":"97","text":"Don't let the only real one intimidate ya","translate_comment":"","start":"303.78","dur":"2.56","is_scores":null,"created_at":"1512612437","updated_at":null},{"id":"24422560","caption_id":"116941","seq":"98","text":"Nobody pray for me","translate_comment":"","start":"307.16","dur":"2.3","is_scores":null,"created_at":"1512612437","updated_at":null},{"id":"24422561","caption_id":"116941","seq":"99","text":"Even a day for me","translate_comment":"","start":"309.46","dur":"1.48","is_scores":null,"created_at":"1512612437","updated_at":null},{"id":"24422562","caption_id":"116941","seq":"100","text":"Everyday discovering something brand new","translate_comment":"","start":"311","dur":"3.14","is_scores":null,"created_at":"1512612437","updated_at":null},{"id":"24422563","caption_id":"116941","seq":"101","text":"I'm in love with the shape of you","translate_comment":"","start":"314.14","dur":"2.68","is_scores":null,"created_at":"1512612437","updated_at":null},{"id":"24422564","caption_id":"116941","seq":"102","text":"Nobody pray for me","translate_comment":"","start":"316.96","dur":"2.019","is_scores":null,"created_at":"1512612437","updated_at":null},{"id":"24422565","caption_id":"116941","seq":"103","text":"Even a day for me","translate_comment":"","start":"318.98","dur":"1.5","is_scores":null,"created_at":"1512612437","updated_at":null},{"id":"24422566","caption_id":"116941","seq":"104","text":"Make it on your own, but I don't want to grow up,","translate_comment":"","start":"320.54","dur":"2.32","is_scores":null,"created_at":"1512612437","updated_at":null},{"id":"24422567","caption_id":"116941","seq":"105","text":"we can stay forever young","translate_comment":"","start":"322.86","dur":"1.24","is_scores":null,"created_at":"1512612437","updated_at":null},{"id":"24422568","caption_id":"116941","seq":"106","text":"All you have to do is stay","translate_comment":"","start":"324.14","dur":"2.54","is_scores":null,"created_at":"1512612437","updated_at":null},{"id":"24422569","caption_id":"116941","seq":"107","text":"Sorry guys, looks like you were interrupted there","translate_comment":"","start":"328.82","dur":"1.899","is_scores":null,"created_at":"1512612437","updated_at":null},{"id":"24422570","caption_id":"116941","seq":"108","text":"You were about to tell me about 2017?","translate_comment":"","start":"330.92","dur":"2.46","is_scores":null,"created_at":"1512612437","updated_at":null},{"id":"24422571","caption_id":"116941","seq":"109","text":"It was, uh","translate_comment":"","start":"335.64","dur":"1.24","is_scores":null,"created_at":"1512612437","updated_at":null},{"id":"24422572","caption_id":"116941","seq":"110","text":"It was, it was good.","translate_comment":"","start":"336.88","dur":"1.24","is_scores":null,"created_at":"1512612437","updated_at":null},{"id":"24422573","caption_id":"116941","seq":"111","text":"Okay.","translate_comment":"","start":"338.16","dur":"1.08","is_scores":null,"created_at":"1512612437","updated_at":null}],"zh-Hant":[{"id":"27343273","caption_id":"127409","seq":"1","text":"\u6b61\u8fce\u4f86\u5230 YouTube \u5e74\u5ea6\u56de\u9867","translate_comment":"","start":"6.18","dur":"2.539","is_scores":null,"created_at":"1522130030","updated_at":null},{"id":"27343274","caption_id":"127409","seq":"2","text":"\u4eca\u5929\u6211\u5011\u9080\u8acb\u5230\u4e86\u5169\u4f4d\u7279\u5225\u5609\u8cd3","translate_comment":"","start":"8.48","dur":"2.42","is_scores":null,"created_at":"1522130030","updated_at":null},{"id":"27343275","caption_id":"127409","seq":"3","text":"Lele \u548c Liza\uff0c\u8aaa\u8aaa 2017 \u767c\u751f\u4e86\u54ea\u4e9b\u4e8b\u5427\uff01","translate_comment":"","start":"10.9","dur":"3.54","is_scores":null,"created_at":"1522130030","updated_at":null},{"id":"27343276","caption_id":"127409","seq":"4","text":"\u5662\u4e0d","translate_comment":"","start":"14.44","dur":"1.76","is_scores":null,"created_at":"1522130030","updated_at":null},{"id":"27343277","caption_id":"127409","seq":"5","text":"\u563f\u8036","translate_comment":"","start":"17.6","dur":"1.32","is_scores":null,"created_at":"1522130030","updated_at":null},{"id":"27343278","caption_id":"127409","seq":"6","text":"\u6162\u6162\u4f86","translate_comment":"","start":"19.2","dur":"2.02","is_scores":null,"created_at":"1522130030","updated_at":null},{"id":"27343279","caption_id":"127409","seq":"7","text":"\u6211\u60f3\u8981\u5c0d\u4f60\u7684\u8116\u5b50\u8f15\u8f15\u5439\u6c23","translate_comment":"","start":"21.22","dur":"3.38","is_scores":null,"created_at":"1522130030","updated_at":null},{"id":"27343280","caption_id":"127409","seq":"8","text":"\u60f3\u5728\u4f60\u7684\u8033\u908a\u8f15\u8f15\u5462\u5583","translate_comment":"","start":"24.5","dur":"2.38","is_scores":null,"created_at":"1522130030","updated_at":null},{"id":"27343281","caption_id":"127409","seq":"9","text":"\u9019\u9ebc\u4e00\u4f86\uff0c\u5c31\u7b97\u4e0d\u5728\u4f60\u8eab\u908a\uff0c\u4f60\u4ecd\u6703\u6df1\u6df1\u8a18\u4f4f\u6211","translate_comment":"","start":"26.88","dur":"2.059","is_scores":null,"created_at":"1522130030","updated_at":null},{"id":"27343282","caption_id":"127409","seq":"10","text":"(\u518d\u4f86\uff0c\u518d\u4f86\uff0c\u518d\u4f86\uff0c\u518d\u4f86)","translate_comment":"","start":"28.94","dur":"1.22","is_scores":null,"created_at":"1522130030","updated_at":null},{"id":"27343283","caption_id":"127409","seq":"11","text":"(\u6211\u5df2\u5c0d\u4f60\u7684\u8eab\u5f71\u6df1\u6df1\u5730\u8457\u8ff7)","translate_comment":"","start":"30.16","dur":"1.32","is_scores":null,"created_at":"1522130030","updated_at":null},{"id":"27343284","caption_id":"127409","seq":"12","text":"\u6211\u60f3\u770b\u4f60\u9aee\u7d72\u98db\u821e\uff0c\u60f3\u8b8a\u6210\u4f60\u7684\u7bc0\u594f","translate_comment":"","start":"31.48","dur":"3.88","is_scores":null,"created_at":"1522130030","updated_at":null},{"id":"27343285","caption_id":"127409","seq":"13","text":"\u6211\u60f3\u8981\u4f60\u5c55\u73fe\u4f60\u6700\u68d2\u7684\u5730\u65b9","translate_comment":"","start":"35.36","dur":"3.24","is_scores":null,"created_at":"1522130030","updated_at":null},{"id":"27343286","caption_id":"127409","seq":"14","text":"\u518d\u737b\u7d66\u6211\u7684\u5507","translate_comment":"","start":"38.6","dur":"2.26","is_scores":null,"created_at":"1522130030","updated_at":null},{"id":"27343287","caption_id":"127409","seq":"15","text":"\u4e00\u6b65\u4e00\u6b65\uff0c\u8f15\u8f15\u5730\u4f86","translate_comment":"","start":"41.38","dur":"2.46","is_scores":null,"created_at":"1522130030","updated_at":null},{"id":"27343288","caption_id":"127409","seq":"16","text":"\u4e00\u9ede\u4e00\u9ede\u5730\u66f4\u8cbc\u8fd1 (\u6211\u5df2\u5c0d\u4f60\u7684\u8eab\u5f71\u6df1\u6df1\u5730\u8457\u8ff7)","translate_comment":"","start":"43.84","dur":"3.48","is_scores":null,"created_at":"1522130030","updated_at":null},{"id":"27343289","caption_id":"127409","seq":"17","text":"(\u54ce\u5440)","translate_comment":"","start":"47.54","dur":"2.22","is_scores":null,"created_at":"1522130030","updated_at":null},{"id":"27343290","caption_id":"127409","seq":"18","text":"\u6c92\u6709\u4eba\u70ba\u6211\u7948\u79b1","translate_comment":"","start":"55.14","dur":"1.8","is_scores":null,"created_at":"1522130030","updated_at":null},{"id":"27343291","caption_id":"127409","seq":"19","text":"\u4e00\u5929\u90fd\u6c92\u6709","translate_comment":"","start":"56.94","dur":"1.5","is_scores":null,"created_at":"1522130030","updated_at":null},{"id":"27343292","caption_id":"127409","seq":"20","text":"\u5582 (\u8036\uff01\u8036\uff01)","translate_comment":"","start":"58.44","dur":"2.2","is_scores":null,"created_at":"1522130030","updated_at":null},{"id":"27343293","caption_id":"127409","seq":"21","text":"(\u7b49\u7b49\uff0c\u7b49\u7b49\uff0c\u7b49\u7b49\uff0c\u7b49\u7b49) \u5750\u597d\uff01","translate_comment":"","start":"60.84","dur":"3.54","is_scores":null,"created_at":"1522130030","updated_at":null},{"id":"27343294","caption_id":"127409","seq":"22","text":"(\u7b49\u7b49\uff0c\u7b49\u7b49\uff0c\u7b49\u7b49\uff0c\u7b49\u7b49) \u6536\u6582\u4e00\u9ede\uff01","translate_comment":"","start":"64.379","dur":"3.141","is_scores":null,"created_at":"1522130030","updated_at":null},{"id":"27343295","caption_id":"127409","seq":"23","text":"(\u7b49\u7b49\uff0c\u7b49\u7b49\uff0c\u7b49\u7b49\uff0c\u7b49\u7b49) \u5750\u597d\uff01","translate_comment":"","start":"67.52","dur":"2.48","is_scores":null,"created_at":"1522130030","updated_at":null},{"id":"27343296","caption_id":"127409","seq":"24","text":"\u6536\u6582\u9ede\uff01","translate_comment":"","start":"70.4","dur":"1.4","is_scores":null,"created_at":"1522130030","updated_at":null},{"id":"27343297","caption_id":"127409","seq":"25","text":"(\u7b49\u7b49\uff0c\u7b49\u7b49\uff0c\u7b49\u7b49\uff0c\u7b49\u7b49) \u5750\u597d\uff01","translate_comment":"","start":"71.8","dur":"1.48","is_scores":null,"created_at":"1522130030","updated_at":null},{"id":"27343298","caption_id":"127409","seq":"26","text":"\u5750\u597d\uff01(\u8036\uff01)","translate_comment":"","start":"73.28","dur":"1.36","is_scores":null,"created_at":"1522130030","updated_at":null},{"id":"27343299","caption_id":"127409","seq":"27","text":"\u6bcf\u5929\u90fd\u767c\u73fe\u5168\u65b0\u7684\u9a5a\u559c (\u5168\u65b0\u7684)","translate_comment":"","start":"74.64","dur":"3.6","is_scores":null,"created_at":"1522130030","updated_at":null},{"id":"27343300","caption_id":"127409","seq":"28","text":"\u73fe\u5728\u6211\u60f3\u9019\u6a23\u5b50\u5531\uff1a","translate_comment":"","start":"79.82","dur":"1.64","is_scores":null,"created_at":"1522130030","updated_at":null},{"id":"27343301","caption_id":"127409","seq":"29","text":"\u5973\u5b69\uff0c\u4f60\u77e5\u9053\u6211\u60f3\u8981\u4f60\u7684\u5fc3","translate_comment":"","start":"81.46","dur":"2.2","is_scores":null,"created_at":"1522130030","updated_at":null},{"id":"27343302","caption_id":"127409","seq":"30","text":"\u4f60\u7684\u5fc3\u662f\u70ba\u4e86\u50cf\u6211\u9019\u6a23\u7684\u4eba\u5c08\u5c6c\u6253\u9020\u7684","translate_comment":"","start":"83.66","dur":"2.76","is_scores":null,"created_at":"1522130030","updated_at":null},{"id":"27343303","caption_id":"127409","seq":"31","text":"\u6211\u53ef\u80fd\u760b\u4e86\uff0c\u4f46\u6c92\u95dc\u4fc2","translate_comment":"","start":"86.42","dur":"1.88","is_scores":null,"created_at":"1522130030","updated_at":null},{"id":"27343304","caption_id":"127409","seq":"32","text":"\u6211\u8aaa\uff0c\u4f86\u5427\uff01\u8ddf\u8457\u6211\u7684\u8173\u6b65\uff01","translate_comment":"","start":"88.3","dur":"1.319","is_scores":null,"created_at":"1522130030","updated_at":null},{"id":"27343305","caption_id":"127409","seq":"33","text":"\u6211\u5df2\u70ba\u4f60\u7684\u8eab\u6750\u6df1\u6df1\u5730\u8457\u8ff7","translate_comment":"","start":"89.62","dur":"1.3","is_scores":null,"created_at":"1522130030","updated_at":null},{"id":"27343306","caption_id":"127409","seq":"34","text":"\u5662\u554a\u2014\uff01\u5662\u554a\u2014\uff01\u5662\u554a\u2014\uff01\u5662\u554a\u2014\uff01(\u4f86\u5427\uff01\u73fe\u5728\u5c31\u8ddf\u8457\u6211\u7684\u8173\u6b65\uff01)","translate_comment":"","start":"90.92","dur":"1.82","is_scores":null,"created_at":"1522130030","updated_at":null},{"id":"27343307","caption_id":"127409","seq":"35","text":"\u4f86\u5427\uff01\u73fe\u5728\u5c31\u8ddf\u8457\u6211\u7684\u8173\u6b65\uff01","translate_comment":"","start":"92.84","dur":"1.5","is_scores":null,"created_at":"1522130030","updated_at":null},{"id":"27343308","caption_id":"127409","seq":"36","text":"\u6211\u5df2\u5c0d\u4f60\u7684\u8eab\u5f71\u6df1\u6df1\u5730\u8457\u8ff7","translate_comment":"","start":"94.34","dur":"1.3","is_scores":null,"created_at":"1522130030","updated_at":null},{"id":"27343309","caption_id":"127409","seq":"37","text":"\u5662\u554a\u2014\uff01\u5662\u554a\u2014\uff01\u5662\u554a\u2014\uff01\u5662\u554a\u2014\uff01","translate_comment":"","start":"95.64","dur":"1.88","is_scores":null,"created_at":"1522130030","updated_at":null},{"id":"27343310","caption_id":"127409","seq":"38","text":"\u4f86\u5427\uff01\u73fe\u5728\u5c31\u8ddf\u8457\u6211\u7684\u8173\u6b65\uff01","translate_comment":"","start":"97.52","dur":"2.26","is_scores":null,"created_at":"1522130030","updated_at":null},{"id":"27343311","caption_id":"127409","seq":"39","text":"\u6211\u5df2\u70ba\u4f60\u7684\u8eab\u6750\u6df1\u6df1\u5730\u8457\u8ff7","translate_comment":"","start":"101.18","dur":"1.76","is_scores":null,"created_at":"1522130030","updated_at":null},{"id":"27343312","caption_id":"127409","seq":"40","text":"\u4f86\u5427\uff0c\u505a\u6211\u7684\u5bf6\u8c9d\uff0c\u4f86\u5427\uff01","translate_comment":"","start":"102.94","dur":"2.54","is_scores":null,"created_at":"1522130030","updated_at":null},{"id":"27343313","caption_id":"127409","seq":"41","text":"\u4f86\u5427\uff0c\u7576\u6211\u7684\u60c5\u4eba\uff0c\u4f86\u5427\uff01","translate_comment":"","start":"105.48","dur":"1.86","is_scores":null,"created_at":"1522130030","updated_at":null},{"id":"27343314","caption_id":"127409","seq":"42","text":"\u4f86\u5427\uff0c\u6295\u5411\u6211\u7684\u61f7\u62b1\uff01","translate_comment":"","start":"107.34","dur":"1.3","is_scores":null,"created_at":"1522130030","updated_at":null},{"id":"27343315","caption_id":"127409","seq":"43","text":"\u5225\u6025\uff01","translate_comment":"","start":"108.64","dur":"1.1","is_scores":null,"created_at":"1522130030","updated_at":null},{"id":"27343316","caption_id":"127409","seq":"44","text":"\u5662\u554a\u2014\uff01\u5662\u554a\u2014\uff01\u5662\u554a\u2014\uff01\u5662\u554a\u2014\uff01","translate_comment":"","start":"112.96","dur":"2.459","is_scores":null,"created_at":"1522130030","updated_at":null},{"id":"27343317","caption_id":"127409","seq":"45","text":"\u5662\u554a\u2014\uff01\u5662\u554a\u2014\uff01\u5662\u554a\u2014\uff01\u5662\u554a\u2014\uff01(\u9019\u5c31\u50cf\u662f Grey Poupon \u7684\u82a5\u672b\u3001\u4f9d\u96f2\u7926\u6cc9\u6c34\u548c TED \u6f14\u8b1b\u4e00\u6a23)","translate_comment":"","start":"120.82","dur":"4.939","is_scores":null,"created_at":"1522130030","updated_at":null},{"id":"27343318","caption_id":"127409","seq":"46","text":"\u5750\u597d\uff0c\u6536\u6582\u4e00\u9ede\uff01","translate_comment":"","start":"132.48","dur":"1.919","is_scores":null,"created_at":"1522130030","updated_at":null},{"id":"27343319","caption_id":"127409","seq":"47","text":"\u5750\u597d\uff0c\u6536\u6582\u4e00\u9ede\uff01","translate_comment":"","start":"134.52","dur":"1.94","is_scores":null,"created_at":"1522130030","updated_at":null},{"id":"27343320","caption_id":"127409","seq":"48","text":"\u5750\u597d\uff0c\u6536\u6582\u4e00\u9ede\uff01","translate_comment":"","start":"136.58","dur":"1.9","is_scores":null,"created_at":"1522130030","updated_at":null},{"id":"27343321","caption_id":"127409","seq":"49","text":"\u5750\u597d\uff01","translate_comment":"","start":"138.48","dur":"1.4","is_scores":null,"created_at":"1522130030","updated_at":null},{"id":"27343322","caption_id":"127409","seq":"50","text":"\u5662\u554a\u2014\uff01\u5662\u554a\u2014\uff01\u5662\u554a\u2014\uff01\u5662\u554a\u2014\uff01","translate_comment":"","start":"140.84","dur":"2.66","is_scores":null,"created_at":"1522130030","updated_at":null},{"id":"27343323","caption_id":"127409","seq":"51","text":"\u6709\u4eba\u66fe\u8ddf\u6211\u8aaa\u4e16\u754c\u5c07\u6703\u628a\u6211\u6efe\u5e73 (\u4e16\u754c\u5c07\u628a\u6211\u6efe\u5e73)","translate_comment":"","start":"153.64","dur":"4.84","is_scores":null,"created_at":"1522130030","updated_at":null},{"id":"27343324","caption_id":"127409","seq":"52","text":"\u7b49\u7b49","translate_comment":"","start":"161.18","dur":"0.7","is_scores":null,"created_at":"1522130030","updated_at":null},{"id":"27343325","caption_id":"127409","seq":"53","text":"\u4f60\u61c9\u8a72\u8981\u505a\u7684\u4e8b\u662f\u4f11\u606f\u4e00\u4e0b","translate_comment":"","start":"161.88","dur":"2.68","is_scores":null,"created_at":"1522130030","updated_at":null},{"id":"27343326","caption_id":"127409","seq":"54","text":"\u6162\u6162\u4f86","translate_comment":"","start":"164.56","dur":"1.9","is_scores":null,"created_at":"1522130030","updated_at":null},{"id":"27343327","caption_id":"127409","seq":"55","text":"\u6642\u9593\u4ecd\u5728\u8d70\uff0c\u6240\u4ee5\u505c\u4e00\u4e0b\u5427\uff01","translate_comment":"","start":"166.46","dur":"3.76","is_scores":null,"created_at":"1522130030","updated_at":null},{"id":"27343328","caption_id":"127409","seq":"56","text":"\u727d\u8457\u6211\u7684\u624b\uff0c\u6211\u7684\u624b","translate_comment":"","start":"170.26","dur":"2.44","is_scores":null,"created_at":"1522130030","updated_at":null},{"id":"27343329","caption_id":"127409","seq":"57","text":"\u6642\u9593\u4ecd\u5728\u8d70\uff0c\u6240\u4ee5\u505c\u4e00\u4e0b\u5427\uff01","translate_comment":"","start":"172.74","dur":"2.76","is_scores":null,"created_at":"1522130030","updated_at":null},{"id":"27343330","caption_id":"127409","seq":"58","text":"\u4f60\u61c9\u8a72\u8981\u505a\u7684\u4e8b\u662f\u505c\u4e0b\u4f86","translate_comment":"","start":"175.56","dur":"2.24","is_scores":null,"created_at":"1522130030","updated_at":null},{"id":"27343331","caption_id":"127409","seq":"59","text":"\u2026\u5927\u90e8\u5206\u7684\u4f11\u58eb\u9813\u5730\u5340\u4ecd\u8655\u65bc\u5931\u4fee\u72c0\u614b\u2026","translate_comment":"","start":"180.76","dur":"2.24","is_scores":null,"created_at":"1522130030","updated_at":null},{"id":"27343332","caption_id":"127409","seq":"60","text":"\u2026\u6536\u5230\u7206\u70b8\u7684\u6d88\u606f\u2026","translate_comment":"","start":"183.8","dur":"1.18","is_scores":null,"created_at":"1522130030","updated_at":null},{"id":"27343333","caption_id":"127409","seq":"61","text":"Ariana Grande","translate_comment":"","start":"185.14","dur":"1.819","is_scores":null,"created_at":"1522130030","updated_at":null},{"id":"27343334","caption_id":"127409","seq":"62","text":"\u7684\u6f14\u5531\u6703","translate_comment":"","start":"187","dur":"1.76","is_scores":null,"created_at":"1522130030","updated_at":null},{"id":"27343335","caption_id":"127409","seq":"63","text":"\u2026\u9019\u662f\u5f88\u8271\u56f0\u7684\u6642\u671f\uff0c\u4f46\u6211\u5011\u66fe\u5171\u540c\u7d93\u6b77\u9019\u6a23\u8271\u56f0\u7684\u6642\u671f\u2026","translate_comment":"","start":"188.96","dur":"3.7","is_scores":null,"created_at":"1522130030","updated_at":null},{"id":"27343336","caption_id":"127409","seq":"64","text":"\u6709\u5f88\u591a\u4f86\u5e6b\u5fd9\u7684\u5f1f\u5144\u59ca\u59b9\u5011\u2026","translate_comment":"","start":"195.16","dur":"2.78","is_scores":null,"created_at":"1522130030","updated_at":null},{"id":"27343337","caption_id":"127409","seq":"65","text":"\u793e\u5340\u4e4b\u9593\u91cd\u6574\u65d7\u9f13\u4f86\u7d66\u4e88\u5354\u52a9\u2026","translate_comment":"","start":"198.34","dur":"2.18","is_scores":null,"created_at":"1522130030","updated_at":null},{"id":"27343338","caption_id":"127409","seq":"66","text":"\u2026\u548c\u5fd7\u5de5\u5011\u5171\u540c\u7d44\u7e54\u4f86\u79fb\u9664\u74e6\u792b\u5806","translate_comment":"","start":"200.52","dur":"3.26","is_scores":null,"created_at":"1522130030","updated_at":null},{"id":"27343339","caption_id":"127409","seq":"67","text":"\u6350\u8840\u7684\u4eba\u6f6e\u5df2\u74b0\u74b0\u7e5e\u8457\u8840\u5eab\u2026","translate_comment":"","start":"203.78","dur":"3.82","is_scores":null,"created_at":"1522130030","updated_at":null},{"id":"27343340","caption_id":"127409","seq":"68","text":"\u2026\u800c\u4e14\u5927\u5bb6\u90fd\u76e1\u81ea\u5df1\u6240\u80fd\u5730\u5e6b\u5fd9\u2026","translate_comment":"","start":"207.6","dur":"2.52","is_scores":null,"created_at":"1522130030","updated_at":null},{"id":"27343341","caption_id":"127409","seq":"69","text":"\u5927\u5bb6\u4f4f\u5728\u4e00\u8d77\u7684\u611f\u89ba\u5f88\u597d\uff0c\u4f46\u5927\u5bb6\u4e00\u8d77\u7d44\u7e54\u7684\u611f\u89ba\u751a\u81f3\u66f4\u597d\u3002","translate_comment":"","start":"210.12","dur":"3.4","is_scores":null,"created_at":"1522130030","updated_at":null},{"id":"27343342","caption_id":"127409","seq":"70","text":"\u73fe\u5728\u662f\u8981\u70ba\u4e86\u5176\u4ed6\u4eba\u7ad9\u51fa\u4f86\u652f\u6301\u7684\u6642\u523b","translate_comment":"","start":"213.52","dur":"3.18","is_scores":null,"created_at":"1522130030","updated_at":null},{"id":"27343343","caption_id":"127409","seq":"71","text":"\u5c0d\u7684\uff0c\u4f60\u770b\u5230\u7684\u5c31\u662f\u4e8b\u5be6\uff0c\u9322\u662f\u4e0d\u6703\u9a19\u4eba\u7684\uff01","translate_comment":"","start":"232.22","dur":"2.78","is_scores":null,"created_at":"1522130030","updated_at":null},{"id":"27343344","caption_id":"127409","seq":"72","text":"\u6211\u5c31\u662f\u4f60\u60f3\u627e\u7684\u90a3\u500b\u4eba\uff0c\u5c0d\uff0c\u5c31\u662f\u90a3\u500b\u4eba","translate_comment":"","start":"235","dur":"1.88","is_scores":null,"created_at":"1522130030","updated_at":null},{"id":"27343345","caption_id":"127409","seq":"73","text":"\u6bcf\u5929\u6e05\u6668\u4e4b\u6642\uff0c\u6211\u77e5\u9053\u4f60\u6b63\u60f3\u8457\u8981\u642d\u8eca (\u6211\u5c31\u662f\u4f60\u60f3\u627e\u7684\u4eba\uff0c\u8036\uff01)","translate_comment":"","start":"236.88","dur":"3.72","is_scores":null,"created_at":"1522130030","updated_at":null},{"id":"27343346","caption_id":"127409","seq":"74","text":"\u82e5\u6211\u5411\u4f60\u7d22\u543b\uff0c\u4f60\u5c31\u7d66\u6211\u5427\uff01\u6211\u77e5\u9053\u4f60\u4e5f\u5728\u60f3\u8457\u540c\u6a23\u7684\u4e8b\uff01","translate_comment":"","start":"240.7","dur":"2.78","is_scores":null,"created_at":"1522130030","updated_at":null},{"id":"27343347","caption_id":"127409","seq":"75","text":"\u56e0\u70ba\u6211\u4e5f\u60f3\u8457\u9019\u6a23\u4e00\u9663\u5b50\u4e86\u3002\u62dc\u8a17\uff0c\u7d66\u6211\u60f3\u8981\u7684\u5427\uff01","translate_comment":"","start":"243.56","dur":"2.62","is_scores":null,"created_at":"1522130030","updated_at":null},{"id":"27343348","caption_id":"127409","seq":"76","text":"\u4f60\u8b93\u6211\u611f\u5230\u5fc3\u8df3\u52a0\u901f","translate_comment":"","start":"246.28","dur":"2.1","is_scores":null,"created_at":"1522130030","updated_at":null},{"id":"27343349","caption_id":"127409","seq":"77","text":"\u89aa\u611b\u7684\uff0c\u6211\u76f8\u4fe1\u6211\u4e5f\u8b93\u4f60\u611f\u5230\u5fc3\u8df3\u52a0\u901f","translate_comment":"","start":"248.54","dur":"3.46","is_scores":null,"created_at":"1522130030","updated_at":null},{"id":"27343350","caption_id":"127409","seq":"78","text":"\u4f60\u77e5\u4e0d\u77e5\u9053\uff0c\u5973\u5b69\uff1f\u4f60\u77e5\u4e0d\u77e5\u9053\uff0c\u5973\u5b69\uff1f","translate_comment":"","start":"260.54","dur":"2.38","is_scores":null,"created_at":"1522130030","updated_at":null},{"id":"27343351","caption_id":"127409","seq":"79","text":"\u6211\u662f\u4f60\u5728\u5c0b\u627e\u7684\u552f\u4e00 (\u6211\u7684\u4e00\u64ca\u99ac\u4e0a\u9020\u6210\u8f5f\u52d5)","translate_comment":"","start":"262.92","dur":"2.22","is_scores":null,"created_at":"1522130030","updated_at":null},{"id":"27343352","caption_id":"127409","seq":"80","text":"\u4f60\u77e5\u4e0d\u77e5\u9053\uff0c\u5973\u5b69\uff1f\u4f60\u77e5\u4e0d\u77e5\u9053\uff0c\u5973\u5b69\uff1f","translate_comment":"","start":"265.28","dur":"2.1","is_scores":null,"created_at":"1522130030","updated_at":null},{"id":"27343353","caption_id":"127409","seq":"81","text":"\u6211\u662f\u4f60\u5728\u5c0b\u627e\u7684\u552f\u4e00","translate_comment":"","start":"267.42","dur":"1.36","is_scores":null,"created_at":"1522130030","updated_at":null},{"id":"27343354","caption_id":"127409","seq":"82","text":"\u4f60\u61c9\u8a72\u8981\u505a\u7684\u662f\u4f11\u606f\u4e00\u4e0b (\u5750\u597d)","translate_comment":"","start":"268.84","dur":"2.759","is_scores":null,"created_at":"1522130030","updated_at":null},{"id":"27343355","caption_id":"127409","seq":"83","text":"\u6162\u6162\u4f86\u5427","translate_comment":"","start":"272.16","dur":"2.34","is_scores":null,"created_at":"1522130030","updated_at":null},{"id":"27343356","caption_id":"127409","seq":"84","text":"\u5750\u597d (\u5750\u597d)","translate_comment":"","start":"274.5","dur":"1.18","is_scores":null,"created_at":"1522130030","updated_at":null},{"id":"27343357","caption_id":"127409","seq":"85","text":"\u6536\u6582\u4e00\u9ede (\u6536\u6582\u4e00\u9ede)","translate_comment":"","start":"275.68","dur":"1.1","is_scores":null,"created_at":"1522130030","updated_at":null},{"id":"27343358","caption_id":"127409","seq":"86","text":"\u5ca9\u6f3f\u5730\u677f\uff01","translate_comment":"","start":"276.78","dur":"2.199","is_scores":null,"created_at":"1522130030","updated_at":null},{"id":"27343359","caption_id":"127409","seq":"87","text":"\u4e00\u6b65\u4e00\u6b65\u4f86\uff0c\u8f15\u8f15\u5730\u8d70","translate_comment":"","start":"278.98","dur":"2.24","is_scores":null,"created_at":"1522130030","updated_at":null},{"id":"27343360","caption_id":"127409","seq":"88","text":"\u4e00\u9ede\u4e00\u9ede\u5730\u66f4\u52a0\u8cbc\u8fd1","translate_comment":"","start":"281.22","dur":"2.16","is_scores":null,"created_at":"1522130030","updated_at":null},{"id":"27343361","caption_id":"127409","seq":"89","text":"\u6211\u662f Poppy (\u4e00\u6b65\u4e00\u6b65\u4f86\uff0c\u8f15\u8f15\u5730\u8d70)","translate_comment":"","start":"283.38","dur":"2.779","is_scores":null,"created_at":"1522130030","updated_at":null},{"id":"27343362","caption_id":"127409","seq":"90","text":"\u7537\u4eba\u4e0d\u6015\u71b1 (\u4e00\u9ede\u4e00\u9ede\u5730\u66f4\u52a0\u8cbc\u8fd1)","translate_comment":"","start":"286.16","dur":"1.98","is_scores":null,"created_at":"1522130030","updated_at":null},{"id":"27343363","caption_id":"127409","seq":"91","text":"\u6211\u60f3\u6211\u9700\u8981\u4f60 (\u4f86\u5427\uff0c\u6210\u70ba\u6211\u7684\u5bf6\u8c9d\uff01)","translate_comment":"","start":"288.42","dur":"2.3","is_scores":null,"created_at":"1522130030","updated_at":null},{"id":"27343364","caption_id":"127409","seq":"92","text":"\u800c\u4e14\u6211\u9700\u8981\u9019\u6a23\u505a (\u4f86\u5427\uff0c\u6210\u70ba\u6211\u7684\u5bf6\u8c9d\uff01)","translate_comment":"","start":"290.72","dur":"2.88","is_scores":null,"created_at":"1522130030","updated_at":null},{"id":"27343365","caption_id":"127409","seq":"93","text":"\u6211\u60f3\u6211\u9700\u8981\u4f60","translate_comment":"","start":"293.6","dur":"1.6","is_scores":null,"created_at":"1522130030","updated_at":null},{"id":"27343366","caption_id":"127409","seq":"94","text":"\u4f60\u61c9\u8a72\u8981\u505a\u7684\u662f\u4f11\u606f\u4e00\u4e0b","translate_comment":"","start":"295.28","dur":"2.92","is_scores":null,"created_at":"1522130030","updated_at":null},{"id":"27343367","caption_id":"127409","seq":"95","text":"\u6162\u6162\u4f86\u5427","translate_comment":"","start":"298.2","dur":"2.98","is_scores":null,"created_at":"1522130030","updated_at":null},{"id":"27343368","caption_id":"127409","seq":"96","text":"\u6c92\u932f\uff0c\u4f60\u5c0d\u5176\u4ed6\u6a21\u4eff\u8005\u611f\u5230\u53ad\u7169","translate_comment":"","start":"301.4","dur":"2.38","is_scores":null,"created_at":"1522130030","updated_at":null},{"id":"27343369","caption_id":"127409","seq":"97","text":"\u5c31\u4e0d\u8981\u8b93\u6700\u771f\u5be6\u7684\u90a3\u500b\u5a01\u8105\u4f60","translate_comment":"","start":"303.78","dur":"2.56","is_scores":null,"created_at":"1522130030","updated_at":null},{"id":"27343370","caption_id":"127409","seq":"98","text":"\u6c92\u6709\u4eba\u70ba\u6211\u7948\u79b1","translate_comment":"","start":"307.16","dur":"2.3","is_scores":null,"created_at":"1522130030","updated_at":null},{"id":"27343371","caption_id":"127409","seq":"99","text":"\u4e00\u5929\u90fd\u6c92\u6709","translate_comment":"","start":"309.46","dur":"1.48","is_scores":null,"created_at":"1522130030","updated_at":null},{"id":"27343372","caption_id":"127409","seq":"100","text":"\u6bcf\u5929\u90fd\u767c\u73fe\u5168\u65b0\u7684\u9a5a\u559c","translate_comment":"","start":"311","dur":"3.14","is_scores":null,"created_at":"1522130030","updated_at":null},{"id":"27343373","caption_id":"127409","seq":"101","text":"\u6211\u5df2\u5c0d\u4f60\u7684\u8eab\u5f71\u6df1\u6df1\u5730\u8457\u8ff7","translate_comment":"","start":"314.14","dur":"2.68","is_scores":null,"created_at":"1522130030","updated_at":null},{"id":"27343374","caption_id":"127409","seq":"102","text":"\u6c92\u6709\u4eba\u70ba\u6211\u7948\u79b1","translate_comment":"","start":"316.96","dur":"2.019","is_scores":null,"created_at":"1522130030","updated_at":null},{"id":"27343375","caption_id":"127409","seq":"103","text":"\u4e00\u5929\u90fd\u6c92\u6709","translate_comment":"","start":"318.98","dur":"1.5","is_scores":null,"created_at":"1522130030","updated_at":null},{"id":"27343376","caption_id":"127409","seq":"104","text":"\u4f60\u81ea\u5df1\u505a\u6c7a\u5b9a\uff0c\u4f46\u6211\u4e0d\u60f3\u8981\u9577\u5927","translate_comment":"","start":"320.54","dur":"2.32","is_scores":null,"created_at":"1522130030","updated_at":null},{"id":"27343377","caption_id":"127409","seq":"105","text":"\u6211\u5011\u53ef\u4ee5\u6c38\u9060\u5e74\u8f15","translate_comment":"","start":"322.86","dur":"1.24","is_scores":null,"created_at":"1522130030","updated_at":null},{"id":"27343378","caption_id":"127409","seq":"106","text":"\u4f60\u61c9\u8a72\u8981\u505a\u7684\u662f\u4f11\u606f\u4e00\u4e0b","translate_comment":"","start":"324.14","dur":"2.54","is_scores":null,"created_at":"1522130030","updated_at":null},{"id":"27343379","caption_id":"127409","seq":"107","text":"\u4e0d\u597d\u610f\u601d\uff0c\u770b\u4f86\u6211\u8981\u5728\u9019\u88e1\u6253\u65b7\u4f60\u5011\u4e86","translate_comment":"","start":"328.82","dur":"1.899","is_scores":null,"created_at":"1522130030","updated_at":null},{"id":"27343380","caption_id":"127409","seq":"108","text":"\u4f60\u5011\u8981\u8ddf\u6211\u8aaa 2017 \u767c\u751f\u4e86\u4ec0\u9ebc\u4e8b","translate_comment":"","start":"330.92","dur":"2.46","is_scores":null,"created_at":"1522130030","updated_at":null},{"id":"27343381","caption_id":"127409","seq":"109","text":"\u90a3\u500b\uff0c\u5443\u2026","translate_comment":"","start":"335.64","dur":"1.24","is_scores":null,"created_at":"1522130030","updated_at":null},{"id":"27343382","caption_id":"127409","seq":"110","text":"2017 \u5e74\u2026 \u5f88\u68d2\uff01","translate_comment":"","start":"336.88","dur":"1.24","is_scores":null,"created_at":"1522130030","updated_at":null},{"id":"27343383","caption_id":"127409","seq":"111","text":"\u662f\u7684","translate_comment":"","start":"338.16","dur":"1.08","is_scores":null,"created_at":"1522130030","updated_at":null}]}