{"en":[{"id":"28007884","caption_id":"130784","seq":"1","text":"Your wedding day is supposed to be the happiest day of your life.","translate_comment":"","start":"0.32","dur":"2.82","is_scores":null,"created_at":"1522407475","updated_at":null},{"id":"28007885","caption_id":"130784","seq":"2","text":"So why do these people look like they're going to a funeral?","translate_comment":"","start":"3.74","dur":"3.02","is_scores":null,"created_at":"1522407475","updated_at":null},{"id":"28007886","caption_id":"130784","seq":"3","text":"But it wasn't just formal occasions.","translate_comment":"","start":"7.68","dur":"2","is_scores":null,"created_at":"1522407475","updated_at":null},{"id":"28007887","caption_id":"130784","seq":"4","text":"It was teens, children, and lots of people with mustaches.","translate_comment":"","start":"9.73","dur":"3.98","is_scores":null,"created_at":"1522407475","updated_at":null},{"id":"28007888","caption_id":"130784","seq":"5","text":"Why didn't people smile in old pictures?","translate_comment":"","start":"14.17","dur":"2.309","is_scores":null,"created_at":"1522407475","updated_at":null},{"id":"28007889","caption_id":"130784","seq":"6","text":"The simplest explanation is exposure time.","translate_comment":"","start":"17.359","dur":"1.731","is_scores":null,"created_at":"1522407475","updated_at":null},{"id":"28011980","caption_id":"130784","seq":"7","text":"That's basically how much light a camera needs to record an image.","translate_comment":"","start":"20","dur":"2","is_scores":null,"created_at":"1522469273","updated_at":null},{"id":"28007890","caption_id":"130784","seq":"8","text":"The longer the shutter is open, the longer the film is exposed to light.","translate_comment":"","start":"23.36","dur":"3.33","is_scores":null,"created_at":"1522407475","updated_at":null},{"id":"28007891","caption_id":"130784","seq":"9","text":"Early cameras and film took longer, so the thinking's that it was easier to hold a serious expression than a smile a smile if you were waiting minutes for your portrait.","translate_comment":"","start":"27.309","dur":"8.25","is_scores":null,"created_at":"1522407475","updated_at":null},{"id":"28007892","caption_id":"130784","seq":"10","text":"See this 1838 picture by Louis Daguerre?","translate_comment":"","start":"35.959","dur":"2.39","is_scores":null,"created_at":"1522407475","updated_at":null},{"id":"28007893","caption_id":"130784","seq":"11","text":"It's blurry because it probably took 10-15 minutes to take.","translate_comment":"","start":"38.77","dur":"3.66","is_scores":null,"created_at":"1522407475","updated_at":null},{"id":"28007894","caption_id":"130784","seq":"12","text":"All the people presumably moved during exposure \u2014 except for this bootblack and the guy getting his boots polished.","translate_comment":"","start":"42.78","dur":"5.84","is_scores":null,"created_at":"1522407475","updated_at":null},{"id":"28007895","caption_id":"130784","seq":"13","text":"You'd pose for a normal picture and a blurry one came out.","translate_comment":"","start":"49.19","dur":"2.81","is_scores":null,"created_at":"1522407475","updated_at":null},{"id":"28007896","caption_id":"130784","seq":"14","text":"But that problem was...fixed.","translate_comment":"","start":"52.5","dur":"1.819","is_scores":null,"created_at":"1522407475","updated_at":null},{"id":"28007897","caption_id":"130784","seq":"15","text":"Rapid advances in film technology, as well as commercial availability, made it easier to take pictures quickly.","translate_comment":"","start":"54.65","dur":"4.44","is_scores":null,"created_at":"1522407475","updated_at":null},{"id":"28011981","caption_id":"130784","seq":"16","text":"By the 1870s, bleeding edge photographers like Eadweard Muybridge were taking photographs that could split a second.","translate_comment":"","start":"60","dur":"7","is_scores":null,"created_at":"1522469644","updated_at":null},{"id":"28007898","caption_id":"130784","seq":"17","text":"To understand the real reason old pictures were so serious, you have to understand what portraits meant to people back then.","translate_comment":"","start":"68.13","dur":"6.5","is_scores":null,"created_at":"1522407475","updated_at":null},{"id":"28007899","caption_id":"130784","seq":"18","text":"Remember, before there were photos, portraits were\u2026painted.","translate_comment":"","start":"74.84","dur":"3.49","is_scores":null,"created_at":"1522407475","updated_at":null},{"id":"28007900","caption_id":"130784","seq":"19","text":"They were time-consuming, one-of-a-kind.","translate_comment":"","start":"78.75","dur":"3.17","is_scores":null,"created_at":"1522407475","updated_at":null},{"id":"28007901","caption_id":"130784","seq":"20","text":"That scarcity made the occasion pretty serious.","translate_comment":"","start":"82.28","dur":"3.22","is_scores":null,"created_at":"1522407475","updated_at":null},{"id":"28007902","caption_id":"130784","seq":"21","text":"And that mentality carried over to early photographs.","translate_comment":"","start":"85.77","dur":"2.529","is_scores":null,"created_at":"1522407475","updated_at":null},{"id":"28007903","caption_id":"130784","seq":"22","text":"Mark Twain, a professional humorist, said near the turn of the 20th century that...","translate_comment":"","start":"88.59","dur":"4.41","is_scores":null,"created_at":"1522407475","updated_at":null},{"id":"28011983","caption_id":"130784","seq":"23","text":"\"There is nothing more damning to go down to posterity than a silly, foolish smile caught and fixed forever.\"","translate_comment":"","start":"94","dur":"6","is_scores":null,"created_at":"1522469819","updated_at":null},{"id":"28011982","caption_id":"130784","seq":"24","text":"This is a guy who wrote stories about jumping frogs.","translate_comment":"","start":"101","dur":"2.8","is_scores":null,"created_at":"1522469734","updated_at":null},{"id":"28007904","caption_id":"130784","seq":"25","text":"But his viewpoint was typical.","translate_comment":"","start":"103.44","dur":"2.45","is_scores":null,"created_at":"1522407475","updated_at":null},{"id":"28007905","caption_id":"130784","seq":"26","text":"Take, for example, the oddly popular practice of posing dead bodies for \"lifelike portraits.\"","translate_comment":"","start":"105.4","dur":"4.69","is_scores":null,"created_at":"1522407475","updated_at":null},{"id":"28011984","caption_id":"130784","seq":"27","text":"The photos weren't a snapshot.","translate_comment":"","start":"111","dur":"1.7","is_scores":null,"created_at":"1522469884","updated_at":null},{"id":"28007906","caption_id":"130784","seq":"28","text":"They were a passage to immortality.","translate_comment":"","start":"112.97","dur":"2.73","is_scores":null,"created_at":"1522407475","updated_at":null},{"id":"28007907","caption_id":"130784","seq":"29","text":"A record of one's existence.","translate_comment":"","start":"115.7","dur":"1.08","is_scores":null,"created_at":"1522407475","updated_at":null},{"id":"28007908","caption_id":"130784","seq":"30","text":"By looking at the exceptions, it's easier to understand why most portraits were so grim.","translate_comment":"","start":"117.12","dur":"4.71","is_scores":null,"created_at":"1522407475","updated_at":null},{"id":"28007909","caption_id":"130784","seq":"31","text":"There are lots of smiling Victorians, hiding in photo collections around the world.","translate_comment":"","start":"122.3","dur":"3.949","is_scores":null,"created_at":"1522407475","updated_at":null},{"id":"28007910","caption_id":"130784","seq":"32","text":"As early as 1853, Mary Dillwyn captured a boy's smile on camera.","translate_comment":"","start":"126.449","dur":"4.491","is_scores":null,"created_at":"1522407475","updated_at":null},{"id":"28007911","caption_id":"130784","seq":"33","text":"Victorians were not constantly miserable \u2014they just usually got serious when they thought a portrait was being taken.","translate_comment":"","start":"131.78","dur":"6.43","is_scores":null,"created_at":"1522407475","updated_at":null},{"id":"28007912","caption_id":"130784","seq":"34","text":"As cameras became more common and photography improved, aesthetics changed and smiles returned.","translate_comment":"","start":"138.59","dur":"5.949","is_scores":null,"created_at":"1522407475","updated_at":null},{"id":"28007913","caption_id":"130784","seq":"35","text":"Later movies expanded the possibilities of recording real life.","translate_comment":"","start":"144.91","dur":"4.199","is_scores":null,"created_at":"1522407475","updated_at":null},{"id":"28007914","caption_id":"130784","seq":"36","text":"Portraiture broke free from the technology and aesthetics of painting.","translate_comment":"","start":"149.83","dur":"3.5","is_scores":null,"created_at":"1522407475","updated_at":null},{"id":"28007915","caption_id":"130784","seq":"37","text":"They discovered the possibilities of a new medium.","translate_comment":"","start":"153.7","dur":"2.86","is_scores":null,"created_at":"1522407475","updated_at":null},{"id":"28007916","caption_id":"130784","seq":"38","text":"People always knew how to smile.","translate_comment":"","start":"156.86","dur":"1.67","is_scores":null,"created_at":"1522407475","updated_at":null},{"id":"28007917","caption_id":"130784","seq":"39","text":"They just had to learn how to show it.","translate_comment":"","start":"158.889","dur":"1.87","is_scores":null,"created_at":"1522407475","updated_at":null},{"id":"28007918","caption_id":"130784","seq":"40","text":"So one of my favorite old photographs was somebody smiling, actually comes from an early 1900s anthropological expedition to China.","translate_comment":"","start":"162.39","dur":"8.24","is_scores":null,"created_at":"1522407475","updated_at":null},{"id":"28007919","caption_id":"130784","seq":"41","text":"It was taken by Berthold Laufer and the American Museum of Natural History has the photo.","translate_comment":"","start":"171.11","dur":"5.299","is_scores":null,"created_at":"1522407475","updated_at":null},{"id":"28007920","caption_id":"130784","seq":"42","text":"Which is absolutely perfect.","translate_comment":"","start":"176.82","dur":"2.93","is_scores":null,"created_at":"1522407475","updated_at":null},{"id":"28007921","caption_id":"130784","seq":"43","text":"This photo shows that the attitudes in old photographs really were about aesthetics, not technology.","translate_comment":"","start":"179.82","dur":"6.92","is_scores":null,"created_at":"1522407475","updated_at":null},{"id":"28007922","caption_id":"130784","seq":"44","text":"And if you didn't have an idea of a how a photo should look like, it could look like anything.","translate_comment":"","start":"186.82","dur":"3.95","is_scores":null,"created_at":"1522407475","updated_at":null},{"id":"28007923","caption_id":"130784","seq":"45","text":"And in this case, that is absolutely perfect","translate_comment":"","start":"190.87","dur":"3.769","is_scores":null,"created_at":"1522407475","updated_at":null}],"zh-Hant":[{"id":"28013161","caption_id":"130806","seq":"1","text":"\u5927\u559c\u4e4b\u65e5\u61c9\u8a72\u662f\u4f60\u4eba\u751f\u6700\u5feb\u6a02\u7684\u4e00\u5929","translate_comment":"","start":"0.32","dur":"2.82","is_scores":null,"created_at":"1522478163","updated_at":null},{"id":"28013162","caption_id":"130806","seq":"2","text":"\u70ba\u4ec0\u9ebc\u9019\u4e9b\u4eba\u770b\u8d77\u4f86\u597d\u50cf\u662f\u8981\u53c3\u52a0\u55aa\u79ae\uff1f","translate_comment":"","start":"3.74","dur":"3.02","is_scores":null,"created_at":"1522478163","updated_at":null},{"id":"28013163","caption_id":"130806","seq":"3","text":"\u4f46\u4e0d\u53ea\u6b63\u5f0f\u5834\u5408","translate_comment":"","start":"7.68","dur":"2","is_scores":null,"created_at":"1522478163","updated_at":null},{"id":"28013164","caption_id":"130806","seq":"4","text":"\u9084\u6709\u9752\u5c11\u5e74\u3001\u5c0f\u5b69\uff0c\u8ddf\u5404\u7a2e\u7559\u9b0d\u5b50\u7684\u4eba","translate_comment":"","start":"9.73","dur":"3.98","is_scores":null,"created_at":"1522478163","updated_at":null},{"id":"28013165","caption_id":"130806","seq":"5","text":"\u70ba\u4ec0\u9ebc\u8001\u7167\u7247\u88e1\u7684\u4eba\u90fd\u4e0d\u7b11\u5462\uff1f","translate_comment":"","start":"14.17","dur":"2.309","is_scores":null,"created_at":"1522478163","updated_at":null},{"id":"28013166","caption_id":"130806","seq":"6","text":"\u6700\u7c21\u55ae\u7684\u89e3\u91cb\u662f\u66dd\u5149\u6642\u9593","translate_comment":"","start":"17.359","dur":"1.731","is_scores":null,"created_at":"1522478163","updated_at":null},{"id":"28013167","caption_id":"130806","seq":"7","text":"\u57fa\u672c\u4e0a\u662f\u4e00\u53f0\u76f8\u6a5f\u62cd\u4e0b\u4e00\u5f35\u7167\u7247\u6240\u9700\u8981\u7684\u5149","translate_comment":"","start":"20","dur":"2","is_scores":null,"created_at":"1522478163","updated_at":null},{"id":"28013168","caption_id":"130806","seq":"8","text":"\u5feb\u9580\u958b\u555f\u8d8a\u4e45\uff0c\u5e95\u7247\u66dd\u9732\u5728\u5149\u6e90\u7684\u6642\u9593\u4e5f\u8d8a\u9577","translate_comment":"","start":"23.36","dur":"3.33","is_scores":null,"created_at":"1522478163","updated_at":null},{"id":"28013169","caption_id":"130806","seq":"9","text":"\u65e9\u671f\u76f8\u6a5f\u548c\u5e95\u7247\u7686\u9700\u8f03\u9577\u6642\u9593\uff0c\u6240\u4ee5\u7576\u4f60\u62cd\u7167\u5f97\u7b49\u4e0a\u5e7e\u5206\u9418\u6642\uff0c\u64fa\u4e00\u500b\u56b4\u8085\u7684\u8868\u60c5\u6bd4\u5fae\u7b11\u7c21\u55ae\u591a\u4e86","translate_comment":"","start":"27.309","dur":"8.25","is_scores":null,"created_at":"1522478163","updated_at":null},{"id":"28013170","caption_id":"130806","seq":"10","text":"\u770b\u9019\u5f35 1838 \u5e74\u8def\u6613\u00b7\u9054\u84cb\u723e\u62cd\u7684\u7167","translate_comment":"","start":"35.959","dur":"2.39","is_scores":null,"created_at":"1522478163","updated_at":null},{"id":"28013171","caption_id":"130806","seq":"11","text":"\u5b83\u6703\u6a21\u7cca\u7684\u539f\u56e0\u5927\u6982\u662f\u56e0\u70ba\u82b1\u4e86 10 \u5230 15 \u5206\u9418\u62cd\u651d","translate_comment":"","start":"38.77","dur":"3.66","is_scores":null,"created_at":"1522478163","updated_at":null},{"id":"28013172","caption_id":"130806","seq":"12","text":"\u66dd\u5149\u6642\u6709\u4eba\u60f3\u5fc5\u90fd\u5728\u79fb\u52d5\uff0c\u9664\u4e86\u64e6\u978b\u7ae5\u548c\u9019\u500b\u60f3\u8b93\u9774\u5b50\u88ab\u64e6\u4eae\u7684\u4eba","translate_comment":"","start":"42.78","dur":"5.84","is_scores":null,"created_at":"1522478163","updated_at":null},{"id":"28013173","caption_id":"130806","seq":"13","text":"\u4f60\u64fa\u597d\u59ff\u52e2\u62cd\u7167\uff0c\u7167\u51fa\u4f86\u537b\u662f\u6a21\u7cca\u7684","translate_comment":"","start":"49.19","dur":"2.81","is_scores":null,"created_at":"1522478163","updated_at":null},{"id":"28013174","caption_id":"130806","seq":"14","text":"\u4f46\u9019\u500b\u554f\u984c\u662f\u56fa\u5b9a\u7684","translate_comment":"","start":"52.5","dur":"1.819","is_scores":null,"created_at":"1522478163","updated_at":null},{"id":"28013175","caption_id":"130806","seq":"15","text":"\u5e95\u7247\u6280\u8853\u7684\u5feb\u901f\u9032\u6b65\uff0c\u4ee5\u53ca\u5546\u696d\u53ef\u7528\u6027\u8b93\u5feb\u901f\u62cd\u7167\u66f4\u5bb9\u6613\u4e86","translate_comment":"","start":"54.65","dur":"4.44","is_scores":null,"created_at":"1522478163","updated_at":null},{"id":"28013176","caption_id":"130806","seq":"16","text":"\u5230\u4e86 1870 \u5e74\u4ee3\uff0c\u4f7f\u7528\u6700\u65b0\u6280\u8853\u7684\u651d\u5f71\u5e2b\uff0c\u5982 Eadweard Muybridge\uff0c\u62cd\u51fa\u53ef\u4ee5\u5206\u6210\u6578\u79d2\u7684\u7167\u7247","translate_comment":"","start":"60","dur":"7","is_scores":null,"created_at":"1522478163","updated_at":null},{"id":"28013177","caption_id":"130806","seq":"17","text":"\u70ba\u4e86\u89e3\u8001\u7167\u7247\u70ba\u4f55\u7e3d\u662f\u5f88\u56b4\u8085\u7684\u771f\u5be6\u539f\u56e0\uff0c\u4f60\u5fc5\u9808\u77e5\u9053\u4eba\u50cf\u7167\u5c0d\u65bc\u7576\u6642\u4eba\u5011\u7684\u610f\u7fa9","translate_comment":"","start":"68.13","dur":"6.5","is_scores":null,"created_at":"1522478163","updated_at":null},{"id":"28013178","caption_id":"130806","seq":"18","text":"\u8a18\u5f97\u55ce\uff1f\u5728\u7167\u7247\u554f\u4e16\u4ee5\u524d\uff0c\u8096\u50cf\u662f\u7528\u756b\u7684","translate_comment":"","start":"74.84","dur":"3.49","is_scores":null,"created_at":"1522478163","updated_at":null},{"id":"28013179","caption_id":"130806","seq":"19","text":"\u5b83\u5011\u8017\u6642\u4e14\u7368\u4e00\u7121\u4e8c","translate_comment":"","start":"78.75","dur":"3.17","is_scores":null,"created_at":"1522478163","updated_at":null},{"id":"28013180","caption_id":"130806","seq":"20","text":"\u9019\u7a2e\u7a00\u5c11\u6027\u8b93\u62cd\u7167\u7684\u5834\u5408\u8b8a\u5f97\u5341\u5206\u6b63\u7d93","translate_comment":"","start":"82.28","dur":"3.22","is_scores":null,"created_at":"1522478163","updated_at":null},{"id":"28013181","caption_id":"130806","seq":"21","text":"\u9019\u7a2e\u60f3\u6cd5\u65bc\u65e9\u671f\u7684\u7167\u7247\u4e2d\u53ef\u898b\u4e00\u6591","translate_comment":"","start":"85.77","dur":"2.529","is_scores":null,"created_at":"1522478163","updated_at":null},{"id":"28013182","caption_id":"130806","seq":"22","text":"\u5e7d\u9ed8\u5927\u5e2b\u99ac\u514b\u5410\u6eab\u66fe\u5728 20 \u4e16\u7d00\u521d\u8aaa\u904e","translate_comment":"","start":"88.59","dur":"4.41","is_scores":null,"created_at":"1522478163","updated_at":null},{"id":"28013183","caption_id":"130806","seq":"23","text":"\u6c92\u6709\u4ec0\u9ebc\u6bd4\u611a\u8822\u7684\u50bb\u7b11\u88ab\u62cd\u4e0b\u4f86\u6c38\u50b3\u5f8c\u4e16\u66f4\u8a0e\u53ad\u4e86","translate_comment":"","start":"94","dur":"6","is_scores":null,"created_at":"1522478163","updated_at":null},{"id":"28013184","caption_id":"130806","seq":"24","text":"\u6b64\u8a71\u4f86\u81ea\u4e00\u500b\u5beb\u8df3\u86d9\u6545\u4e8b\u7684\u4f5c\u5bb6","translate_comment":"","start":"101","dur":"2.8","is_scores":null,"created_at":"1522478163","updated_at":null},{"id":"28013185","caption_id":"130806","seq":"25","text":"\u4f46\u4ed6\u7684\u770b\u6cd5\u975e\u5e38\u5178\u578b","translate_comment":"","start":"103.44","dur":"2.45","is_scores":null,"created_at":"1522478163","updated_at":null},{"id":"28013186","caption_id":"130806","seq":"26","text":"\u8209\u4f8b\u4f86\u8aaa\uff0c\u66fe\u6709\u4e00\u500b\u5947\u602a\u537b\u53d7\u6b61\u8fce\u7684\u4f5c\u6cd5\uff1a\u5e6b\u6b7b\u8005\u62cd\u651d\u770b\u8d77\u4f86\u6829\u6829\u5982\u751f\u7684\u8096\u50cf","translate_comment":"","start":"105.4","dur":"4.69","is_scores":null,"created_at":"1522478163","updated_at":null},{"id":"28013187","caption_id":"130806","seq":"27","text":"\u9019\u4e9b\u4e26\u975e\u5feb\u7167","translate_comment":"","start":"111","dur":"1.7","is_scores":null,"created_at":"1522478163","updated_at":null},{"id":"28013188","caption_id":"130806","seq":"28","text":"\u800c\u662f\u5f80\u4e0d\u673d\u7684\u901a\u9053","translate_comment":"","start":"112.97","dur":"2.73","is_scores":null,"created_at":"1522478163","updated_at":null},{"id":"28013189","caption_id":"130806","seq":"29","text":"\u4e00\u500b\u4eba\u5b58\u5728\u7684\u8b49\u660e","translate_comment":"","start":"115.7","dur":"1.08","is_scores":null,"created_at":"1522478163","updated_at":null},{"id":"28013190","caption_id":"130806","seq":"30","text":"\u770b\u770b\u4e00\u4e9b\u4f8b\u5916\uff0c\u6703\u66f4\u4e86\u89e3\u70ba\u4ec0\u9ebc\u5927\u591a\u6578\u7684\u8096\u50cf\u770b\u8d77\u4f86\u5f88\u56b4\u8085","translate_comment":"","start":"117.12","dur":"4.71","is_scores":null,"created_at":"1522478163","updated_at":null},{"id":"28013191","caption_id":"130806","seq":"31","text":"\u8a31\u591a\u5fae\u7b11\u7684\u7dad\u591a\u5229\u4e9e\u4eba\u7269\u7167\u7247\uff0c\u85cf\u5728\u4e16\u754c\u5404\u5730\u7684\u7167\u7247\u6536\u85cf\u4e2d","translate_comment":"","start":"122.3","dur":"3.949","is_scores":null,"created_at":"1522478163","updated_at":null},{"id":"28013192","caption_id":"130806","seq":"32","text":"\u6700\u65e9\u5728 1853 \u5e74\uff0cMary Dillwyn \u6355\u6349\u5230\u4e00\u500b\u7537\u5b69\u7684\u7b11\u5bb9","translate_comment":"","start":"126.449","dur":"4.491","is_scores":null,"created_at":"1522478163","updated_at":null},{"id":"28013193","caption_id":"130806","seq":"33","text":"\u7dad\u591a\u5229\u4e9e\u6642\u671f\u7684\u4eba\u5011\u4e26\u975e\u904e\u5f97\u60bd\u6158\uff0c\u53ea\u662f\u7fd2\u6163\u62cd\u651d\u4eba\u50cf\u6642\u8981\u6b63\u7d93\u516b\u767e","translate_comment":"","start":"131.78","dur":"6.43","is_scores":null,"created_at":"1522478163","updated_at":null},{"id":"28013194","caption_id":"130806","seq":"34","text":"\u81ea\u5f9e\u76f8\u6a5f\u666e\u53ca\u4ee5\u53ca\u651d\u5f71\u6280\u8853\u9032\u6b65\uff0c\u5be9\u7f8e\u89c0\u6539\u8b8a\uff0c\u7b11\u5bb9\u4e5f\u56de\u4f86\u4e86","translate_comment":"","start":"138.59","dur":"5.949","is_scores":null,"created_at":"1522478163","updated_at":null},{"id":"28013195","caption_id":"130806","seq":"35","text":"\u5f8c\u671f\u96fb\u5f71\u62d3\u5c55\u4e86\u8a18\u9304\u73fe\u5be6\u751f\u6d3b\u7684\u53ef\u80fd\u6027","translate_comment":"","start":"144.91","dur":"4.199","is_scores":null,"created_at":"1522478163","updated_at":null},{"id":"28013196","caption_id":"130806","seq":"36","text":"\u4eba\u50cf\u756b\u5f9e\u79d1\u6280\u8207\u756b\u4f5c\u7f8e\u611f\u4e2d\u89e3\u653e","translate_comment":"","start":"149.83","dur":"3.5","is_scores":null,"created_at":"1522478163","updated_at":null},{"id":"28013197","caption_id":"130806","seq":"37","text":"\u4ed6\u5011\u767c\u73fe\u4e86\u65b0\u7684\u5a92\u4ecb\u7684\u53ef\u80fd\u6027","translate_comment":"","start":"153.7","dur":"2.86","is_scores":null,"created_at":"1522478163","updated_at":null},{"id":"28013198","caption_id":"130806","seq":"38","text":"\u4eba\u5011\u4e00\u76f4\u77e5\u9053\u90fd\u5982\u4f55\u5fae\u7b11","translate_comment":"","start":"156.86","dur":"1.67","is_scores":null,"created_at":"1522478163","updated_at":null},{"id":"28013199","caption_id":"130806","seq":"39","text":"\u53ea\u9700\u8981\u5b78\u7fd2\u5982\u4f55\u5c55\u73fe","translate_comment":"","start":"158.889","dur":"1.87","is_scores":null,"created_at":"1522478163","updated_at":null},{"id":"28013200","caption_id":"130806","seq":"40","text":"\u6211\u6700\u611b\u7684\u8001\u7167\u7247\u662f\u4e00\u500b\u5728\u7b11\u7684\u4eba\uff0c\u9019\u5f35\u7167\u7247\u4f86\u81ea 1900 \u5e74\u4ee3\u521d\u671f\u4e00\u8d9f\u5f80\u4e2d\u570b\u7684\u4eba\u985e\u5b78\u8003\u5bdf","translate_comment":"","start":"162.39","dur":"8.24","is_scores":null,"created_at":"1522478163","updated_at":null},{"id":"28013201","caption_id":"130806","seq":"41","text":"\u9019\u662f\u7531 Berthold Laufer \u62cd\u651d\uff0c\u6536\u85cf\u65bc\u7f8e\u570b\u81ea\u7136\u53f2\u535a\u7269\u9928","translate_comment":"","start":"171.11","dur":"5.299","is_scores":null,"created_at":"1522478163","updated_at":null},{"id":"28013202","caption_id":"130806","seq":"42","text":"\u9019\u5f35\u5f88\u68d2","translate_comment":"","start":"176.82","dur":"2.93","is_scores":null,"created_at":"1522478163","updated_at":null},{"id":"28013203","caption_id":"130806","seq":"43","text":"\u5b83\u5c55\u73fe\u820a\u7167\u7247\u8ffd\u6c42\u7684\u662f\u7f8e\u611f\uff0c\u800c\u4e0d\u662f\u79d1\u6280","translate_comment":"","start":"179.82","dur":"6.92","is_scores":null,"created_at":"1522478163","updated_at":null},{"id":"28013204","caption_id":"130806","seq":"44","text":"\u5982\u679c\u4f60\u5b8c\u5168\u4e0d\u77e5\u9053\u7167\u7247\u61c9\u8a72\u9577\u600e\u6a23\uff0c\u4ed6\u5c31\u53ef\u4ee5\u662f\u4efb\u4f55\u6a21\u6a23","translate_comment":"","start":"186.82","dur":"3.95","is_scores":null,"created_at":"1522478163","updated_at":null},{"id":"28013205","caption_id":"130806","seq":"45","text":"\u5c31\u9019\u5f35\u4f86\u770b\u662f\u5f88\u5b8c\u7f8e\u7684","translate_comment":"","start":"190.87","dur":"3.769","is_scores":null,"created_at":"1522478163","updated_at":null}]}