{"en":[{"id":"27141346","caption_id":"127337","seq":"1","text":"Yeah.","translate_comment":"","start":"4.644","dur":"1.801","is_scores":null,"created_at":"1521780565","updated_at":null},{"id":"27141347","caption_id":"127337","seq":"2","text":"(upbeat music)","translate_comment":"","start":"6.445","dur":"2.835","is_scores":null,"created_at":"1521780565","updated_at":null},{"id":"27141348","caption_id":"127337","seq":"3","text":"I recently went off birth control","translate_comment":"","start":"10.35","dur":"2.6","is_scores":null,"created_at":"1521780565","updated_at":null},{"id":"27141349","caption_id":"127337","seq":"4","text":"and it's the first time I've ever experienced acne.","translate_comment":"","start":"12.95","dur":"3.34","is_scores":null,"created_at":"1521780565","updated_at":null},{"id":"27141350","caption_id":"127337","seq":"5","text":"I'm worried that, I don't know why I care what people think,","translate_comment":"","start":"16.29","dur":"3.04","is_scores":null,"created_at":"1521780565","updated_at":null},{"id":"27141351","caption_id":"127337","seq":"6","text":"but I guess I'm worried about what","translate_comment":"","start":"19.33","dur":"1.05","is_scores":null,"created_at":"1521780565","updated_at":null},{"id":"27141352","caption_id":"127337","seq":"7","text":"other people are going to think.","translate_comment":"","start":"20.38","dur":"1","is_scores":null,"created_at":"1521780565","updated_at":null},{"id":"27141353","caption_id":"127337","seq":"8","text":"So I think there is some professionalism","translate_comment":"","start":"21.38","dur":"1.818","is_scores":null,"created_at":"1521780565","updated_at":null},{"id":"27141354","caption_id":"127337","seq":"9","text":"related to how you present yourself.","translate_comment":"","start":"23.199","dur":"2.751","is_scores":null,"created_at":"1521780565","updated_at":null},{"id":"27141355","caption_id":"127337","seq":"10","text":"Guys don't usually wear makeup, so why should girls?","translate_comment":"","start":"25.95","dur":"2.43","is_scores":null,"created_at":"1521780565","updated_at":null},{"id":"27141356","caption_id":"127337","seq":"11","text":"There is something about putting on makeup that does make me just","translate_comment":"","start":"28.38","dur":"2.459","is_scores":null,"created_at":"1521780565","updated_at":null},{"id":"27141358","caption_id":"127337","seq":"12","text":"stand up a little taller and go","translate_comment":"","start":"30.87","dur":"1.861","is_scores":null,"created_at":"1521780565","updated_at":null},{"id":"27141359","caption_id":"127337","seq":"13","text":"at the world with a little more confidence.","translate_comment":"","start":"32.731","dur":"2.469","is_scores":null,"created_at":"1521780565","updated_at":null},{"id":"27141360","caption_id":"127337","seq":"14","text":"I don't look tired cause I'm not.","translate_comment":"","start":"35.2","dur":"1.627","is_scores":null,"created_at":"1521780565","updated_at":null},{"id":"27141361","caption_id":"127337","seq":"15","text":"I'm not feeling sick cause I'm not.","translate_comment":"","start":"36.827","dur":"2.773","is_scores":null,"created_at":"1521780565","updated_at":null},{"id":"27141362","caption_id":"127337","seq":"16","text":"I'm just not wearing makeup right now.","translate_comment":"","start":"39.6","dur":"1.39","is_scores":null,"created_at":"1521780565","updated_at":null},{"id":"27141363","caption_id":"127337","seq":"17","text":"This is probably the first time","translate_comment":"","start":"40.99","dur":"1.14","is_scores":null,"created_at":"1521780565","updated_at":null},{"id":"27141364","caption_id":"127337","seq":"18","text":"that I haven't at least put eyeliner on since high school.","translate_comment":"","start":"42.13","dur":"4.38","is_scores":null,"created_at":"1521780565","updated_at":null},{"id":"27141365","caption_id":"127337","seq":"19","text":"Normally I would do a very heavy black eyeliner,","translate_comment":"","start":"46.51","dur":"3.71","is_scores":null,"created_at":"1521780565","updated_at":null},{"id":"27141366","caption_id":"127337","seq":"20","text":"some mascara and I would cover under my eyes.","translate_comment":"","start":"50.22","dur":"3.25","is_scores":null,"created_at":"1521780565","updated_at":null},{"id":"27141367","caption_id":"127337","seq":"21","text":"So it's not a lot but it's enough","translate_comment":"","start":"53.47","dur":"3.04","is_scores":null,"created_at":"1521780565","updated_at":null},{"id":"27141368","caption_id":"127337","seq":"22","text":"that I feel very different.","translate_comment":"","start":"56.51","dur":"2.369","is_scores":null,"created_at":"1521780565","updated_at":null},{"id":"27141369","caption_id":"127337","seq":"23","text":"I'm on my way to work, wearing no makeup whatsoever.","translate_comment":"","start":"58.88","dur":"2.81","is_scores":null,"created_at":"1521780565","updated_at":null},{"id":"27141370","caption_id":"127337","seq":"24","text":"When people aren't wearing makeup,","translate_comment":"","start":"61.69","dur":"1.67","is_scores":null,"created_at":"1521780565","updated_at":null},{"id":"27141371","caption_id":"127337","seq":"25","text":"their humanity kind of radiates through","translate_comment":"","start":"63.36","dur":"1.759","is_scores":null,"created_at":"1521780565","updated_at":null},{"id":"27141372","caption_id":"127337","seq":"26","text":"and I put a little bit of cover-up","translate_comment":"","start":"65.119","dur":"2.781","is_scores":null,"created_at":"1521780565","updated_at":null},{"id":"27141373","caption_id":"127337","seq":"27","text":"on some of these spots and scars here.","translate_comment":"","start":"67.9","dur":"2.09","is_scores":null,"created_at":"1521780565","updated_at":null},{"id":"27141374","caption_id":"127337","seq":"28","text":"This is actually the first time that I'm","translate_comment":"","start":"69.99","dur":"1.959","is_scores":null,"created_at":"1521780565","updated_at":null},{"id":"27141375","caption_id":"127337","seq":"29","text":"going bareface to work.","translate_comment":"","start":"71.95","dur":"2.02","is_scores":null,"created_at":"1521780565","updated_at":null},{"id":"27141376","caption_id":"127337","seq":"30","text":"I normally at least have some foundation on","translate_comment":"","start":"73.97","dur":"1.793","is_scores":null,"created_at":"1521780565","updated_at":null},{"id":"27141377","caption_id":"127337","seq":"31","text":"or something that just covers up my blemishes.","translate_comment":"","start":"75.763","dur":"2.877","is_scores":null,"created_at":"1521780565","updated_at":null},{"id":"27141378","caption_id":"127337","seq":"32","text":"I'm really excited about the prospect","translate_comment":"","start":"78.64","dur":"1.61","is_scores":null,"created_at":"1521780565","updated_at":null},{"id":"27141379","caption_id":"127337","seq":"33","text":"of just doing this all day and not worrying about smudging.","translate_comment":"","start":"80.25","dur":"3.44","is_scores":null,"created_at":"1521780565","updated_at":null},{"id":"27141380","caption_id":"127337","seq":"34","text":"I'm not very confident.","translate_comment":"","start":"83.69","dur":"1.16","is_scores":null,"created_at":"1521780565","updated_at":null},{"id":"27141381","caption_id":"127337","seq":"35","text":"I really shouldn't be scared of showing my face.","translate_comment":"","start":"84.85","dur":"3.06","is_scores":null,"created_at":"1521780565","updated_at":null},{"id":"27141382","caption_id":"127337","seq":"36","text":"This is my natural face.","translate_comment":"","start":"87.91","dur":"1.37","is_scores":null,"created_at":"1521780565","updated_at":null},{"id":"27141383","caption_id":"127337","seq":"37","text":"It doesn't feel like the real me.","translate_comment":"","start":"89.28","dur":"1.17","is_scores":null,"created_at":"1521780565","updated_at":null},{"id":"27141384","caption_id":"127337","seq":"38","text":"The real me feels like me with makeup on","translate_comment":"","start":"90.45","dur":"2.03","is_scores":null,"created_at":"1521780565","updated_at":null},{"id":"27141385","caption_id":"127337","seq":"39","text":"which is also a fucking terrible thing to say.","translate_comment":"","start":"92.48","dur":"2.05","is_scores":null,"created_at":"1521780565","updated_at":null},{"id":"27141386","caption_id":"127337","seq":"40","text":"No makeup with my dear friend.","translate_comment":"","start":"94.53","dur":"2.39","is_scores":null,"created_at":"1521780565","updated_at":null},{"id":"27141387","caption_id":"127337","seq":"41","text":"No makeup.","translate_comment":"","start":"96.92","dur":"0.93","is_scores":null,"created_at":"1521780565","updated_at":null},{"id":"27141388","caption_id":"127337","seq":"42","text":"I feel fine, honestly.","translate_comment":"","start":"97.85","dur":"1.62","is_scores":null,"created_at":"1521780565","updated_at":null},{"id":"27141389","caption_id":"127337","seq":"43","text":"I'm not really thinking about it.","translate_comment":"","start":"99.47","dur":"1.459","is_scores":null,"created_at":"1521780565","updated_at":null},{"id":"27141390","caption_id":"127337","seq":"44","text":"When I see myself I'm like \"oh, that's different.\"","translate_comment":"","start":"100.93","dur":"2.331","is_scores":null,"created_at":"1521780565","updated_at":null},{"id":"27141391","caption_id":"127337","seq":"45","text":"I can eat a messy lunch","translate_comment":"","start":"103.261","dur":"1.459","is_scores":null,"created_at":"1521780565","updated_at":null},{"id":"27141392","caption_id":"127337","seq":"46","text":"without worrying about my lipstick.","translate_comment":"","start":"104.72","dur":"1.75","is_scores":null,"created_at":"1521780565","updated_at":null},{"id":"27141393","caption_id":"127337","seq":"47","text":"So I took some selfies at lunch.","translate_comment":"","start":"107.58","dur":"1.57","is_scores":null,"created_at":"1521780565","updated_at":null},{"id":"27141394","caption_id":"127337","seq":"48","text":"Yes.","translate_comment":"","start":"109.15","dur":"0.698","is_scores":null,"created_at":"1521780565","updated_at":null},{"id":"27141395","caption_id":"127337","seq":"49","text":"And I was like oh it's actually not that bad.","translate_comment":"","start":"109.848","dur":"1.562","is_scores":null,"created_at":"1521780565","updated_at":null},{"id":"27141396","caption_id":"127337","seq":"50","text":"No, you look great.","translate_comment":"","start":"111.41","dur":"0.833","is_scores":null,"created_at":"1521780565","updated_at":null},{"id":"27141397","caption_id":"127337","seq":"51","text":"You look great too.","translate_comment":"","start":"112.243","dur":"1.517","is_scores":null,"created_at":"1521780565","updated_at":null},{"id":"27141398","caption_id":"127337","seq":"52","text":"Knowing that there are other girls","translate_comment":"","start":"113.76","dur":"0.719","is_scores":null,"created_at":"1521780565","updated_at":null},{"id":"27141399","caption_id":"127337","seq":"53","text":"with me not wearing makeup.","translate_comment":"","start":"114.48","dur":"1.73","is_scores":null,"created_at":"1521780565","updated_at":null},{"id":"27141400","caption_id":"127337","seq":"54","text":"Yeah.","translate_comment":"","start":"116.21","dur":"1.21","is_scores":null,"created_at":"1521780565","updated_at":null},{"id":"27141401","caption_id":"127337","seq":"55","text":"It just makes me feel like, oh, I'm not the only one.","translate_comment":"","start":"117.43","dur":"1.72","is_scores":null,"created_at":"1521780565","updated_at":null},{"id":"27141402","caption_id":"127337","seq":"56","text":"Yeah, and then you look at them and they look great.","translate_comment":"","start":"119.15","dur":"1.711","is_scores":null,"created_at":"1521780565","updated_at":null},{"id":"27141403","caption_id":"127337","seq":"57","text":"Yeah.","translate_comment":"","start":"120.861","dur":"0.833","is_scores":null,"created_at":"1521780565","updated_at":null},{"id":"27141404","caption_id":"127337","seq":"58","text":"And then they tell you you look great.","translate_comment":"","start":"121.694","dur":"1.866","is_scores":null,"created_at":"1521780565","updated_at":null},{"id":"27141405","caption_id":"127337","seq":"59","text":"So it's just like this really wonderful cycle of acceptance.","translate_comment":"","start":"123.56","dur":"3.28","is_scores":null,"created_at":"1521780565","updated_at":null},{"id":"27141406","caption_id":"127337","seq":"60","text":"I've been told that I look glowy and dewy","translate_comment":"","start":"126.84","dur":"2.06","is_scores":null,"created_at":"1521780565","updated_at":null},{"id":"27141407","caption_id":"127337","seq":"61","text":"like a glossier beauty without any makeup on today.","translate_comment":"","start":"128.9","dur":"3.22","is_scores":null,"created_at":"1521780565","updated_at":null},{"id":"27141408","caption_id":"127337","seq":"62","text":"Makeup in general, I think it accentuates","translate_comment":"","start":"132.12","dur":"2.13","is_scores":null,"created_at":"1521780565","updated_at":null},{"id":"27141409","caption_id":"127337","seq":"63","text":"a certain type of beauty but no makeup","translate_comment":"","start":"134.25","dur":"1.346","is_scores":null,"created_at":"1521780565","updated_at":null},{"id":"27141410","caption_id":"127337","seq":"64","text":"also accentuates a different type of beauty.","translate_comment":"","start":"135.596","dur":"2.554","is_scores":null,"created_at":"1521780565","updated_at":null},{"id":"27141411","caption_id":"127337","seq":"65","text":"Definitely.","translate_comment":"","start":"138.15","dur":"0.833","is_scores":null,"created_at":"1521780565","updated_at":null},{"id":"27141412","caption_id":"127337","seq":"66","text":"And I think both are so important.","translate_comment":"","start":"138.983","dur":"1.377","is_scores":null,"created_at":"1521780565","updated_at":null},{"id":"27141413","caption_id":"127337","seq":"67","text":"I've been feeling pretty good.","translate_comment":"","start":"140.36","dur":"0.85","is_scores":null,"created_at":"1521780565","updated_at":null},{"id":"27141414","caption_id":"127337","seq":"68","text":"I wonder if the guys are gonna notice.","translate_comment":"","start":"141.21","dur":"1.93","is_scores":null,"created_at":"1521780565","updated_at":null},{"id":"27141415","caption_id":"127337","seq":"69","text":"Alright, Price.","translate_comment":"","start":"143.14","dur":"0.832","is_scores":null,"created_at":"1521780565","updated_at":null},{"id":"27141417","caption_id":"127337","seq":"70","text":"Question for you.","translate_comment":"","start":"144.806","dur":"0.833","is_scores":null,"created_at":"1521780565","updated_at":null},{"id":"27141418","caption_id":"127337","seq":"71","text":"Okay.","translate_comment":"","start":"145.639","dur":"0.833","is_scores":null,"created_at":"1521780565","updated_at":null},{"id":"27141419","caption_id":"127337","seq":"72","text":"Have you noticed anything different about","translate_comment":"","start":"146.472","dur":"0.833","is_scores":null,"created_at":"1521780565","updated_at":null},{"id":"27141420","caption_id":"127337","seq":"73","text":"me or a lot of the women in the office today?","translate_comment":"","start":"147.305","dur":"2.465","is_scores":null,"created_at":"1521780565","updated_at":null},{"id":"27141421","caption_id":"127337","seq":"74","text":"Oh, shit.","translate_comment":"","start":"149.77","dur":"1.02","is_scores":null,"created_at":"1521780565","updated_at":null},{"id":"27141422","caption_id":"127337","seq":"75","text":"Does it have to do with makeup?","translate_comment":"","start":"150.79","dur":"0.833","is_scores":null,"created_at":"1521780565","updated_at":null},{"id":"27141423","caption_id":"127337","seq":"76","text":"It does.","translate_comment":"","start":"151.623","dur":"0.833","is_scores":null,"created_at":"1521780565","updated_at":null},{"id":"27141424","caption_id":"127337","seq":"77","text":"Okay.","translate_comment":"","start":"152.456","dur":"0.833","is_scores":null,"created_at":"1521780565","updated_at":null},{"id":"27141425","caption_id":"127337","seq":"78","text":"Have you noticed anything about","translate_comment":"","start":"153.289","dur":"0.833","is_scores":null,"created_at":"1521780565","updated_at":null},{"id":"27141426","caption_id":"127337","seq":"79","text":"all the women at Buzzfeed today?","translate_comment":"","start":"154.122","dur":"1.258","is_scores":null,"created_at":"1521780565","updated_at":null},{"id":"27141427","caption_id":"127337","seq":"80","text":"I actually did not and now I feel really terrible,","translate_comment":"","start":"155.38","dur":"1.85","is_scores":null,"created_at":"1521780565","updated_at":null},{"id":"27141428","caption_id":"127337","seq":"81","text":"was I supposed to?","translate_comment":"","start":"157.23","dur":"0.9","is_scores":null,"created_at":"1521780565","updated_at":null},{"id":"27141429","caption_id":"127337","seq":"82","text":"Okay, this is weird.","translate_comment":"","start":"164.36","dur":"1.12","is_scores":null,"created_at":"1521780565","updated_at":null},{"id":"27141430","caption_id":"127337","seq":"83","text":"Uh, I...","translate_comment":"","start":"165.48","dur":"2.069","is_scores":null,"created_at":"1521780565","updated_at":null},{"id":"27141431","caption_id":"127337","seq":"84","text":"Really don't see anything different.","translate_comment":"","start":"169.4","dur":"1.7","is_scores":null,"created_at":"1521780565","updated_at":null},{"id":"27141432","caption_id":"127337","seq":"85","text":"Okay, I'm not wearing makeup today.","translate_comment":"","start":"171.1","dur":"1.34","is_scores":null,"created_at":"1521780565","updated_at":null},{"id":"27141433","caption_id":"127337","seq":"86","text":"Oh.","translate_comment":"","start":"172.44","dur":"0.833","is_scores":null,"created_at":"1521780565","updated_at":null},{"id":"27141434","caption_id":"127337","seq":"87","text":"You know, my thoughts on women wearing makeup","translate_comment":"","start":"173.273","dur":"3.697","is_scores":null,"created_at":"1521780565","updated_at":null},{"id":"27141435","caption_id":"127337","seq":"88","text":"are like my thoughts on women doing most things,","translate_comment":"","start":"176.97","dur":"2.75","is_scores":null,"created_at":"1521780565","updated_at":null},{"id":"27141436","caption_id":"127337","seq":"89","text":"which is do your thing.","translate_comment":"","start":"179.72","dur":"1.44","is_scores":null,"created_at":"1521780565","updated_at":null},{"id":"27141437","caption_id":"127337","seq":"90","text":"You don't have lipstick on.","translate_comment":"","start":"181.16","dur":"2.117","is_scores":null,"created_at":"1521780565","updated_at":null},{"id":"27141438","caption_id":"127337","seq":"91","text":"Yeah.","translate_comment":"","start":"183.277","dur":"0.832","is_scores":null,"created_at":"1521780565","updated_at":null},{"id":"27141439","caption_id":"127337","seq":"92","text":"You don't have any eyeliner on either.","translate_comment":"","start":"184.11","dur":"0.87","is_scores":null,"created_at":"1521780565","updated_at":null},{"id":"27141440","caption_id":"127337","seq":"93","text":"Wow, okay.","translate_comment":"","start":"184.98","dur":"0.93","is_scores":null,"created_at":"1521780565","updated_at":null},{"id":"27141441","caption_id":"127337","seq":"94","text":"None of us are wearing makeup today.","translate_comment":"","start":"186.97","dur":"1.377","is_scores":null,"created_at":"1521780565","updated_at":null},{"id":"27141442","caption_id":"127337","seq":"95","text":"Oh, really?","translate_comment":"","start":"188.347","dur":"2.043","is_scores":null,"created_at":"1521780565","updated_at":null},{"id":"27141443","caption_id":"127337","seq":"96","text":"Oh, you look as beautiful as always.","translate_comment":"","start":"190.39","dur":"2.217","is_scores":null,"created_at":"1521780565","updated_at":null},{"id":"27141444","caption_id":"127337","seq":"97","text":"No, seriously though, I didn't notice that.","translate_comment":"","start":"192.607","dur":"2.093","is_scores":null,"created_at":"1521780565","updated_at":null},{"id":"27141445","caption_id":"127337","seq":"98","text":"For me it doesn't matter whether you wear makeup or not.","translate_comment":"","start":"194.7","dur":"1.53","is_scores":null,"created_at":"1521780565","updated_at":null},{"id":"27141446","caption_id":"127337","seq":"99","text":"Whatever you're happy doing.","translate_comment":"","start":"196.23","dur":"1.58","is_scores":null,"created_at":"1521780565","updated_at":null},{"id":"27141447","caption_id":"127337","seq":"100","text":"I posted a picture of my fresh-ass face.","translate_comment":"","start":"197.81","dur":"2.94","is_scores":null,"created_at":"1521780565","updated_at":null},{"id":"27141448","caption_id":"127337","seq":"101","text":"You did?","translate_comment":"","start":"200.75","dur":"0.35","is_scores":null,"created_at":"1521780565","updated_at":null},{"id":"27141449","caption_id":"127337","seq":"102","text":"On Instagram and you commented","translate_comment":"","start":"201.1","dur":"1.49","is_scores":null,"created_at":"1521780565","updated_at":null},{"id":"27141450","caption_id":"127337","seq":"103","text":"that you had no idea that I was wearing makeup today.","translate_comment":"","start":"202.59","dur":"1.87","is_scores":null,"created_at":"1521780565","updated_at":null},{"id":"27141451","caption_id":"127337","seq":"104","text":"I didn't realize that you weren't wearing makeup.","translate_comment":"","start":"204.46","dur":"2.09","is_scores":null,"created_at":"1521780565","updated_at":null},{"id":"27141452","caption_id":"127337","seq":"105","text":"You don't look tired, you don't look sick","translate_comment":"","start":"206.55","dur":"2.15","is_scores":null,"created_at":"1521780565","updated_at":null},{"id":"27141453","caption_id":"127337","seq":"106","text":"like the normal comments that women get","translate_comment":"","start":"208.7","dur":"2.93","is_scores":null,"created_at":"1521780565","updated_at":null},{"id":"27141454","caption_id":"127337","seq":"107","text":"when they don't wear makeup.","translate_comment":"","start":"211.63","dur":"0.9","is_scores":null,"created_at":"1521780565","updated_at":null},{"id":"27141455","caption_id":"127337","seq":"108","text":"You didn't notice that most of the women","translate_comment":"","start":"212.53","dur":"1.333","is_scores":null,"created_at":"1521780565","updated_at":null},{"id":"27141456","caption_id":"127337","seq":"109","text":"you've come across are totally barefaced?","translate_comment":"","start":"213.863","dur":"3.877","is_scores":null,"created_at":"1521780565","updated_at":null},{"id":"27141457","caption_id":"127337","seq":"110","text":"No.","translate_comment":"","start":"217.74","dur":"0.833","is_scores":null,"created_at":"1521780565","updated_at":null},{"id":"27141458","caption_id":"127337","seq":"111","text":"I'm like trying to go back through","translate_comment":"","start":"218.573","dur":"1.877","is_scores":null,"created_at":"1521780565","updated_at":null},{"id":"27141459","caption_id":"127337","seq":"112","text":"all the women I've seen today.","translate_comment":"","start":"220.45","dur":"1.932","is_scores":null,"created_at":"1521780565","updated_at":null},{"id":"27141460","caption_id":"127337","seq":"113","text":"I still love you.","translate_comment":"","start":"222.383","dur":"1.528","is_scores":null,"created_at":"1521780565","updated_at":null},{"id":"27141461","caption_id":"127337","seq":"114","text":"Do you?","translate_comment":"","start":"223.911","dur":"0.97","is_scores":null,"created_at":"1521780565","updated_at":null},{"id":"27141462","caption_id":"127337","seq":"115","text":"Yeah.","translate_comment":"","start":"224.881","dur":"0.833","is_scores":null,"created_at":"1521780565","updated_at":null},{"id":"27141463","caption_id":"127337","seq":"116","text":"You still love me, pimples and all?","translate_comment":"","start":"225.714","dur":"1.039","is_scores":null,"created_at":"1521780565","updated_at":null},{"id":"27141464","caption_id":"127337","seq":"117","text":"Mmhm.","translate_comment":"","start":"226.753","dur":"0.832","is_scores":null,"created_at":"1521780565","updated_at":null},{"id":"27141465","caption_id":"127337","seq":"118","text":"Thanks, bae.","translate_comment":"","start":"227.586","dur":"0.924","is_scores":null,"created_at":"1521780565","updated_at":null},{"id":"27141466","caption_id":"127337","seq":"119","text":"This is the end of the workday.","translate_comment":"","start":"228.51","dur":"1.15","is_scores":null,"created_at":"1521780565","updated_at":null},{"id":"27141467","caption_id":"127337","seq":"120","text":"I made it.","translate_comment":"","start":"229.66","dur":"0.833","is_scores":null,"created_at":"1521780565","updated_at":null},{"id":"27141468","caption_id":"127337","seq":"121","text":"It wasn't that bad actually.","translate_comment":"","start":"230.493","dur":"1.363","is_scores":null,"created_at":"1521780565","updated_at":null},{"id":"27141469","caption_id":"127337","seq":"122","text":"You know the camaraderie of all the women at work","translate_comment":"","start":"231.856","dur":"2.684","is_scores":null,"created_at":"1521780565","updated_at":null},{"id":"27141470","caption_id":"127337","seq":"123","text":"also not wearing makeup really","translate_comment":"","start":"234.54","dur":"1.813","is_scores":null,"created_at":"1521780565","updated_at":null},{"id":"27141471","caption_id":"127337","seq":"124","text":"made me feel more secure in it too.","translate_comment":"","start":"236.354","dur":"2.416","is_scores":null,"created_at":"1521780565","updated_at":null},{"id":"27141472","caption_id":"127337","seq":"125","text":"Embrace all the flaws, all the scars,","translate_comment":"","start":"238.77","dur":"2.43","is_scores":null,"created_at":"1521780565","updated_at":null},{"id":"27141473","caption_id":"127337","seq":"126","text":"all these thoughts you have in your head,","translate_comment":"","start":"241.2","dur":"1.53","is_scores":null,"created_at":"1521780565","updated_at":null},{"id":"27141474","caption_id":"127337","seq":"127","text":"just let em go and take it away with a make-up wipe","translate_comment":"","start":"242.73","dur":"2.56","is_scores":null,"created_at":"1521780565","updated_at":null},{"id":"27141475","caption_id":"127337","seq":"128","text":"and just be yourself.","translate_comment":"","start":"245.29","dur":"1.996","is_scores":null,"created_at":"1521780565","updated_at":null},{"id":"27141476","caption_id":"127337","seq":"129","text":"(upbeat music)","translate_comment":"","start":"247.286","dur":"2.583","is_scores":null,"created_at":"1521780565","updated_at":null},{"id":"27141477","caption_id":"127337","seq":"130","text":"So as you may have noticed, Boldly is now As\/Is.","translate_comment":"","start":"259.69","dur":"3.81","is_scores":null,"created_at":"1521780565","updated_at":null},{"id":"27141478","caption_id":"127337","seq":"131","text":"But don't worry.","translate_comment":"","start":"263.5","dur":"0.833","is_scores":null,"created_at":"1521780565","updated_at":null},{"id":"27141479","caption_id":"127337","seq":"132","text":"You'll still get all the awesome content you're used to.","translate_comment":"","start":"264.333","dur":"1.657","is_scores":null,"created_at":"1521780565","updated_at":null},{"id":"27141480","caption_id":"127337","seq":"133","text":"But just even more new great stuff.","translate_comment":"","start":"265.99","dur":"2.18","is_scores":null,"created_at":"1521780565","updated_at":null},{"id":"27141481","caption_id":"127337","seq":"134","text":"Click here to subscribe.","translate_comment":"","start":"268.17","dur":"1.29","is_scores":null,"created_at":"1521780565","updated_at":null},{"id":"27141482","caption_id":"127337","seq":"135","text":"Woo!","translate_comment":"","start":"269.46","dur":"0.833","is_scores":null,"created_at":"1521780565","updated_at":null},{"id":"27141483","caption_id":"127337","seq":"136","text":"Clicky click.","translate_comment":"","start":"270.293","dur":"0.898","is_scores":null,"created_at":"1521780565","updated_at":null},{"id":"27141484","caption_id":"127337","seq":"137","text":"(upbeat music)","translate_comment":"","start":"271.191","dur":"2.583","is_scores":null,"created_at":"1521780565","updated_at":null}],"zh-Hant":[{"id":"27699031","caption_id":"127368","seq":"1","text":"\u662f\u7684","translate_comment":"","start":"4.644","dur":"1.801","is_scores":null,"created_at":"1522230807","updated_at":null},{"id":"27699032","caption_id":"127368","seq":"2","text":"(\u8f15\u5feb\u7684\u97f3\u6a02)","translate_comment":"","start":"6.445","dur":"2.835","is_scores":null,"created_at":"1522230807","updated_at":null},{"id":"27699033","caption_id":"127368","seq":"3","text":"\u6211\u6700\u8fd1\u624d\u525b\u505c\u4e86\u907f\u5b55\u85e5","translate_comment":"","start":"10.35","dur":"2.6","is_scores":null,"created_at":"1522230807","updated_at":null},{"id":"27699034","caption_id":"127368","seq":"4","text":"\u9019\u662f\u6211\u7b2c\u4e00\u6b21\u9577\u7c89\u523a","translate_comment":"","start":"12.95","dur":"3.34","is_scores":null,"created_at":"1522230807","updated_at":null},{"id":"27699035","caption_id":"127368","seq":"5","text":"\u6211\u5f88\u64d4\u5fc3\uff0c\u56e0\u70ba\u6211\u4e0d\u77e5\u9053\u5176\u4ed6\u4eba\u6703\u600e\u9ebc\u60f3","translate_comment":"","start":"16.29","dur":"3.04","is_scores":null,"created_at":"1522230807","updated_at":null},{"id":"27699036","caption_id":"127368","seq":"6","text":"\u4f46\u6211\u89ba\u5f97\u6211\u6703\u5f88\u5728\u610f","translate_comment":"","start":"19.33","dur":"1.05","is_scores":null,"created_at":"1522230807","updated_at":null},{"id":"27699037","caption_id":"127368","seq":"7","text":"\u5176\u4ed6\u4eba\u7684\u770b\u6cd5","translate_comment":"","start":"20.38","dur":"1","is_scores":null,"created_at":"1522230807","updated_at":null},{"id":"27699038","caption_id":"127368","seq":"8","text":"\u6211\u89ba\u5f97\u4e00\u5b9a\u6709\u4eba\u662f","translate_comment":"","start":"21.38","dur":"1.818","is_scores":null,"created_at":"1522230807","updated_at":null},{"id":"27699039","caption_id":"127368","seq":"9","text":"\u300c\u5982\u4f55\u5448\u73fe\u81ea\u5df1\u300d\u7684\u5c08\u5bb6","translate_comment":"","start":"23.199","dur":"2.751","is_scores":null,"created_at":"1522230807","updated_at":null},{"id":"27699040","caption_id":"127368","seq":"10","text":"\u7537\u4eba\u5011\u4e0d\u5316\u599d\uff0c\u90a3\u5973\u4eba\u70ba\u4ec0\u9ebc\u8981\uff1f","translate_comment":"","start":"25.95","dur":"2.43","is_scores":null,"created_at":"1522230807","updated_at":null},{"id":"27699041","caption_id":"127368","seq":"11","text":"\u5316\u599d\u662f\u4e00\u4ef6\u8b93\u6211\u89ba\u5f97\u53ef\u4ee5\u8b93\u81ea\u5df1","translate_comment":"","start":"28.38","dur":"2.459","is_scores":null,"created_at":"1522230807","updated_at":null},{"id":"27699043","caption_id":"127368","seq":"12","text":"\u9ad8\u4eba\u4e00\u7b49\uff0c\u7136\u5f8c","translate_comment":"","start":"30.87","dur":"1.861","is_scores":null,"created_at":"1522230807","updated_at":null},{"id":"27699044","caption_id":"127368","seq":"13","text":"\u53ef\u4ee5\u6bd4\u8f03\u6709\u81ea\u4fe1","translate_comment":"","start":"32.731","dur":"2.469","is_scores":null,"created_at":"1522230807","updated_at":null},{"id":"27699045","caption_id":"127368","seq":"14","text":"\u6211\u770b\u8d77\u4f86\u4e0d\u7d2f\uff0c\u56e0\u70ba\u6211\u771f\u7684\u4e0d\u7d2f","translate_comment":"","start":"35.2","dur":"1.627","is_scores":null,"created_at":"1522230807","updated_at":null},{"id":"27699046","caption_id":"127368","seq":"15","text":"\u6211\u770b\u8d77\u4f86\u6c92\u751f\u75c5\uff0c\u56e0\u70ba\u6211\u4e5f\u771f\u7684\u6c92\u75c5","translate_comment":"","start":"36.827","dur":"2.773","is_scores":null,"created_at":"1522230807","updated_at":null},{"id":"27699047","caption_id":"127368","seq":"16","text":"\u6211\u73fe\u5728\u53ea\u662f\u6c92\u6709\u5316\u599d\u800c\u5df2","translate_comment":"","start":"39.6","dur":"1.39","is_scores":null,"created_at":"1522230807","updated_at":null},{"id":"27699048","caption_id":"127368","seq":"17","text":"\u9019\u53ef\u80fd\u662f\u6211\u9ad8\u4e2d\u4e4b\u5f8c\u7b2c\u4e00\u6b21","translate_comment":"","start":"40.99","dur":"1.14","is_scores":null,"created_at":"1522230807","updated_at":null},{"id":"27699049","caption_id":"127368","seq":"18","text":"\u6211\u6c92\u6709\u756b\u773c\u7dda","translate_comment":"","start":"42.13","dur":"4.38","is_scores":null,"created_at":"1522230807","updated_at":null},{"id":"27699050","caption_id":"127368","seq":"19","text":"\u6211\u901a\u5e38\u6703\u756b\u5f88\u6fc3\u7684\u773c\u7dda","translate_comment":"","start":"46.51","dur":"3.71","is_scores":null,"created_at":"1522230807","updated_at":null},{"id":"27699051","caption_id":"127368","seq":"20","text":"\u64e6\u4e00\u4e9b\u776b\u6bdb\u818f\uff0c\u9084\u6703\u906e\u9ed1\u773c\u5708","translate_comment":"","start":"50.22","dur":"3.25","is_scores":null,"created_at":"1522230807","updated_at":null},{"id":"27699052","caption_id":"127368","seq":"21","text":"\u5c0d\u6211\u4f86\u8aaa\u9019\u6a23\u9084\u597d\uff0c\u4f46\u4e5f\u5920\u8b93\u6211","translate_comment":"","start":"53.47","dur":"3.04","is_scores":null,"created_at":"1522230807","updated_at":null},{"id":"27699053","caption_id":"127368","seq":"22","text":"\u89ba\u5f97\u81ea\u5df1\u8b8a\u5f97\u5f88\u4e0d\u4e00\u6a23","translate_comment":"","start":"56.51","dur":"2.369","is_scores":null,"created_at":"1522230807","updated_at":null},{"id":"27699054","caption_id":"127368","seq":"23","text":"\u6211\u73fe\u5728\u5728\u4e0a\u73ed\u7684\u8def\u4e0a\uff0c\u6c92\u5316\u599d","translate_comment":"","start":"58.88","dur":"2.81","is_scores":null,"created_at":"1522230807","updated_at":null},{"id":"27699055","caption_id":"127368","seq":"24","text":"\u7576\u4eba\u5011\u6c92\u6709\u5316\u599d\u7684\u6642\u5019","translate_comment":"","start":"61.69","dur":"1.67","is_scores":null,"created_at":"1522230807","updated_at":null},{"id":"27699056","caption_id":"127368","seq":"25","text":"\u6bd4\u8f03\u770b\u5f97\u51fa\u771f\u5be6\u7684\u6027\u683c","translate_comment":"","start":"63.36","dur":"1.759","is_scores":null,"created_at":"1522230807","updated_at":null},{"id":"27699057","caption_id":"127368","seq":"26","text":"\u7136\u5f8c\u6211\u6709\u4e0a\u4e00\u4e9b\u7c89\u5e95","translate_comment":"","start":"65.119","dur":"2.781","is_scores":null,"created_at":"1522230807","updated_at":null},{"id":"27699058","caption_id":"127368","seq":"27","text":"\u5728\u9019\u4e9b\u6591\u9ede\u3001\u75a4\u75d5\u4e0a","translate_comment":"","start":"67.9","dur":"2.09","is_scores":null,"created_at":"1522230807","updated_at":null},{"id":"27699059","caption_id":"127368","seq":"28","text":"\u9019\u662f\u6211\u7b2c\u4e00\u6b21","translate_comment":"","start":"69.99","dur":"1.959","is_scores":null,"created_at":"1522230807","updated_at":null},{"id":"27699060","caption_id":"127368","seq":"29","text":"\u7d20\u984f\u53bb\u5de5\u4f5c","translate_comment":"","start":"71.95","dur":"2.02","is_scores":null,"created_at":"1522230807","updated_at":null},{"id":"27699061","caption_id":"127368","seq":"30","text":"\u6211\u57fa\u672c\u4e0a\u6700\u5c11\u6703\u7528\u7c89\u9905","translate_comment":"","start":"73.97","dur":"1.793","is_scores":null,"created_at":"1522230807","updated_at":null},{"id":"27699062","caption_id":"127368","seq":"31","text":"\u6216\u5176\u4ed6\u6771\u897f\u4f86\u84cb\u4f4f\u6211\u7684\u7f3a\u9ede","translate_comment":"","start":"75.763","dur":"2.877","is_scores":null,"created_at":"1522230807","updated_at":null},{"id":"27699063","caption_id":"127368","seq":"32","text":"\u6211\u76f8\u7576\u671f\u5f85\u9019\u500b\u6982\u5ff5","translate_comment":"","start":"78.64","dur":"1.61","is_scores":null,"created_at":"1522230807","updated_at":null},{"id":"27699064","caption_id":"127368","seq":"33","text":"\u9019\u6a23\u7d20\u984f\u6574\u5929\uff0c\u4e0d\u7528\u6015\u599d\u82b1\u6389","translate_comment":"","start":"80.25","dur":"3.44","is_scores":null,"created_at":"1522230807","updated_at":null},{"id":"27699065","caption_id":"127368","seq":"34","text":"\u6211\u4e0d\u662f\u5f88\u6709\u81ea\u4fe1","translate_comment":"","start":"83.69","dur":"1.16","is_scores":null,"created_at":"1522230807","updated_at":null},{"id":"27699066","caption_id":"127368","seq":"35","text":"\u4f46\u6211\u4e0d\u61c9\u8a72\u5bb3\u6015\u5c55\u73fe\u6211\u771f\u6b63\u7684\u81c9","translate_comment":"","start":"84.85","dur":"3.06","is_scores":null,"created_at":"1522230807","updated_at":null},{"id":"27699067","caption_id":"127368","seq":"36","text":"\u9019\u662f\u6211\u771f\u6b63\u7684\u6a23\u5b50","translate_comment":"","start":"87.91","dur":"1.37","is_scores":null,"created_at":"1522230807","updated_at":null},{"id":"27699068","caption_id":"127368","seq":"37","text":"\u9019\u4e0d\u662f\u771f\u6b63\u7684\u6211","translate_comment":"","start":"89.28","dur":"1.17","is_scores":null,"created_at":"1522230807","updated_at":null},{"id":"27699069","caption_id":"127368","seq":"38","text":"\u771f\u6b63\u7684\u6211\u6703\u5316\u599d","translate_comment":"","start":"90.45","dur":"2.03","is_scores":null,"created_at":"1522230807","updated_at":null},{"id":"27699070","caption_id":"127368","seq":"39","text":"\u4e5f\u662f\u4ed6 X \u8d85\u6158\u7684\u4e8b\u5be6","translate_comment":"","start":"92.48","dur":"2.05","is_scores":null,"created_at":"1522230807","updated_at":null},{"id":"27699071","caption_id":"127368","seq":"40","text":"\u8ddf\u6211\u89aa\u611b\u7684\u670b\u53cb\u4e00\u8d77\u7d20\u984f","translate_comment":"","start":"94.53","dur":"2.39","is_scores":null,"created_at":"1522230807","updated_at":null},{"id":"27699072","caption_id":"127368","seq":"41","text":"\u7d20\u984f","translate_comment":"","start":"96.92","dur":"0.93","is_scores":null,"created_at":"1522230807","updated_at":null},{"id":"27699073","caption_id":"127368","seq":"42","text":"\u8001\u5be6\u8aaa\uff0c\u6211\u89ba\u5f97\u76ee\u524d\u90fd\u9084\u597d","translate_comment":"","start":"97.85","dur":"1.62","is_scores":null,"created_at":"1522230807","updated_at":null},{"id":"27699074","caption_id":"127368","seq":"43","text":"\u6211\u6839\u672c\u4e0d\u5728\u610f","translate_comment":"","start":"99.47","dur":"1.459","is_scores":null,"created_at":"1522230807","updated_at":null},{"id":"27699075","caption_id":"127368","seq":"44","text":"\u7576\u6211\u770b\u5230\u6211\u81ea\u5df1\u7684\u6642\u5019\uff0c\u6211\u89ba\u5f97\uff1a\u300c\u5662\uff0c\u8b8a\u5f97\u4e0d\u4e00\u6a23\u4e86\u3002\u300d","translate_comment":"","start":"100.93","dur":"2.331","is_scores":null,"created_at":"1522230807","updated_at":null},{"id":"27699076","caption_id":"127368","seq":"45","text":"\u6211\u53ef\u4ee5\u4e82\u4e03\u516b\u7cdf\u5730\u5403\u5348\u9910","translate_comment":"","start":"103.261","dur":"1.459","is_scores":null,"created_at":"1522230807","updated_at":null},{"id":"27699077","caption_id":"127368","seq":"46","text":"\u4e0d\u7528\u64d4\u5fc3\u6211\u7684\u53e3\u7d05\u6703\u88ab\u5403\u6389","translate_comment":"","start":"104.72","dur":"1.75","is_scores":null,"created_at":"1522230807","updated_at":null},{"id":"27699078","caption_id":"127368","seq":"47","text":"\u6211\u5728\u5348\u9910\u7684\u6642\u5019\u81ea\u62cd\u4e86","translate_comment":"","start":"107.58","dur":"1.57","is_scores":null,"created_at":"1522230807","updated_at":null},{"id":"27699079","caption_id":"127368","seq":"48","text":"\u5c0d","translate_comment":"","start":"109.15","dur":"0.698","is_scores":null,"created_at":"1522230807","updated_at":null},{"id":"27699080","caption_id":"127368","seq":"49","text":"\u6211\u5176\u5be6\u597d\u50cf\u6c92\u90a3\u9ebc\u7cdf\u5566","translate_comment":"","start":"109.848","dur":"1.562","is_scores":null,"created_at":"1522230807","updated_at":null},{"id":"27699081","caption_id":"127368","seq":"50","text":"\u4e0d\u6703\u554a\uff0c\u4f60\u770b\u8d77\u4f86\u5f88\u68d2","translate_comment":"","start":"111.41","dur":"0.833","is_scores":null,"created_at":"1522230807","updated_at":null},{"id":"27699082","caption_id":"127368","seq":"51","text":"\u4f60\u4e5f\u662f","translate_comment":"","start":"112.243","dur":"1.517","is_scores":null,"created_at":"1522230807","updated_at":null},{"id":"27699083","caption_id":"127368","seq":"52","text":"\u77e5\u9053\u6709\u5176\u4ed6\u5973\u5b69\u4e5f","translate_comment":"","start":"113.76","dur":"0.719","is_scores":null,"created_at":"1522230807","updated_at":null},{"id":"27699084","caption_id":"127368","seq":"53","text":"\u8ddf\u6211\u4e00\u6a23\u7d20\u984f","translate_comment":"","start":"114.48","dur":"1.73","is_scores":null,"created_at":"1522230807","updated_at":null},{"id":"27699085","caption_id":"127368","seq":"54","text":"\u5c0d","translate_comment":"","start":"116.21","dur":"1.21","is_scores":null,"created_at":"1522230807","updated_at":null},{"id":"27699086","caption_id":"127368","seq":"55","text":"\u9019\u8b93\u6211\u89ba\u5f97\uff0c\u5662\uff0c\u6211\u4e0d\u662f\u552f\u4e00\u4e00\u500b","translate_comment":"","start":"117.43","dur":"1.72","is_scores":null,"created_at":"1522230807","updated_at":null},{"id":"27699087","caption_id":"127368","seq":"56","text":"\u5c0d\uff0c\u7576\u4f60\u770b\u8457\u5979\u5011\u7684\u6642\u5019\u6703\u89ba\u5f97\u5979\u5011\u5f88\u68d2","translate_comment":"","start":"119.15","dur":"1.711","is_scores":null,"created_at":"1522230807","updated_at":null},{"id":"27699088","caption_id":"127368","seq":"57","text":"\u5c0d","translate_comment":"","start":"120.861","dur":"0.833","is_scores":null,"created_at":"1522230807","updated_at":null},{"id":"27699089","caption_id":"127368","seq":"58","text":"\u7136\u5f8c\u5979\u5011\u4e5f\u6703\u8ddf\u4f60\u8aaa\u4f60\u5f88\u68d2","translate_comment":"","start":"121.694","dur":"1.866","is_scores":null,"created_at":"1522230807","updated_at":null},{"id":"27699090","caption_id":"127368","seq":"59","text":"\u6240\u4ee5\u9019\u662f\u500b\u5f88\u6b63\u5411\u7684\u5faa\u74b0","translate_comment":"","start":"123.56","dur":"3.28","is_scores":null,"created_at":"1522230807","updated_at":null},{"id":"27699091","caption_id":"127368","seq":"60","text":"\u6211\u88ab\u4eba\u5bb6\u8aaa\u6211\u76ae\u819a\u770b\u8d77\u4f86\u53c8\u4eae\u53c8\u6c34\u5ae9","translate_comment":"","start":"126.84","dur":"2.06","is_scores":null,"created_at":"1522230807","updated_at":null},{"id":"27699092","caption_id":"127368","seq":"61","text":"\u4eca\u5929\u770b\u8d77\u4f86\u50cf\u500b\u6c92\u5316\u599d\u7684\u3001\u76ae\u819a\u900f\u4eae\u7684\u7f8e\u4eba","translate_comment":"","start":"128.9","dur":"3.22","is_scores":null,"created_at":"1522230807","updated_at":null},{"id":"27699093","caption_id":"127368","seq":"62","text":"\u4e00\u822c\u4f86\u8aaa\u5316\u599d\uff0c\u986f\u73fe\u4e86","translate_comment":"","start":"132.12","dur":"2.13","is_scores":null,"created_at":"1522230807","updated_at":null},{"id":"27699094","caption_id":"127368","seq":"63","text":"\u5176\u4e2d\u4e00\u7a2e\u7f8e\uff0c\u4f46\u7d20\u984f","translate_comment":"","start":"134.25","dur":"1.346","is_scores":null,"created_at":"1522230807","updated_at":null},{"id":"27699095","caption_id":"127368","seq":"64","text":"\u4e5f\u986f\u73fe\u4e86\u53e6\u4e00\u7a2e\u7f8e","translate_comment":"","start":"135.596","dur":"2.554","is_scores":null,"created_at":"1522230807","updated_at":null},{"id":"27699096","caption_id":"127368","seq":"65","text":"\u6c92\u932f","translate_comment":"","start":"138.15","dur":"0.833","is_scores":null,"created_at":"1522230807","updated_at":null},{"id":"27699097","caption_id":"127368","seq":"66","text":"\u800c\u6211\u89ba\u5f97\u5169\u8005\u90fd\u5f88\u91cd\u8981","translate_comment":"","start":"138.983","dur":"1.377","is_scores":null,"created_at":"1522230807","updated_at":null},{"id":"27699098","caption_id":"127368","seq":"67","text":"\u5230\u76ee\u524d\u70ba\u6b62\u6211\u89ba\u5f97\u5f88\u4e0d\u932f","translate_comment":"","start":"140.36","dur":"0.85","is_scores":null,"created_at":"1522230807","updated_at":null},{"id":"27699099","caption_id":"127368","seq":"68","text":"\u6211\u5f88\u597d\u5947\u7537\u5b69\u5011\u6703\u4e0d\u6703\u6ce8\u610f\u5230","translate_comment":"","start":"141.21","dur":"1.93","is_scores":null,"created_at":"1522230807","updated_at":null},{"id":"27699100","caption_id":"127368","seq":"69","text":"\u597d\uff0cPrice","translate_comment":"","start":"143.14","dur":"0.832","is_scores":null,"created_at":"1522230807","updated_at":null},{"id":"27699102","caption_id":"127368","seq":"70","text":"\u6709\u554f\u984c\u8981\u554f\u4f60","translate_comment":"","start":"144.806","dur":"0.833","is_scores":null,"created_at":"1522230807","updated_at":null},{"id":"27699103","caption_id":"127368","seq":"71","text":"\u597d","translate_comment":"","start":"145.639","dur":"0.833","is_scores":null,"created_at":"1522230807","updated_at":null},{"id":"27699104","caption_id":"127368","seq":"72","text":"\u4f60\u4eca\u5929\u6709\u767c\u73fe\u4efb\u4f55","translate_comment":"","start":"146.472","dur":"0.833","is_scores":null,"created_at":"1522230807","updated_at":null},{"id":"27699105","caption_id":"127368","seq":"73","text":"\u6211\u6216\u5176\u4ed6\u5973\u4eba\u4e0d\u4e00\u6a23\u7684\u5730\u65b9\u55ce\uff1f","translate_comment":"","start":"147.305","dur":"2.465","is_scores":null,"created_at":"1522230807","updated_at":null},{"id":"27699106","caption_id":"127368","seq":"74","text":"\u5662\uff0cX \u7684","translate_comment":"","start":"149.77","dur":"1.02","is_scores":null,"created_at":"1522230807","updated_at":null},{"id":"27699107","caption_id":"127368","seq":"75","text":"\u8ddf\u5316\u599d\u6709\u95dc\u55ce\uff1f","translate_comment":"","start":"150.79","dur":"0.833","is_scores":null,"created_at":"1522230807","updated_at":null},{"id":"27699108","caption_id":"127368","seq":"76","text":"\u662f","translate_comment":"","start":"151.623","dur":"0.833","is_scores":null,"created_at":"1522230807","updated_at":null},{"id":"27699109","caption_id":"127368","seq":"77","text":"\u597d","translate_comment":"","start":"152.456","dur":"0.833","is_scores":null,"created_at":"1522230807","updated_at":null},{"id":"27699110","caption_id":"127368","seq":"78","text":"\u4f60\u4eca\u5929\u6709\u6ce8\u610f\u5230\u4efb\u4f55","translate_comment":"","start":"153.289","dur":"0.833","is_scores":null,"created_at":"1522230807","updated_at":null},{"id":"27699111","caption_id":"127368","seq":"79","text":"\u5728 Buzzfeed \u5de5\u4f5c\u7684\u5973\u6027\u54e1\u5de5\u55ce\uff1f","translate_comment":"","start":"154.122","dur":"1.258","is_scores":null,"created_at":"1522230807","updated_at":null},{"id":"27699112","caption_id":"127368","seq":"80","text":"\u5176\u5be6\u6c92\u6709\uff0c\u6240\u4ee5\u6211\u73fe\u5728\u611f\u89ba\u5f88\u7cdf","translate_comment":"","start":"155.38","dur":"1.85","is_scores":null,"created_at":"1522230807","updated_at":null},{"id":"27699113","caption_id":"127368","seq":"81","text":"\u6211\u8a72\u600e\u9ebc\u505a\uff1f","translate_comment":"","start":"157.23","dur":"0.9","is_scores":null,"created_at":"1522230807","updated_at":null},{"id":"27699114","caption_id":"127368","seq":"82","text":"\u597d\uff0c\u9019\u6a23\u8d85\u5947\u602a","translate_comment":"","start":"164.36","dur":"1.12","is_scores":null,"created_at":"1522230807","updated_at":null},{"id":"27699115","caption_id":"127368","seq":"83","text":"\u5443\uff0c\u6211...","translate_comment":"","start":"165.48","dur":"2.069","is_scores":null,"created_at":"1522230807","updated_at":null},{"id":"27699116","caption_id":"127368","seq":"84","text":"\u771f\u7684\u6c92\u6709\u767c\u73fe\u4efb\u4f55\u4e0d\u4e00\u6a23","translate_comment":"","start":"169.4","dur":"1.7","is_scores":null,"created_at":"1522230807","updated_at":null},{"id":"27699117","caption_id":"127368","seq":"85","text":"\u597d\uff0c\u6211\u4eca\u5929\u6c92\u6709\u5316\u599d","translate_comment":"","start":"171.1","dur":"1.34","is_scores":null,"created_at":"1522230807","updated_at":null},{"id":"27699118","caption_id":"127368","seq":"86","text":"\u5662","translate_comment":"","start":"172.44","dur":"0.833","is_scores":null,"created_at":"1522230807","updated_at":null},{"id":"27699119","caption_id":"127368","seq":"87","text":"\u4f60\u77e5\u9053\u55ce\uff0c\u6211\u5c0d\u5973\u4eba\u5316\u599d\u7684\u770b\u6cd5","translate_comment":"","start":"173.273","dur":"3.697","is_scores":null,"created_at":"1522230807","updated_at":null},{"id":"27699120","caption_id":"127368","seq":"88","text":"\u5c31\u50cf\u5973\u4eba\u505a\u5176\u4ed6\u4e8b\u4e00\u6a23","translate_comment":"","start":"176.97","dur":"2.75","is_scores":null,"created_at":"1522230807","updated_at":null},{"id":"27699121","caption_id":"127368","seq":"89","text":"\u5c31\u662f\uff0c\u505a\u4f60\u8a72\u505a\u7684","translate_comment":"","start":"179.72","dur":"1.44","is_scores":null,"created_at":"1522230807","updated_at":null},{"id":"27699122","caption_id":"127368","seq":"90","text":"\u4f60\u6c92\u6709\u64e6\u53e3\u7d05","translate_comment":"","start":"181.16","dur":"2.117","is_scores":null,"created_at":"1522230807","updated_at":null},{"id":"27699123","caption_id":"127368","seq":"91","text":"\u5c0d","translate_comment":"","start":"183.277","dur":"0.832","is_scores":null,"created_at":"1522230807","updated_at":null},{"id":"27699124","caption_id":"127368","seq":"92","text":"\u4f60\u4e5f\u6c92\u6709\u773c\u7dda\u6216\u5176\u4ed6\u7684","translate_comment":"","start":"184.11","dur":"0.87","is_scores":null,"created_at":"1522230807","updated_at":null},{"id":"27699125","caption_id":"127368","seq":"93","text":"\u54c7\uff0c\u597d\u5594","translate_comment":"","start":"184.98","dur":"0.93","is_scores":null,"created_at":"1522230807","updated_at":null},{"id":"27699126","caption_id":"127368","seq":"94","text":"\u4eca\u5929\u6211\u5011\u5168\u90e8\u7684\u4eba\u90fd\u7d20\u984f","translate_comment":"","start":"186.97","dur":"1.377","is_scores":null,"created_at":"1522230807","updated_at":null},{"id":"27699127","caption_id":"127368","seq":"95","text":"\u5662\uff0c\u771f\u7684\u55ce\uff1f","translate_comment":"","start":"188.347","dur":"2.043","is_scores":null,"created_at":"1522230807","updated_at":null},{"id":"27699128","caption_id":"127368","seq":"96","text":"\u5662\uff0c\u4f60\u8ddf\u5e73\u5e38\u4e00\u6a23\u6f02\u4eae","translate_comment":"","start":"190.39","dur":"2.217","is_scores":null,"created_at":"1522230807","updated_at":null},{"id":"27699129","caption_id":"127368","seq":"97","text":"\u4e0d\uff0c\u8001\u5be6\u8aaa\uff0c\u6211\u4e26\u6c92\u6709\u6ce8\u610f\u5230","translate_comment":"","start":"192.607","dur":"2.093","is_scores":null,"created_at":"1522230807","updated_at":null},{"id":"27699130","caption_id":"127368","seq":"98","text":"\u5c0d\u6211\u4f86\u8aaa\uff0c\u4f60\u6709\u6c92\u6709\u5316\u599d\u90fd\u4e00\u6a23","translate_comment":"","start":"194.7","dur":"1.53","is_scores":null,"created_at":"1522230807","updated_at":null},{"id":"27699131","caption_id":"127368","seq":"99","text":"\u53ea\u8981\u4f60\u5feb\u6a02","translate_comment":"","start":"196.23","dur":"1.58","is_scores":null,"created_at":"1522230807","updated_at":null},{"id":"27699132","caption_id":"127368","seq":"100","text":"\u6211 po \u4e86\u4e00\u5f35\u65b0\u9bae\u7684\u7d20\u984f\u7167","translate_comment":"","start":"197.81","dur":"2.94","is_scores":null,"created_at":"1522230807","updated_at":null},{"id":"27699133","caption_id":"127368","seq":"101","text":"\u771f\u7684\uff1f","translate_comment":"","start":"200.75","dur":"0.35","is_scores":null,"created_at":"1522230807","updated_at":null},{"id":"27699134","caption_id":"127368","seq":"102","text":"\u5728 Instagram \u4e0a\uff0c\u4f60\u9084\u7559\u8a00\u8aaa","translate_comment":"","start":"201.1","dur":"1.49","is_scores":null,"created_at":"1522230807","updated_at":null},{"id":"27699135","caption_id":"127368","seq":"103","text":"\u4f60\u6839\u672c\u4e0d\u77e5\u9053\u6211\u6709\u6c92\u6709\u5316\u599d","translate_comment":"","start":"202.59","dur":"1.87","is_scores":null,"created_at":"1522230807","updated_at":null},{"id":"27699136","caption_id":"127368","seq":"104","text":"\u6211\u6839\u672c\u6c92\u767c\u73fe\u4f60\u4eca\u5929\u7d20\u984f","translate_comment":"","start":"204.46","dur":"2.09","is_scores":null,"created_at":"1522230807","updated_at":null},{"id":"27699137","caption_id":"127368","seq":"105","text":"\u4f60\u770b\u8d77\u4f86\u4e0d\u7d2f\uff0c\u4e5f\u6c92\u6709\u751f\u75c5","translate_comment":"","start":"206.55","dur":"2.15","is_scores":null,"created_at":"1522230807","updated_at":null},{"id":"27699138","caption_id":"127368","seq":"106","text":"\u50cf\u662f\u4e00\u822c\u5973\u751f\u6c92\u6709\u5316\u599d\u7684\u6642\u5019","translate_comment":"","start":"208.7","dur":"2.93","is_scores":null,"created_at":"1522230807","updated_at":null},{"id":"27699139","caption_id":"127368","seq":"107","text":"\u6703\u5f97\u5230\u7684\u56de\u8986","translate_comment":"","start":"211.63","dur":"0.9","is_scores":null,"created_at":"1522230807","updated_at":null},{"id":"27699140","caption_id":"127368","seq":"108","text":"\u4f60\u6c92\u6709\u767c\u73fe\u5e7e\u4e4e\u4f60\u9047\u5230\u7684\u5973\u751f","translate_comment":"","start":"212.53","dur":"1.333","is_scores":null,"created_at":"1522230807","updated_at":null},{"id":"27699141","caption_id":"127368","seq":"109","text":"\u5e7e\u4e4e\u90fd\u7d20\u984f\u55ce\uff1f","translate_comment":"","start":"213.863","dur":"3.877","is_scores":null,"created_at":"1522230807","updated_at":null},{"id":"27699142","caption_id":"127368","seq":"110","text":"\u6c92\u6709","translate_comment":"","start":"217.74","dur":"0.833","is_scores":null,"created_at":"1522230807","updated_at":null},{"id":"27699143","caption_id":"127368","seq":"111","text":"\u6211\u8a66\u8457\u56de\u60f3\u4eca\u5929","translate_comment":"","start":"218.573","dur":"1.877","is_scores":null,"created_at":"1522230807","updated_at":null},{"id":"27699144","caption_id":"127368","seq":"112","text":"\u6211\u4eca\u5929\u9047\u5230\u7684\u6240\u6709\u5973\u4eba","translate_comment":"","start":"220.45","dur":"1.932","is_scores":null,"created_at":"1522230807","updated_at":null},{"id":"27699145","caption_id":"127368","seq":"113","text":"\u6211\u9084\u662f\u611b\u4f60","translate_comment":"","start":"222.383","dur":"1.528","is_scores":null,"created_at":"1522230807","updated_at":null},{"id":"27699146","caption_id":"127368","seq":"114","text":"\u771f\u7684\u55ce\uff1f","translate_comment":"","start":"223.911","dur":"0.97","is_scores":null,"created_at":"1522230807","updated_at":null},{"id":"27699147","caption_id":"127368","seq":"115","text":"\u5c0d","translate_comment":"","start":"224.881","dur":"0.833","is_scores":null,"created_at":"1522230807","updated_at":null},{"id":"27699148","caption_id":"127368","seq":"116","text":"\u4f60\u611b\u6211\u7684\u7c89\u523a\u8ddf\u6211\u7684\u5168\u90e8\u55ce\uff1f","translate_comment":"","start":"225.714","dur":"1.039","is_scores":null,"created_at":"1522230807","updated_at":null},{"id":"27699149","caption_id":"127368","seq":"117","text":"\u55ef\u54fc","translate_comment":"","start":"226.753","dur":"0.832","is_scores":null,"created_at":"1522230807","updated_at":null},{"id":"27699150","caption_id":"127368","seq":"118","text":"\u8b1d\u8b1d\u4f60\uff0c\u5bf6\u8c9d","translate_comment":"","start":"227.586","dur":"0.924","is_scores":null,"created_at":"1522230807","updated_at":null},{"id":"27699151","caption_id":"127368","seq":"119","text":"\u73fe\u5728\u5de5\u4f5c\u5df2\u7d93\u544a\u4e00\u500b\u6bb5\u843d\u4e86","translate_comment":"","start":"228.51","dur":"1.15","is_scores":null,"created_at":"1522230807","updated_at":null},{"id":"27699152","caption_id":"127368","seq":"120","text":"\u6211\u505a\u5230\u4e86","translate_comment":"","start":"229.66","dur":"0.833","is_scores":null,"created_at":"1522230807","updated_at":null},{"id":"27699153","caption_id":"127368","seq":"121","text":"\u5176\u5be6\u6c92\u6709\u90a3\u9ebc\u7cdf","translate_comment":"","start":"230.493","dur":"1.363","is_scores":null,"created_at":"1522230807","updated_at":null},{"id":"27699154","caption_id":"127368","seq":"122","text":"\u4f60\u77e5\u9053\uff0c\u5074\u62cd\u6240\u6709\u5973\u4eba\u5de5\u4f5c","translate_comment":"","start":"231.856","dur":"2.684","is_scores":null,"created_at":"1522230807","updated_at":null},{"id":"27699155","caption_id":"127368","seq":"123","text":"\u7136\u5f8c\u4e5f\u90fd\u662f\u7d20\u984f","translate_comment":"","start":"234.54","dur":"1.813","is_scores":null,"created_at":"1522230807","updated_at":null},{"id":"27699156","caption_id":"127368","seq":"124","text":"\u8b93\u6211\u89ba\u5f97\u5b89\u5fc3","translate_comment":"","start":"236.354","dur":"2.416","is_scores":null,"created_at":"1522230807","updated_at":null},{"id":"27699157","caption_id":"127368","seq":"125","text":"\u64c1\u62b1\u6240\u6709\u7684\u7f3a\u9ede\u3001\u6240\u6709\u7684\u75a4","translate_comment":"","start":"238.77","dur":"2.43","is_scores":null,"created_at":"1522230807","updated_at":null},{"id":"27699158","caption_id":"127368","seq":"126","text":"\u6240\u6709\u5728\u4f60\u8166\u888b\u88e1\u7684\u60f3\u6cd5","translate_comment":"","start":"241.2","dur":"1.53","is_scores":null,"created_at":"1522230807","updated_at":null},{"id":"27699159","caption_id":"127368","seq":"127","text":"\u5c31\u96a8\u4ed6\u53bb\uff0c\u7136\u5f8c\u8b93\u5b83\u96a8\u8457\u5378\u599d\u68c9\u88ab\u62b9\u53bb","translate_comment":"","start":"242.73","dur":"2.56","is_scores":null,"created_at":"1522230807","updated_at":null},{"id":"27699160","caption_id":"127368","seq":"128","text":"\u7136\u5f8c\u505a\u81ea\u5df1","translate_comment":"","start":"245.29","dur":"1.996","is_scores":null,"created_at":"1522230807","updated_at":null},{"id":"27699161","caption_id":"127368","seq":"129","text":"(\u7bc0\u594f\u97f3\u6a02)","translate_comment":"","start":"247.286","dur":"2.583","is_scores":null,"created_at":"1522230807","updated_at":null},{"id":"27699162","caption_id":"127368","seq":"130","text":"\u6240\u4ee5\u4f60\u53ef\u80fd\u6703\u767c\u73fe Boldly \u73fe\u5728\u5728 As\/Is \u9019\u500b\u983b\u9053","translate_comment":"","start":"259.69","dur":"3.81","is_scores":null,"created_at":"1522230807","updated_at":null},{"id":"27699163","caption_id":"127368","seq":"131","text":"\u4f46\u5225\u64d4\u5fc3","translate_comment":"","start":"263.5","dur":"0.833","is_scores":null,"created_at":"1522230807","updated_at":null},{"id":"27699164","caption_id":"127368","seq":"132","text":"\u4f60\u9084\u662f\u53ef\u4ee5\u770b\u5230\u5f88\u68d2\u7684\u5167\u5bb9","translate_comment":"","start":"264.333","dur":"1.657","is_scores":null,"created_at":"1522230807","updated_at":null},{"id":"27699165","caption_id":"127368","seq":"133","text":"\u751a\u81f3\u66f4\u591a\u66f4\u68d2\u7684\u6771\u897f","translate_comment":"","start":"265.99","dur":"2.18","is_scores":null,"created_at":"1522230807","updated_at":null},{"id":"27699166","caption_id":"127368","seq":"134","text":"\u6309\u9019\u88e1\u8a02\u95b1","translate_comment":"","start":"268.17","dur":"1.29","is_scores":null,"created_at":"1522230807","updated_at":null},{"id":"27699167","caption_id":"127368","seq":"135","text":"\u5662\uff01","translate_comment":"","start":"269.46","dur":"0.833","is_scores":null,"created_at":"1522230807","updated_at":null},{"id":"27699168","caption_id":"127368","seq":"136","text":"\u9ede\u4e0b\u53bb","translate_comment":"","start":"270.293","dur":"0.898","is_scores":null,"created_at":"1522230807","updated_at":null},{"id":"27699169","caption_id":"127368","seq":"137","text":"(\u7bc0\u594f\u97f3\u6a02)","translate_comment":"","start":"271.191","dur":"2.583","is_scores":null,"created_at":"1522230807","updated_at":null}]}