{"en":[{"id":"27149508","caption_id":"127351","seq":"1","text":"Today, we are recreating rom-com posters.","translate_comment":"","start":"0.3","dur":"0.2","is_scores":null,"created_at":"1521798650","updated_at":null},{"id":"27149510","caption_id":"127351","seq":"2","text":"Rom-coms for me, when I was growing up,","translate_comment":"","start":"13.46","dur":"2.41","is_scores":null,"created_at":"1521798650","updated_at":null},{"id":"27149511","caption_id":"127351","seq":"3","text":"very much were the same type of woman.","translate_comment":"","start":"15.87","dur":"2.68","is_scores":null,"created_at":"1521798650","updated_at":null},{"id":"27149512","caption_id":"127351","seq":"4","text":"I never really got to see my culture being","translate_comment":"","start":"18.55","dur":"3.1","is_scores":null,"created_at":"1521798650","updated_at":null},{"id":"27149513","caption_id":"127351","seq":"5","text":"represented in the way that it should be, authentically.","translate_comment":"","start":"21.65","dur":"3.59","is_scores":null,"created_at":"1521798650","updated_at":null},{"id":"27149514","caption_id":"127351","seq":"6","text":"Being a plus-size woman,","translate_comment":"","start":"25.24","dur":"2.609","is_scores":null,"created_at":"1521798650","updated_at":null},{"id":"27149515","caption_id":"127351","seq":"7","text":"being a woman of color,","translate_comment":"","start":"27.85","dur":"1.26","is_scores":null,"created_at":"1521798650","updated_at":null},{"id":"27149516","caption_id":"127351","seq":"8","text":"being a queer woman,","translate_comment":"","start":"29.11","dur":"1.1","is_scores":null,"created_at":"1521798650","updated_at":null},{"id":"27149517","caption_id":"127351","seq":"9","text":"like, you ain't finding me nowhere.","translate_comment":"","start":"30.21","dur":"1.52","is_scores":null,"created_at":"1521798650","updated_at":null},{"id":"27149518","caption_id":"127351","seq":"10","text":"I'm a damn unicorn.","translate_comment":"","start":"31.73","dur":"1.43","is_scores":null,"created_at":"1521798650","updated_at":null},{"id":"27149519","caption_id":"127351","seq":"11","text":"Definitely, the best friend who was like,","translate_comment":"","start":"33.16","dur":"1.295","is_scores":null,"created_at":"1521798650","updated_at":null},{"id":"27149520","caption_id":"127351","seq":"12","text":"black and like, kind of the comedic relief.","translate_comment":"","start":"34.456","dur":"2.933","is_scores":null,"created_at":"1521798650","updated_at":null},{"id":"27149521","caption_id":"127351","seq":"13","text":"I feel like that's like as diverse it got.","translate_comment":"","start":"37.389","dur":"2.36","is_scores":null,"created_at":"1521798650","updated_at":null},{"id":"27149522","caption_id":"127351","seq":"14","text":"Oh, that girl's hair is curly.","translate_comment":"","start":"39.749","dur":"1.751","is_scores":null,"created_at":"1521798650","updated_at":null},{"id":"27149523","caption_id":"127351","seq":"15","text":"She must be crazy.","translate_comment":"","start":"41.5","dur":"2.39","is_scores":null,"created_at":"1521798650","updated_at":null},{"id":"27149524","caption_id":"127351","seq":"16","text":"It's very frustrating to always see yourself","translate_comment":"","start":"43.89","dur":"1.598","is_scores":null,"created_at":"1521798650","updated_at":null},{"id":"27149525","caption_id":"127351","seq":"17","text":"as a supporting character,","translate_comment":"","start":"45.488","dur":"1.712","is_scores":null,"created_at":"1521798650","updated_at":null},{"id":"27149526","caption_id":"127351","seq":"18","text":"because then you grow up believing","translate_comment":"","start":"47.2","dur":"1.354","is_scores":null,"created_at":"1521798650","updated_at":null},{"id":"27149527","caption_id":"127351","seq":"19","text":"that you're not the lead in your own movie.","translate_comment":"","start":"48.554","dur":"2.846","is_scores":null,"created_at":"1521798650","updated_at":null},{"id":"27149528","caption_id":"127351","seq":"20","text":"I'm hoping that I can recreate this pose,","translate_comment":"","start":"51.4","dur":"2.292","is_scores":null,"created_at":"1521798650","updated_at":null},{"id":"27149529","caption_id":"127351","seq":"21","text":"and it doesn't look like someone made a mistake.","translate_comment":"","start":"53.692","dur":"4","is_scores":null,"created_at":"1521798650","updated_at":null},{"id":"27149530","caption_id":"127351","seq":"22","text":"Today, I'm recreating the Pretty Woman poster.","translate_comment":"","start":"60.464","dur":"3.714","is_scores":null,"created_at":"1521798650","updated_at":null},{"id":"27149531","caption_id":"127351","seq":"23","text":"I am feeling like the classiest hooker","translate_comment":"","start":"64.178","dur":"3.18","is_scores":null,"created_at":"1521798650","updated_at":null},{"id":"27149532","caption_id":"127351","seq":"24","text":"there ever was in all of Beverly Hills.","translate_comment":"","start":"67.358","dur":"2.121","is_scores":null,"created_at":"1521798650","updated_at":null},{"id":"27149533","caption_id":"127351","seq":"25","text":"This is like, Julia Roberts, when she","translate_comment":"","start":"69.479","dur":"2.316","is_scores":null,"created_at":"1521798650","updated_at":null},{"id":"27149534","caption_id":"127351","seq":"26","text":"was America's sweetheart.","translate_comment":"","start":"71.795","dur":"1.305","is_scores":null,"created_at":"1521798650","updated_at":null},{"id":"27149535","caption_id":"127351","seq":"27","text":"I am like, my couch's sweetheart.","translate_comment":"","start":"73.1","dur":"2.262","is_scores":null,"created_at":"1521798650","updated_at":null},{"id":"27149536","caption_id":"127351","seq":"28","text":"A very iconic smile to try to replicate.","translate_comment":"","start":"75.362","dur":"2.566","is_scores":null,"created_at":"1521798650","updated_at":null},{"id":"27149537","caption_id":"127351","seq":"29","text":"I love the Pretty Woman poster.","translate_comment":"","start":"77.928","dur":"1.508","is_scores":null,"created_at":"1521798650","updated_at":null},{"id":"27149538","caption_id":"127351","seq":"30","text":"Julia Roberts, her hair is in its natural curl.","translate_comment":"","start":"79.436","dur":"3.941","is_scores":null,"created_at":"1521798650","updated_at":null},{"id":"27149539","caption_id":"127351","seq":"31","text":"It's a darker color.","translate_comment":"","start":"83.377","dur":"1.349","is_scores":null,"created_at":"1521798650","updated_at":null},{"id":"27149540","caption_id":"127351","seq":"32","text":"And it shows a lot of her personality.","translate_comment":"","start":"84.727","dur":"1.772","is_scores":null,"created_at":"1521798650","updated_at":null},{"id":"27149541","caption_id":"127351","seq":"33","text":"And she is smiling, like, that iconic Julia Roberts smile.","translate_comment":"","start":"86.499","dur":"4.711","is_scores":null,"created_at":"1521798650","updated_at":null},{"id":"27149542","caption_id":"127351","seq":"34","text":"She just seems so happy.","translate_comment":"","start":"91.22","dur":"1.066","is_scores":null,"created_at":"1521798650","updated_at":null},{"id":"27149543","caption_id":"127351","seq":"35","text":"Today, I will be posing with Jacob,","translate_comment":"","start":"92.286","dur":"1.629","is_scores":null,"created_at":"1521798650","updated_at":null},{"id":"27149544","caption_id":"127351","seq":"36","text":"who I have never met.","translate_comment":"","start":"93.915","dur":"1.062","is_scores":null,"created_at":"1521798650","updated_at":null},{"id":"27149545","caption_id":"127351","seq":"37","text":"It's always great to first meet someone","translate_comment":"","start":"94.977","dur":"1.951","is_scores":null,"created_at":"1521798650","updated_at":null},{"id":"27149546","caption_id":"127351","seq":"38","text":"when you're supposed to play their love interest.","translate_comment":"","start":"96.928","dur":"2.583","is_scores":null,"created_at":"1521798650","updated_at":null},{"id":"27149548","caption_id":"127351","seq":"39","text":"I will be recreating the No Strings Attached poster.","translate_comment":"","start":"107.585","dur":"4.552","is_scores":null,"created_at":"1521798650","updated_at":null},{"id":"27149549","caption_id":"127351","seq":"40","text":"We don't have to be the best friend","translate_comment":"","start":"112.137","dur":"1.665","is_scores":null,"created_at":"1521798650","updated_at":null},{"id":"27149550","caption_id":"127351","seq":"41","text":"watching someone else fall in love.","translate_comment":"","start":"113.802","dur":"1.708","is_scores":null,"created_at":"1521798650","updated_at":null},{"id":"27149551","caption_id":"127351","seq":"42","text":"Like, I can have no strings attached.","translate_comment":"","start":"115.51","dur":"3.083","is_scores":null,"created_at":"1521798650","updated_at":null},{"id":"27149552","caption_id":"127351","seq":"43","text":"Today, I'm modeling with Courteney.","translate_comment":"","start":"119.584","dur":"1.669","is_scores":null,"created_at":"1521798650","updated_at":null},{"id":"27149553","caption_id":"127351","seq":"44","text":"And this is going to be interesting.","translate_comment":"","start":"121.253","dur":"2.606","is_scores":null,"created_at":"1521798650","updated_at":null},{"id":"27149554","caption_id":"127351","seq":"45","text":"So, I've always wanted a big oversized shirt,","translate_comment":"","start":"123.859","dur":"2.037","is_scores":null,"created_at":"1521798650","updated_at":null},{"id":"27149555","caption_id":"127351","seq":"46","text":"and be like, \"Oh my gosh, I'm so cute in someone else's shirt.\"","translate_comment":"","start":"125.896","dur":"3.69","is_scores":null,"created_at":"1521798650","updated_at":null},{"id":"27149557","caption_id":"127351","seq":"47","text":"This is a lot of ass to capture.","translate_comment":"","start":"129.645","dur":"1.795","is_scores":null,"created_at":"1521798650","updated_at":null},{"id":"27149558","caption_id":"127351","seq":"48","text":"I hope that this shows that no matter","translate_comment":"","start":"131.441","dur":"2.099","is_scores":null,"created_at":"1521798650","updated_at":null},{"id":"27149559","caption_id":"127351","seq":"49","text":"what size you are, whether you are super small","translate_comment":"","start":"133.54","dur":"2.336","is_scores":null,"created_at":"1521798650","updated_at":null},{"id":"27149560","caption_id":"127351","seq":"50","text":"or not, or in between, that like,","translate_comment":"","start":"135.876","dur":"1.958","is_scores":null,"created_at":"1521798650","updated_at":null},{"id":"27149561","caption_id":"127351","seq":"51","text":"you can be sexy, and you can wear your little shirt around, whether it's yours or not.","translate_comment":"","start":"137.834","dur":"4.959","is_scores":null,"created_at":"1521798650","updated_at":null},{"id":"27149563","caption_id":"127351","seq":"52","text":"And everyone's gonna look good, no matter what.","translate_comment":"","start":"142.748","dur":"3.917","is_scores":null,"created_at":"1521798650","updated_at":null},{"id":"27149565","caption_id":"127351","seq":"53","text":"I am going to be doing Kate Hudson in","translate_comment":"","start":"150.853","dur":"2.276","is_scores":null,"created_at":"1521798650","updated_at":null},{"id":"27149566","caption_id":"127351","seq":"54","text":"How to Lose a Guy in 10 Days.","translate_comment":"","start":"153.129","dur":"2.241","is_scores":null,"created_at":"1521798650","updated_at":null},{"id":"27149567","caption_id":"127351","seq":"55","text":"I've looked at this poster, and it's just","translate_comment":"","start":"155.38","dur":"1.205","is_scores":null,"created_at":"1521798650","updated_at":null},{"id":"27149568","caption_id":"127351","seq":"56","text":"kind of like, two people playing Jenga with each other.","translate_comment":"","start":"156.585","dur":"2.85","is_scores":null,"created_at":"1521798650","updated_at":null},{"id":"27149569","caption_id":"127351","seq":"57","text":"In the pose she's like this,","translate_comment":"","start":"159.435","dur":"2.199","is_scores":null,"created_at":"1521798650","updated_at":null},{"id":"27149570","caption_id":"127351","seq":"58","text":"but I can't get.","translate_comment":"","start":"161.634","dur":"3.866","is_scores":null,"created_at":"1521798650","updated_at":null},{"id":"27149571","caption_id":"127351","seq":"59","text":"So instead, it's gonna be like...\"No boys allowed,\" or whatever this pose is.","translate_comment":"","start":"165.6","dur":"4.954","is_scores":null,"created_at":"1521798650","updated_at":null},{"id":"27149573","caption_id":"127351","seq":"60","text":"How do they find themselves in this situation","translate_comment":"","start":"170.543","dur":"1.706","is_scores":null,"created_at":"1521798650","updated_at":null},{"id":"27149574","caption_id":"127351","seq":"61","text":"where like, they both tipped over at the same time?","translate_comment":"","start":"172.249","dur":"3.13","is_scores":null,"created_at":"1521798650","updated_at":null},{"id":"27149575","caption_id":"127351","seq":"62","text":"Well, Macy just figured out that there's no way you could do this pose without it being Photoshopped together.","translate_comment":"","start":"175.379","dur":"4.796","is_scores":null,"created_at":"1521798650","updated_at":null},{"id":"27149578","caption_id":"127351","seq":"63","text":"So, we're now filming it separately,","translate_comment":"","start":"180.13","dur":"1.99","is_scores":null,"created_at":"1521798650","updated_at":null},{"id":"27149579","caption_id":"127351","seq":"64","text":"and I'm being held up.","translate_comment":"","start":"182.12","dur":"1.833","is_scores":null,"created_at":"1521798650","updated_at":null},{"id":"27149580","caption_id":"127351","seq":"65","text":"Bigger people have romantic adventures, too.","translate_comment":"","start":"187.72","dur":"2.165","is_scores":null,"created_at":"1521798650","updated_at":null},{"id":"27149581","caption_id":"127351","seq":"66","text":"I think it'd be really cool to see our romantic adventures.","translate_comment":"","start":"189.885","dur":"4.635","is_scores":null,"created_at":"1521798650","updated_at":null},{"id":"27149583","caption_id":"127351","seq":"67","text":"I'll be recreating The Notebook,","translate_comment":"","start":"199.28","dur":"1.256","is_scores":null,"created_at":"1521798650","updated_at":null},{"id":"27149584","caption_id":"127351","seq":"68","text":"with the always beautiful Rachel McAdams,","translate_comment":"","start":"200.536","dur":"2.316","is_scores":null,"created_at":"1521798650","updated_at":null},{"id":"27149585","caption_id":"127351","seq":"69","text":"and I hope I can do it some justice.","translate_comment":"","start":"202.852","dur":"2.528","is_scores":null,"created_at":"1521798650","updated_at":null},{"id":"27149586","caption_id":"127351","seq":"70","text":"Today, I'm actually posing with my boyfriend, Russell,","translate_comment":"","start":"205.38","dur":"2.809","is_scores":null,"created_at":"1521798650","updated_at":null},{"id":"27149587","caption_id":"127351","seq":"71","text":"and I think this will be a fun experience for the two of us.","translate_comment":"","start":"208.189","dur":"3.294","is_scores":null,"created_at":"1521798650","updated_at":null},{"id":"27149588","caption_id":"127351","seq":"72","text":"And hopefully, he doesn't drop me.","translate_comment":"","start":"211.483","dur":"4.067","is_scores":null,"created_at":"1521798650","updated_at":null},{"id":"27149589","caption_id":"127351","seq":"73","text":"He's giving you that \"it-just-heavily-rained\" look.","translate_comment":"","start":"215.55","dur":"1.834","is_scores":null,"created_at":"1521798650","updated_at":null},{"id":"27149591","caption_id":"127351","seq":"74","text":"Rom-coms for me, when I was growing up,","translate_comment":"","start":"218.279","dur":"2.154","is_scores":null,"created_at":"1521798650","updated_at":null},{"id":"27149592","caption_id":"127351","seq":"75","text":"I never really saw a leading lady who was curvy and considered sexy and romantic.","translate_comment":"","start":"220.433","dur":"5.408","is_scores":null,"created_at":"1521798650","updated_at":null},{"id":"27149594","caption_id":"127351","seq":"76","text":"That...you look fantastic.","translate_comment":"","start":"225.76","dur":"1.06","is_scores":null,"created_at":"1521798650","updated_at":null},{"id":"27149595","caption_id":"127351","seq":"77","text":"- Thank you. - You look beautiful.","translate_comment":"","start":"226.82","dur":"1.833","is_scores":null,"created_at":"1521798650","updated_at":null},{"id":"27149597","caption_id":"127351","seq":"78","text":"I'm really excited to show that as a curvy woman, you can also be a leading lady.","translate_comment":"","start":"228.627","dur":"5.802","is_scores":null,"created_at":"1521798650","updated_at":null},{"id":"27149600","caption_id":"127351","seq":"79","text":"I'm doing J-Lo from The Wedding Planner.","translate_comment":"","start":"238.174","dur":"3.674","is_scores":null,"created_at":"1521798650","updated_at":null},{"id":"27149601","caption_id":"127351","seq":"80","text":"Growing up as a Latina, seeing J-Lo in movies was amazing.","translate_comment":"","start":"241.848","dur":"4.921","is_scores":null,"created_at":"1521798650","updated_at":null},{"id":"27149602","caption_id":"127351","seq":"81","text":"Jenny from the block, Maya from the block.","translate_comment":"","start":"246.769","dur":"2.524","is_scores":null,"created_at":"1521798650","updated_at":null},{"id":"27149604","caption_id":"127351","seq":"82","text":"I never really got to see kind of, my culture being represented.","translate_comment":"","start":"249.292","dur":"3.328","is_scores":null,"created_at":"1521798650","updated_at":null},{"id":"27149606","caption_id":"127351","seq":"83","text":"I don't know like, I wish La-La Land had like, POC.","translate_comment":"","start":"254.145","dur":"3.426","is_scores":null,"created_at":"1521798650","updated_at":null},{"id":"27149608","caption_id":"127351","seq":"84","text":"It's like, why can't a Latina be in it?","translate_comment":"","start":"257.526","dur":"2.44","is_scores":null,"created_at":"1521798650","updated_at":null},{"id":"27149609","caption_id":"127351","seq":"85","text":"Or like, African American, or an Indian,","translate_comment":"","start":"259.966","dur":"3.217","is_scores":null,"created_at":"1521798650","updated_at":null},{"id":"27149610","caption_id":"127351","seq":"86","text":"or something like that?","translate_comment":"","start":"263.184","dur":"1.266","is_scores":null,"created_at":"1521798650","updated_at":null},{"id":"27149611","caption_id":"127351","seq":"87","text":"I'm excited to represent an average size woman,","translate_comment":"","start":"264.45","dur":"2.522","is_scores":null,"created_at":"1521798650","updated_at":null},{"id":"27149612","caption_id":"127351","seq":"88","text":"which is like, in America, I think it's size 14 to 16.","translate_comment":"","start":"266.972","dur":"3.635","is_scores":null,"created_at":"1521798650","updated_at":null},{"id":"27149614","caption_id":"127351","seq":"89","text":"She's kind of like this.","translate_comment":"","start":"270.605","dur":"2.985","is_scores":null,"created_at":"1521798650","updated_at":null},{"id":"27149615","caption_id":"127351","seq":"90","text":"I have too much boobage for that.","translate_comment":"","start":"273.59","dur":"1.95","is_scores":null,"created_at":"1521798650","updated_at":null},{"id":"27149616","caption_id":"127351","seq":"91","text":"I mean, I got a little butt, thighs, arms.","translate_comment":"","start":"275.55","dur":"2.318","is_scores":null,"created_at":"1521798650","updated_at":null},{"id":"27149617","caption_id":"127351","seq":"92","text":"I'm excited to show that in a movie poster,","translate_comment":"","start":"277.868","dur":"2.327","is_scores":null,"created_at":"1521798650","updated_at":null},{"id":"27149618","caption_id":"127351","seq":"93","text":"'cause it's usually Photoshopped out.","translate_comment":"","start":"280.196","dur":"3.73","is_scores":null,"created_at":"1521798650","updated_at":null},{"id":"27149620","caption_id":"127351","seq":"94","text":"I just hope this shows girls everywhere","translate_comment":"","start":"286.859","dur":"2.36","is_scores":null,"created_at":"1521798650","updated_at":null},{"id":"27149621","caption_id":"127351","seq":"95","text":"that you are allowed to be the lead in your own love story.","translate_comment":"","start":"289.219","dur":"3.53","is_scores":null,"created_at":"1521798650","updated_at":null},{"id":"27149623","caption_id":"127351","seq":"96","text":"You're not just the best friend.","translate_comment":"","start":"292.72","dur":"0.981","is_scores":null,"created_at":"1521798650","updated_at":null},{"id":"27149624","caption_id":"127351","seq":"97","text":"You're not just the comedic relief.","translate_comment":"","start":"293.701","dur":"2.133","is_scores":null,"created_at":"1521798650","updated_at":null},{"id":"27149625","caption_id":"127351","seq":"98","text":"You are the star of your life.","translate_comment":"","start":"295.834","dur":"3.088","is_scores":null,"created_at":"1521798650","updated_at":null}],"zh-Hant":[{"id":"27149627","caption_id":"127352","seq":"1","text":"\u4eca\u5929\u6211\u5011\u8981\u91cd\u65b0\u8a6e\u91cb\u6d6a\u6f2b\u559c\u5287\u7247\u7684\u6d77\u5831","translate_comment":"","start":"0.3","dur":"0.2","is_scores":null,"created_at":"1521798925","updated_at":null},{"id":"27149629","caption_id":"127352","seq":"2","text":"\u6d6a\u6f2b\u559c\u5287\u5c0d\u6211\u800c\u8a00\uff0c\u5728\u6210\u9577\u904e\u7a0b\u4e2d","translate_comment":"","start":"13.46","dur":"2.41","is_scores":null,"created_at":"1521798925","updated_at":null},{"id":"27149630","caption_id":"127352","seq":"3","text":"\u4e3b\u6f14\u7684\u90fd\u662f\u76f8\u540c\u985e\u578b\u7684\u5973\u4eba","translate_comment":"","start":"15.87","dur":"2.68","is_scores":null,"created_at":"1521798925","updated_at":null},{"id":"27149631","caption_id":"127352","seq":"4","text":"\u6211\u5f9e\u4f86\u6c92\u770b\u904e\u6211\u7684\u6587\u5316","translate_comment":"","start":"18.55","dur":"3.1","is_scores":null,"created_at":"1521798925","updated_at":null},{"id":"27149632","caption_id":"127352","seq":"5","text":"\u4ee5\u771f\u5be6\u7684\u65b9\u5f0f\u88ab\u5448\u73fe","translate_comment":"","start":"21.65","dur":"3.59","is_scores":null,"created_at":"1521798925","updated_at":null},{"id":"27149633","caption_id":"127352","seq":"6","text":"\u4f5c\u70ba\u4e00\u500b\u5927\u5c3a\u78bc\u5973\u4eba","translate_comment":"","start":"25.24","dur":"2.609","is_scores":null,"created_at":"1521798925","updated_at":null},{"id":"27149634","caption_id":"127352","seq":"7","text":"\u4f5c\u70ba\u4e00\u500b\u6709\u8272\u7684\u5973\u4eba","translate_comment":"","start":"27.85","dur":"1.26","is_scores":null,"created_at":"1521798925","updated_at":null},{"id":"27149635","caption_id":"127352","seq":"8","text":"\u4f5c\u70ba\u4e00\u500b\u9177\u5152\u5973\u4eba","translate_comment":"","start":"29.11","dur":"1.1","is_scores":null,"created_at":"1521798925","updated_at":null},{"id":"27149636","caption_id":"127352","seq":"9","text":"\u4f60\u6839\u672c\u627e\u4e0d\u5230\u50cf\u6211\u4e00\u6a23\u7684\u4eba","translate_comment":"","start":"30.21","dur":"1.52","is_scores":null,"created_at":"1521798925","updated_at":null},{"id":"27149637","caption_id":"127352","seq":"10","text":"\u6211\u7c21\u76f4\u662f\u500b\u7368\u89d2\u7378","translate_comment":"","start":"31.73","dur":"1.43","is_scores":null,"created_at":"1521798925","updated_at":null},{"id":"27149638","caption_id":"127352","seq":"11","text":"\u6211\u89ba\u5f97\u6211\u5728\u96fb\u5f71\u88e1\u80af\u5b9a\u662f\u90a3\u7a2e\u597d\u670b\u53cb\u7684\u89d2\u8272","translate_comment":"","start":"33.16","dur":"1.295","is_scores":null,"created_at":"1521798925","updated_at":null},{"id":"27149639","caption_id":"127352","seq":"12","text":"\u4e00\u500b\u9ed1\u4eba\uff0c\u7136\u5f8c\u51fa\u73fe\u5728\u8f15\u9b06\u7684\u93e1\u982d","translate_comment":"","start":"34.456","dur":"2.933","is_scores":null,"created_at":"1521798925","updated_at":null},{"id":"27149640","caption_id":"127352","seq":"13","text":"\u6211\u89ba\u5f97\u6709\u5f88\u591a\u4e0d\u540c\u53cd\u61c9","translate_comment":"","start":"37.389","dur":"2.36","is_scores":null,"created_at":"1521798925","updated_at":null},{"id":"27149641","caption_id":"127352","seq":"14","text":"\u5594\uff0c\u90a3\u500b\u5973\u5b69\u662f\u6372\u9aee","translate_comment":"","start":"39.749","dur":"1.751","is_scores":null,"created_at":"1521798925","updated_at":null},{"id":"27149642","caption_id":"127352","seq":"15","text":"\u5979\u4e00\u5b9a\u5f88\u760b\u72c2","translate_comment":"","start":"41.5","dur":"2.39","is_scores":null,"created_at":"1521798925","updated_at":null},{"id":"27149643","caption_id":"127352","seq":"16","text":"\u9019\u5f88\u8b93\u4eba\u6cae\u55aa\uff0c\u7e3d\u662f\u770b\u5230\u985e\u4f3c\u81ea\u5df1\u7684\u89d2\u8272","translate_comment":"","start":"43.89","dur":"1.598","is_scores":null,"created_at":"1521798925","updated_at":null},{"id":"27149644","caption_id":"127352","seq":"17","text":"\u6c38\u9060\u53ea\u80fd\u7576\u914d\u89d2","translate_comment":"","start":"45.488","dur":"1.712","is_scores":null,"created_at":"1521798925","updated_at":null},{"id":"27149645","caption_id":"127352","seq":"18","text":"\u4f60\u5f9e\u9577\u5927\u4ee5\u4f86\u5c31\u76f8\u4fe1","translate_comment":"","start":"47.2","dur":"1.354","is_scores":null,"created_at":"1521798925","updated_at":null},{"id":"27149646","caption_id":"127352","seq":"19","text":"\u4f60\u4e26\u4e0d\u662f\u81ea\u5df1\u96fb\u5f71\u88e1\u7684\u4e3b\u89d2","translate_comment":"","start":"48.554","dur":"2.846","is_scores":null,"created_at":"1521798925","updated_at":null},{"id":"27149647","caption_id":"127352","seq":"20","text":"\u6211\u5e0c\u671b\u6211\u53ef\u4ee5\u91cd\u73fe\u9019\u500b\u62cd\u7167\u52d5\u4f5c","translate_comment":"","start":"51.4","dur":"2.292","is_scores":null,"created_at":"1521798925","updated_at":null},{"id":"27149648","caption_id":"127352","seq":"21","text":"\u800c\u4e0d\u6703\u770b\u8d77\u4f86\u50cf\u4e00\u500b\u932f\u8aa4","translate_comment":"","start":"53.692","dur":"4","is_scores":null,"created_at":"1521798925","updated_at":null},{"id":"27149649","caption_id":"127352","seq":"22","text":"\u4eca\u5929\uff0c\u6211\u8981\u91cd\u73fe \u300a\u9ebb\u96c0\u8b8a\u9cf3\u51f0\u300b\u7684\u6d77\u5831","translate_comment":"","start":"60.464","dur":"3.714","is_scores":null,"created_at":"1521798925","updated_at":null},{"id":"27149650","caption_id":"127352","seq":"23","text":"\u6211\u89ba\u5f97\u6211\u662f\u6700\u6f02\u4eae\u7684\u5993\u5973","translate_comment":"","start":"64.178","dur":"3.18","is_scores":null,"created_at":"1521798925","updated_at":null},{"id":"27149651","caption_id":"127352","seq":"24","text":"\u5728\u6bd4\u4f5b\u5229\u5c71\u838a\u5730\u5340","translate_comment":"","start":"67.358","dur":"2.121","is_scores":null,"created_at":"1521798925","updated_at":null},{"id":"27149652","caption_id":"127352","seq":"25","text":"\u8331\u8389\u4e9e\u30fb\u7f85\u52c3\u8332\u90a3\u6642\u5019\u5c31\u50cf\u662f","translate_comment":"","start":"69.479","dur":"2.316","is_scores":null,"created_at":"1521798925","updated_at":null},{"id":"27149653","caption_id":"127352","seq":"26","text":"\u7f8e\u570b\u751c\u5fc3","translate_comment":"","start":"71.795","dur":"1.305","is_scores":null,"created_at":"1521798925","updated_at":null},{"id":"27149654","caption_id":"127352","seq":"27","text":"\u800c\u6211\u662f...\u6c99\u767c\u751c\u5fc3","translate_comment":"","start":"73.1","dur":"2.262","is_scores":null,"created_at":"1521798925","updated_at":null},{"id":"27149655","caption_id":"127352","seq":"28","text":"\u6211\u8a66\u5716\u8907\u88fd\u90a3\u975e\u5e38\u7d93\u5178\u7684\u7b11\u5bb9","translate_comment":"","start":"75.362","dur":"2.566","is_scores":null,"created_at":"1521798925","updated_at":null},{"id":"27149656","caption_id":"127352","seq":"29","text":"\u6211\u597d\u611b\u300a\u9ebb\u96c0\u8b8a\u9cf3\u51f0\u300b\u7684\u96fb\u5f71\u6d77\u5831","translate_comment":"","start":"77.928","dur":"1.508","is_scores":null,"created_at":"1521798925","updated_at":null},{"id":"27149657","caption_id":"127352","seq":"30","text":"\u8331\u8389\u4e9e\u30fb\u7f85\u52c3\u8332\u7684\u81ea\u7136\u6372","translate_comment":"","start":"79.436","dur":"3.941","is_scores":null,"created_at":"1521798925","updated_at":null},{"id":"27149658","caption_id":"127352","seq":"31","text":"\u5979\u7684\u9aee\u8272\u8f03\u6df1","translate_comment":"","start":"83.377","dur":"1.349","is_scores":null,"created_at":"1521798925","updated_at":null},{"id":"27149659","caption_id":"127352","seq":"32","text":"\u90a3\u4e5f\u5c55\u73fe\u4e86\u5979\u7684\u500b\u6027","translate_comment":"","start":"84.727","dur":"1.772","is_scores":null,"created_at":"1521798925","updated_at":null},{"id":"27149660","caption_id":"127352","seq":"33","text":"\u5979\u5728\u5c55\u73fe\u8331\u8389\u4e9e\u30fb\u7f85\u52c3\u8332\u5f0f\u7684\u7b11\u5bb9","translate_comment":"","start":"86.499","dur":"4.711","is_scores":null,"created_at":"1521798925","updated_at":null},{"id":"27149661","caption_id":"127352","seq":"34","text":"\u5979\u770b\u8d77\u4f86\u5f88\u5feb\u6a02","translate_comment":"","start":"91.22","dur":"1.066","is_scores":null,"created_at":"1521798925","updated_at":null},{"id":"27149662","caption_id":"127352","seq":"35","text":"\u4eca\u5929\u6211\u8981\u548c Jacob \u4e00\u8d77\u62cd\u651d","translate_comment":"","start":"92.286","dur":"1.629","is_scores":null,"created_at":"1521798925","updated_at":null},{"id":"27149663","caption_id":"127352","seq":"36","text":"\u6211\u5f9e\u6c92\u898b\u904e\u4ed6","translate_comment":"","start":"93.915","dur":"1.062","is_scores":null,"created_at":"1521798925","updated_at":null},{"id":"27149664","caption_id":"127352","seq":"37","text":"\u626e\u6f14\u4e00\u500b\u7b2c\u4e00\u6b21\u898b\u9762\u7684\u4eba","translate_comment":"","start":"94.977","dur":"1.951","is_scores":null,"created_at":"1521798925","updated_at":null},{"id":"27149665","caption_id":"127352","seq":"38","text":"\u611b\u4e0a\u7684\u5c0d\u8c61\u7e3d\u662f\u5f88\u597d\u73a9","translate_comment":"","start":"96.928","dur":"2.583","is_scores":null,"created_at":"1521798925","updated_at":null},{"id":"27149667","caption_id":"127352","seq":"39","text":"\u6211\u8981\u91cd\u73fe\u300a\u98ef\u98ef\u4e4b\u4ea4\u300b\u7684\u6d77\u5831","translate_comment":"","start":"107.585","dur":"4.552","is_scores":null,"created_at":"1521798925","updated_at":null},{"id":"27149668","caption_id":"127352","seq":"40","text":"\u6211\u5011\u4e0d\u4e00\u5b9a\u8981\u662f\u6700\u597d\u670b\u53cb","translate_comment":"","start":"112.137","dur":"1.665","is_scores":null,"created_at":"1521798925","updated_at":null},{"id":"27149669","caption_id":"127352","seq":"41","text":"\u770b\u8457\u5c0d\u65b9\u9677\u5165\u611b\u6cb3","translate_comment":"","start":"113.802","dur":"1.708","is_scores":null,"created_at":"1521798925","updated_at":null},{"id":"27149670","caption_id":"127352","seq":"42","text":"\u6211\u53ef\u4ee5\u4e0d\u7528\u88ab\u9650\u5236\u4f4f","translate_comment":"","start":"115.51","dur":"3.083","is_scores":null,"created_at":"1521798925","updated_at":null},{"id":"27149671","caption_id":"127352","seq":"43","text":"\u6211\u4eca\u5929\u548c Courteney \u4e00\u8d77\u62cd\u7167","translate_comment":"","start":"119.584","dur":"1.669","is_scores":null,"created_at":"1521798925","updated_at":null},{"id":"27149672","caption_id":"127352","seq":"44","text":"\u9019\u4e00\u5b9a\u6703\u5f88\u6709\u8da3","translate_comment":"","start":"121.253","dur":"2.606","is_scores":null,"created_at":"1521798925","updated_at":null},{"id":"27149673","caption_id":"127352","seq":"45","text":"\u6211\u4e00\u76f4\u5f88\u60f3\u7a7f\u8457\u904e\u5927\u7684\u896f\u886b","translate_comment":"","start":"123.859","dur":"2.037","is_scores":null,"created_at":"1521798925","updated_at":null},{"id":"27149674","caption_id":"127352","seq":"46","text":"\u7136\u5f8c\u8aaa\uff1a\u300c\u5662\uff0c\u6211\u5728\u5225\u4eba\u7684\u896f\u886b\u88e1\u770b\u8d77\u4f86\u771f\u53ef\u611b\uff01\u300d","translate_comment":"","start":"125.896","dur":"3.69","is_scores":null,"created_at":"1521798925","updated_at":null},{"id":"27149675","caption_id":"127352","seq":"47","text":"\u6211\u7684\u81c0\u90e8\u6703\u4f54\u591a\u93e1\u982d","translate_comment":"","start":"129.645","dur":"1.795","is_scores":null,"created_at":"1521798925","updated_at":null},{"id":"27149677","caption_id":"127352","seq":"48","text":"\u6211\u5e0c\u671b\u9019\u80fd\u50b3\u9054","translate_comment":"","start":"131.441","dur":"2.099","is_scores":null,"created_at":"1521798925","updated_at":null},{"id":"27149678","caption_id":"127352","seq":"49","text":"\u7121\u8ad6\u4f60\u8eab\u578b\u5982\u4f55\uff0c\u5c31\u7b97\u4f60\u8d85\u7d1a\u5c0f\u96bb","translate_comment":"","start":"133.54","dur":"2.336","is_scores":null,"created_at":"1521798925","updated_at":null},{"id":"27149679","caption_id":"127352","seq":"50","text":"\u6216\u4ecb\u5728\u4e2d\u9593\u503c","translate_comment":"","start":"135.876","dur":"1.958","is_scores":null,"created_at":"1521798925","updated_at":null},{"id":"27149680","caption_id":"127352","seq":"51","text":"\u4f60\u53ef\u4ee5\u5f88\u6027\u611f\uff0c\u7a7f\u8457\u4e0d\u8ad6\u662f\u4e0d\u662f\u4f60\u7684\u5c0f\u896f\u886b\u8d70\u4f86\u8d70\u53bb","translate_comment":"","start":"137.834","dur":"4.959","is_scores":null,"created_at":"1521798925","updated_at":null},{"id":"27149682","caption_id":"127352","seq":"52","text":"\u4f60\u770b\u8d77\u4f86\u90fd\u5f88\u7f8e","translate_comment":"","start":"142.748","dur":"3.917","is_scores":null,"created_at":"1521798925","updated_at":null},{"id":"27149684","caption_id":"127352","seq":"53","text":"\u6211\u8981\u98fe\u6f14\u51f1\u7279\u30fb\u54c8\u5fb7\u68ee\u7684","translate_comment":"","start":"150.853","dur":"2.276","is_scores":null,"created_at":"1521798925","updated_at":null},{"id":"27149685","caption_id":"127352","seq":"54","text":"\u300a\u7d55\u914d\u51a4\u5bb6\u300b","translate_comment":"","start":"153.129","dur":"2.241","is_scores":null,"created_at":"1521798925","updated_at":null},{"id":"27149686","caption_id":"127352","seq":"55","text":"\u7576\u6211\u770b\u8457\u9019\u500b\u6d77\u5831","translate_comment":"","start":"155.38","dur":"1.205","is_scores":null,"created_at":"1521798925","updated_at":null},{"id":"27149687","caption_id":"127352","seq":"56","text":"\u5c31\u5f88\u50cf\u5169\u500b\u4eba\u73a9\u758a\u758a\u6a02","translate_comment":"","start":"156.585","dur":"2.85","is_scores":null,"created_at":"1521798925","updated_at":null},{"id":"27149688","caption_id":"127352","seq":"57","text":"\u5979\u5c31\u50cf\u9019\u6a23\u64fa\u59ff\u52e2","translate_comment":"","start":"159.435","dur":"2.199","is_scores":null,"created_at":"1521798925","updated_at":null},{"id":"27149689","caption_id":"127352","seq":"58","text":"\u4f46\u6211\u7121\u6cd5","translate_comment":"","start":"161.634","dur":"3.866","is_scores":null,"created_at":"1521798925","updated_at":null},{"id":"27149690","caption_id":"127352","seq":"59","text":"\u8b8a\u6210\u300c\u7537\u751f\u4e0d\u8a31\u9032\u4f86\uff01\u300d\u7684\u5947\u602a\u59ff\u52e2","translate_comment":"","start":"165.6","dur":"4.954","is_scores":null,"created_at":"1521798925","updated_at":null},{"id":"27149691","caption_id":"127352","seq":"60","text":"\u4ed6\u5011\u600e\u9ebc\u8fa6\u5230\u7684\u554a","translate_comment":"","start":"170.543","dur":"1.706","is_scores":null,"created_at":"1521798925","updated_at":null},{"id":"27149693","caption_id":"127352","seq":"61","text":"\u4ed6\u5011\u5c31\u9019\u6a23\u540c\u6642\u5012\u5728\u5c0d\u65b9\u8eab\u4e0a","translate_comment":"","start":"172.249","dur":"3.13","is_scores":null,"created_at":"1521798925","updated_at":null},{"id":"27149694","caption_id":"127352","seq":"62","text":"Macy \u8aaa\u9664\u975e\u7528 Photoshop \u4e0d\u7136\u4e0d\u53ef\u80fd\u505a\u5230\u9019\u500b\u59ff\u52e2","translate_comment":"","start":"175.379","dur":"4.796","is_scores":null,"created_at":"1521798925","updated_at":null},{"id":"27149695","caption_id":"127352","seq":"63","text":"\u6240\u4ee5\u6211\u5011\u8981\u5206\u958b\u62cd\u651d","translate_comment":"","start":"180.13","dur":"1.99","is_scores":null,"created_at":"1521798925","updated_at":null},{"id":"27149696","caption_id":"127352","seq":"64","text":"\u800c\u4e14\u6211\u8981\u88ab\u6258\u8457","translate_comment":"","start":"182.12","dur":"1.833","is_scores":null,"created_at":"1521798925","updated_at":null},{"id":"27149698","caption_id":"127352","seq":"65","text":"\u5927\u5c3a\u5bf8\u7684\u4eba\u4e5f\u53ef\u4ee5\u6709\u6d6a\u6f2b\u6545\u4e8b","translate_comment":"","start":"187.72","dur":"2.165","is_scores":null,"created_at":"1521798925","updated_at":null},{"id":"27149700","caption_id":"127352","seq":"66","text":"\u6211\u89ba\u5f97\u80fd\u770b\u898b\u6211\u5011\u7684\u6200\u611b\u6545\u4e8b\u4e00\u5b9a\u5f88\u9177","translate_comment":"","start":"189.885","dur":"4.635","is_scores":null,"created_at":"1521798925","updated_at":null},{"id":"27149701","caption_id":"127352","seq":"67","text":"\u6211\u8981\u91cd\u73fe\u300a\u624b\u672d\u60c5\u7de3\u300b","translate_comment":"","start":"199.28","dur":"1.256","is_scores":null,"created_at":"1521798925","updated_at":null},{"id":"27149702","caption_id":"127352","seq":"68","text":"\u7531\u7f8e\u9e97\u7684\u745e\u79cb\u30fb\u9ea5\u4e9e\u7576\u65af\u4e3b\u6f14","translate_comment":"","start":"200.536","dur":"2.316","is_scores":null,"created_at":"1521798925","updated_at":null},{"id":"27149703","caption_id":"127352","seq":"69","text":"\u6211\u5e0c\u671b\u80fd\u4f38\u5f35\u4e00\u4e9b\u6b63\u7fa9","translate_comment":"","start":"202.852","dur":"2.528","is_scores":null,"created_at":"1521798925","updated_at":null},{"id":"27149704","caption_id":"127352","seq":"70","text":"\u6211\u8981\u548c\u6211\u7684\u7537\u670b\u53cb Russell \u4e00\u8d77\u62cd\u651d","translate_comment":"","start":"205.38","dur":"2.809","is_scores":null,"created_at":"1521798925","updated_at":null},{"id":"27149705","caption_id":"127352","seq":"71","text":"\u6211\u89ba\u5f97\u9019\u5c0d\u6211\u5011\u5169\u500b\u4f86\u8aaa\u4e00\u5b9a\u662f\u500b\u6709\u8da3\u7684\u9ad4\u9a57","translate_comment":"","start":"208.189","dur":"3.294","is_scores":null,"created_at":"1521798925","updated_at":null},{"id":"27149706","caption_id":"127352","seq":"72","text":"\u4e5f\u5e0c\u671b\u4ed6\u4e0d\u8981\u5bb3\u6211\u8dcc\u5012","translate_comment":"","start":"211.483","dur":"4.067","is_scores":null,"created_at":"1521798925","updated_at":null},{"id":"27149707","caption_id":"127352","seq":"73","text":"\u4ed6\u5728\u88fd\u9020\u300c\u525b\u525b\u4e0b\u4e86\u5927\u96e8\u300d\u7684\u9020\u578b","translate_comment":"","start":"215.55","dur":"1.834","is_scores":null,"created_at":"1521798925","updated_at":null},{"id":"27149708","caption_id":"127352","seq":"74","text":"\u5f9e\u5c0f\u5230\u770b\uff0c\u6211\u770b\u7684\u6d6a\u6f2b\u559c\u5287\u4e2d","translate_comment":"","start":"218.279","dur":"2.154","is_scores":null,"created_at":"1521798925","updated_at":null},{"id":"27149709","caption_id":"127352","seq":"75","text":"\u5f9e\u4f86\u6c92\u6709\u4e00\u500b\u5973\u4e3b\u89d2\u662f\u504f\u5411\u66f2\u7dda\u7f8e\uff0c\u7136\u5f8c\u88ab\u770b\u4f5c\u6027\u611f\u800c\u6d6a\u6f2b\u7684","translate_comment":"","start":"220.433","dur":"5.408","is_scores":null,"created_at":"1521798925","updated_at":null},{"id":"27149711","caption_id":"127352","seq":"76","text":"\u4f60\u770b\u8d77\u4f86\u597d\u7f8e","translate_comment":"","start":"225.76","dur":"1.06","is_scores":null,"created_at":"1521798925","updated_at":null},{"id":"27149712","caption_id":"127352","seq":"77","text":"- \u8b1d\u8b1d - \u59b3\u5f88\u6f02\u4eae","translate_comment":"","start":"226.82","dur":"1.833","is_scores":null,"created_at":"1521798925","updated_at":null},{"id":"27149713","caption_id":"127352","seq":"78","text":"\u6211\u5f88\u8208\u596e\u80fd\u8b49\u660e\u8c50\u8174\u7684\u5973\u5b69\u4e5f\u53ef\u4ee5\u6210\u70ba\u5973\u4e3b\u89d2","translate_comment":"","start":"228.627","dur":"5.802","is_scores":null,"created_at":"1521798925","updated_at":null},{"id":"27149714","caption_id":"127352","seq":"79","text":"\u6211\u8981\u98fe\u6f14\u73cd\u59ae\u4f5b\u30fb\u6d1b\u4f69\u8332\u5728\u5979\u7684\u96fb\u5f71\u300a\u611b\u4e0a\u65b0\u90ce\u300b","translate_comment":"","start":"238.174","dur":"3.674","is_scores":null,"created_at":"1521798925","updated_at":null},{"id":"27149716","caption_id":"127352","seq":"80","text":"\u8eab\u70ba\u4e00\u500b\u62c9\u7f8e\u5973\u6027\uff0c\u80fd\u770b\u898b\u73cd\u59ae\u4f5b\u6d1b\u4f69\u8332\u51fa\u73fe\u5728\u5927\u87a2\u5e55\u662f\u5f88\u68d2\u7684","translate_comment":"","start":"241.848","dur":"4.921","is_scores":null,"created_at":"1521798925","updated_at":null},{"id":"27149717","caption_id":"127352","seq":"81","text":"\u4eba\u5bb6\u662f\u73cd\u59ae\uff0c\u6211\u662f\u746a\u96c5","translate_comment":"","start":"246.769","dur":"2.524","is_scores":null,"created_at":"1521798925","updated_at":null},{"id":"27149719","caption_id":"127352","seq":"82","text":"\u6211\u6c92\u6709\u770b\u5230\u6211\u7684\u6587\u5316\u4ee5\u4efb\u4f55\u5f62\u5f0f\u88ab\u771f\u6b63\u6f14\u7e79","translate_comment":"","start":"249.292","dur":"3.328","is_scores":null,"created_at":"1521798925","updated_at":null},{"id":"27149721","caption_id":"127352","seq":"83","text":"\u6211\u5e0c\u671b\u300a\u6a02\u4f86\u6a02\u611b\u4f60\u300b\u4e2d\u6709\u8272\u4eba\u7a2e\u7684\u6f14\u51fa","translate_comment":"","start":"254.145","dur":"3.426","is_scores":null,"created_at":"1521798925","updated_at":null},{"id":"27149723","caption_id":"127352","seq":"84","text":"\u70ba\u4ec0\u9ebc\u62c9\u7f8e\u4eba\u5c31\u4e0d\u80fd\u6f14\u96fb\u5f71\uff1f","translate_comment":"","start":"257.526","dur":"2.44","is_scores":null,"created_at":"1521798925","updated_at":null},{"id":"27149724","caption_id":"127352","seq":"85","text":"\u6216\u662f\u7f8e\u88d4\u975e\u6d32\u4eba\uff0c\u6216\u5370\u5730\u5b89\u4eba","translate_comment":"","start":"259.966","dur":"3.217","is_scores":null,"created_at":"1521798925","updated_at":null},{"id":"27149725","caption_id":"127352","seq":"86","text":"\u6216\u5176\u4ed6\u4eba\u4eba\u7a2e\uff1f","translate_comment":"","start":"263.184","dur":"1.266","is_scores":null,"created_at":"1521798925","updated_at":null},{"id":"27149726","caption_id":"127352","seq":"87","text":"\u6211\u5f88\u8208\u596e\u80fd\u4ee3\u8868\u6a19\u6e96\u8eab\u6750\u7684\u5973\u6027","translate_comment":"","start":"264.45","dur":"2.522","is_scores":null,"created_at":"1521798925","updated_at":null},{"id":"27149727","caption_id":"127352","seq":"88","text":"\u5728\u7f8e\u570b\u5dee\u4e0d\u591a\u662f\u7a7f size 14 \u5230 16","translate_comment":"","start":"266.972","dur":"3.635","is_scores":null,"created_at":"1521798925","updated_at":null},{"id":"27149728","caption_id":"127352","seq":"89","text":"\u5979\u5927\u6982\u662f\u9019\u6a23","translate_comment":"","start":"270.605","dur":"2.985","is_scores":null,"created_at":"1521798925","updated_at":null},{"id":"27149730","caption_id":"127352","seq":"90","text":"\u6211\u89ba\u5f97\u80f8\u90e8\u7684\u90e8\u5206\u6709\u9ede\u591a","translate_comment":"","start":"273.59","dur":"1.95","is_scores":null,"created_at":"1521798925","updated_at":null},{"id":"27149731","caption_id":"127352","seq":"91","text":"\u6211\u7684\u610f\u601d\u662f\uff0c\u6211\u6709\u5c41\u80a1\u3001\u5927\u817f\uff0c\u548c\u624b\u81c2","translate_comment":"","start":"275.55","dur":"2.318","is_scores":null,"created_at":"1521798925","updated_at":null},{"id":"27149732","caption_id":"127352","seq":"92","text":"\u6211\u5f88\u671f\u5f85\u80fd\u5728\u96fb\u5f71\u6d77\u5831\u88e1\u770b\u5230","translate_comment":"","start":"277.868","dur":"2.327","is_scores":null,"created_at":"1521798925","updated_at":null},{"id":"27149733","caption_id":"127352","seq":"93","text":"\u56e0\u70ba\u901a\u5e38\u9019\u4e9b\u7f3a\u9ede\u90fd\u6703\u88ab Photoshop \u4fee\u6389","translate_comment":"","start":"280.196","dur":"3.73","is_scores":null,"created_at":"1521798925","updated_at":null},{"id":"27149734","caption_id":"127352","seq":"94","text":"\u6211\u5e0c\u671b\u9019\u80fd\u5411\u6240\u6709\u5973\u5b69\u8b49\u660e","translate_comment":"","start":"286.859","dur":"2.36","is_scores":null,"created_at":"1521798925","updated_at":null},{"id":"27149735","caption_id":"127352","seq":"95","text":"\u4f60\u662f\u81ea\u5df1\u611b\u60c5\u6545\u4e8b\u88e1\u7684\u4e3b\u89d2","translate_comment":"","start":"289.219","dur":"3.53","is_scores":null,"created_at":"1521798925","updated_at":null},{"id":"27149737","caption_id":"127352","seq":"96","text":"\u4e0d\u53ea\u662f\u5973\u4e3b\u89d2\u7684\u597d\u670b\u53cb","translate_comment":"","start":"292.72","dur":"0.981","is_scores":null,"created_at":"1521798925","updated_at":null},{"id":"27149738","caption_id":"127352","seq":"97","text":"\u4f60\u4e0d\u53ea\u662f\u4e00\u500b\u8ae7\u661f","translate_comment":"","start":"293.701","dur":"2.133","is_scores":null,"created_at":"1521798925","updated_at":null},{"id":"27149739","caption_id":"127352","seq":"98","text":"\u4f60\u5c31\u662f\u4f60\u4eba\u751f\u7684\u4e3b\u89d2","translate_comment":"","start":"295.834","dur":"3.088","is_scores":null,"created_at":"1521798925","updated_at":null}]}