{"en":[{"id":"27105277","caption_id":"127181","seq":"1","text":"[Dripping tap, buzzing sound]","translate_comment":"","start":"0.96","dur":"18.44","is_scores":null,"created_at":"1521551269","updated_at":null},{"id":"27105278","caption_id":"127181","seq":"2","text":"When I got pregnant, I was young, broke and dating this guy that we'll call Dick.","translate_comment":"","start":"19.6","dur":"5.6","is_scores":null,"created_at":"1521551269","updated_at":null},{"id":"27105279","caption_id":"127181","seq":"3","text":"[Sound of him patting her thigh, white noise]","translate_comment":"","start":"26.18","dur":"1.52","is_scores":null,"created_at":"1521551269","updated_at":null},{"id":"27105280","caption_id":"127181","seq":"4","text":"I met Dick while working on a TV show. I was a background artist,","translate_comment":"\u6211\u5728\u4e00\u500b\u96fb\u8996\u7bc0\u76ee\u5de5\u4f5c\u6642\u8a8d\u8b58\u4e86 Dick \u3002\u7576\u6642\u6211\u662f\u500b\u5834\u4f48\u7f8e\u8853","start":"30.72","dur":"3.74","is_scores":null,"created_at":"1521551269","updated_at":null},{"id":"27105281","caption_id":"127181","seq":"5","text":"and I remember walking on to the studio lot and feeling awestruck.","translate_comment":"","start":"34.72","dur":"3.76","is_scores":null,"created_at":"1521551269","updated_at":null},{"id":"27105282","caption_id":"127181","seq":"6","text":"I'd watch actors take their mark, and directors call \"action.\"","translate_comment":"","start":"39.04","dur":"3.529","is_scores":null,"created_at":"1521551269","updated_at":null},{"id":"27105283","caption_id":"127181","seq":"7","text":"I had left the soul-sucking classrooms of Community College behind, and walked onto a living, breathing, filming set.","translate_comment":"","start":"42.84","dur":"7.04","is_scores":null,"created_at":"1521551269","updated_at":null},{"id":"27105284","caption_id":"127181","seq":"8","text":"A: Hi, hi. I'm here for background. I'm so sorry I'm late.","translate_comment":"","start":"50.06","dur":"2.82","is_scores":null,"created_at":"1521551269","updated_at":null},{"id":"27105285","caption_id":"127181","seq":"9","text":"D: All good. I'm Dick.","translate_comment":"","start":"52.88","dur":"1.08","is_scores":null,"created_at":"1521551269","updated_at":null},{"id":"27105286","caption_id":"127181","seq":"10","text":"A: Oh, hi. Anna.","translate_comment":"","start":"54.12","dur":"1","is_scores":null,"created_at":"1521551269","updated_at":null},{"id":"27105287","caption_id":"127181","seq":"11","text":"[Harp glissando, romantic music]","translate_comment":"","start":"55.12","dur":"2","is_scores":null,"created_at":"1521551269","updated_at":null},{"id":"27105288","caption_id":"127181","seq":"12","text":"A: Nice to meet you.","translate_comment":"","start":"57.7","dur":"1.08","is_scores":null,"created_at":"1521551269","updated_at":null},{"id":"27105289","caption_id":"127181","seq":"13","text":"D: Uh, if you could just hang out here, uh, we're gonna get to you in a second.","translate_comment":"","start":"59.66","dur":"3.82","is_scores":null,"created_at":"1521551269","updated_at":null},{"id":"27105290","caption_id":"127181","seq":"14","text":"A: Ok\u2026cool D: Alright","translate_comment":"","start":"63.62","dur":"2","is_scores":null,"created_at":"1521551269","updated_at":null},{"id":"27105291","caption_id":"127181","seq":"15","text":"[Sexy music as she checks out his butt]","translate_comment":"","start":"65.62","dur":"1.88","is_scores":null,"created_at":"1521551269","updated_at":null},{"id":"27105292","caption_id":"127181","seq":"16","text":"D: All good, I'm on my way","translate_comment":"","start":"67.5","dur":"2.54","is_scores":null,"created_at":"1521551269","updated_at":null},{"id":"27105293","caption_id":"127181","seq":"17","text":"-Good night! -Bye, thank you.","translate_comment":"-\u665a\u5b89\uff01 -\u518d\u898b\uff0c\u8b1d\u8b1d\u4f60","start":"70.04","dur":"2","is_scores":null,"created_at":"1521551269","updated_at":null},{"id":"27105294","caption_id":"127181","seq":"18","text":"D: Oh, by- hey!","translate_comment":"","start":"72.08","dur":"1.38","is_scores":null,"created_at":"1521551269","updated_at":null},{"id":"27105295","caption_id":"127181","seq":"19","text":"-Great job today.  -Thank you!","translate_comment":"-\u4eca\u5929\u505a\u5f97\u5f88\u597d -\u8b1d\u8b1d\u4f60\uff01","start":"73.46","dur":"1.78","is_scores":null,"created_at":"1521551269","updated_at":null},{"id":"27105296","caption_id":"127181","seq":"20","text":"Do you think you might want to work the show again?","translate_comment":"","start":"75.24","dur":"1.58","is_scores":null,"created_at":"1521551269","updated_at":null},{"id":"27105297","caption_id":"127181","seq":"21","text":"I loved working background.","translate_comment":"","start":"77","dur":"1.72","is_scores":null,"created_at":"1521551269","updated_at":null},{"id":"27105298","caption_id":"127181","seq":"22","text":"I was buying my groceries at the 99-cent store to supplement Costco mac and cheese packs my parents had bought me.","translate_comment":"","start":"78.72","dur":"5.389","is_scores":null,"created_at":"1521551269","updated_at":null},{"id":"27105299","caption_id":"127181","seq":"23","text":"I wanted all the work and free hot meals I could get.","translate_comment":"","start":"84.11","dur":"2.699","is_scores":null,"created_at":"1521551269","updated_at":null},{"id":"27105300","caption_id":"127181","seq":"24","text":"Dick asked for my number so he could book me directly, and every week, he called me in for work.","translate_comment":"","start":"87.56","dur":"4.84","is_scores":null,"created_at":"1521551269","updated_at":null},{"id":"27105301","caption_id":"127181","seq":"25","text":"I loved it. And then one day, when I was signing out\u2026","translate_comment":"","start":"92.6","dur":"5.6","is_scores":null,"created_at":"1521551269","updated_at":null},{"id":"27105302","caption_id":"127181","seq":"26","text":"[Sparks sound]","translate_comment":"(\u706b\u82b1\u8072)","start":"98.2","dur":"2","is_scores":null,"created_at":"1521551269","updated_at":null},{"id":"27105303","caption_id":"127181","seq":"27","text":"I hadn't known this was on the table; if he was flirting that meant I could now relentlessly pursue him.","translate_comment":"","start":"102.179","dur":"5.27","is_scores":null,"created_at":"1521551269","updated_at":null},{"id":"27105304","caption_id":"127181","seq":"28","text":"It didn't take long before I was bombarding Dick with messages.","translate_comment":"","start":"108.24","dur":"2.84","is_scores":null,"created_at":"1521551269","updated_at":null},{"id":"27105305","caption_id":"127181","seq":"29","text":"[Message sending sound]","translate_comment":"(\u8a0a\u606f\u50b3\u9001\u63d0\u793a\u97f3)","start":"111.08","dur":"2","is_scores":null,"created_at":"1521551269","updated_at":null},{"id":"27105306","caption_id":"127181","seq":"30","text":"And imagining what his butt looked like underneath those baggy cargo pants.","translate_comment":"","start":"113.28","dur":"3.42","is_scores":null,"created_at":"1521551269","updated_at":null},{"id":"27105307","caption_id":"127181","seq":"31","text":"-And then I found out...  - \"My brother died.\"","translate_comment":"-\u63a5\u4e0b\u4f86\u767c\u751f\u4e86\u9019\u4ef6\u4e8b... -\u6211\u7684\u5144\u5f1f\u904e\u4e16\u4e86","start":"117.8","dur":"3.94","is_scores":null,"created_at":"1521551269","updated_at":null},{"id":"27105308","caption_id":"127181","seq":"32","text":"-I'm sorry.  -And since I had lost a sister as well, my delusional self","translate_comment":"-\u6211\u5f88\u907a\u61be\u3002-\u56e0\u70ba\u6211\u6709\u500b\u59d0\u59b9\u4e5f\u904e\u4e16\u4e86\uff0c\u6211\u7684\u767d\u65e5\u5922\u5927\u982d","start":"122.18","dur":"4.66","is_scores":null,"created_at":"1521551269","updated_at":null},{"id":"27105309","caption_id":"127181","seq":"33","text":"immediately created an entire romance novel starring us.","translate_comment":"","start":"127.2","dur":"3.349","is_scores":null,"created_at":"1521551269","updated_at":null},{"id":"27105310","caption_id":"127181","seq":"34","text":"Two survivors, we were meant to be together. We would","translate_comment":"\u5169\u500b\u751f\u9084\u8005\uff0c\u6211\u5011\u8a3b\u5b9a\u8981\u5728\u4e00\u8d77\u3002\u6211\u5011\u6703...","start":"131.22","dur":"2.305","is_scores":null,"created_at":"1521551269","updated_at":null},{"id":"27105311","caption_id":"127181","seq":"35","text":"Help each other heal.","translate_comment":"\u5e6b\u5f7c\u6b64\u7642\u50b7","start":"133.525","dur":"1.614","is_scores":null,"created_at":"1521551269","updated_at":null},{"id":"27105312","caption_id":"127181","seq":"36","text":"In my head, we had an insanely deep connection.","translate_comment":"\u5728\u6211\u8166\u888b\u6df1\u8655\uff0c\u6211\u5011\u6709\u8d85\u4e4e\u60f3\u50cf\u7684\u9023\u7d50","start":"135.3","dur":"2.6","is_scores":null,"created_at":"1521551269","updated_at":null},{"id":"27105313","caption_id":"127181","seq":"37","text":"that no one else could comprehend.","translate_comment":"","start":"137.9","dur":"1.86","is_scores":null,"created_at":"1521551269","updated_at":null},{"id":"27105314","caption_id":"127181","seq":"38","text":"We shared a mutual grief","translate_comment":"\u6211\u5011\u6709\u540c\u6a23\u7684\u60b2\u50b7","start":"139.76","dur":"1.77","is_scores":null,"created_at":"1521551269","updated_at":null},{"id":"27105315","caption_id":"127181","seq":"39","text":"and understanding of mortality and\u2026","translate_comment":"","start":"141.53","dur":"2.23","is_scores":null,"created_at":"1521551269","updated_at":null},{"id":"27105316","caption_id":"127181","seq":"40","text":"[Romantic strings]","translate_comment":"(\u6d6a\u6f2b\u8072\u8abf)","start":"143.76","dur":"2","is_scores":null,"created_at":"1521551269","updated_at":null},{"id":"27105317","caption_id":"127181","seq":"41","text":"\u2026death.","translate_comment":"","start":"145.76","dur":"2","is_scores":null,"created_at":"1521551269","updated_at":null},{"id":"27105318","caption_id":"127181","seq":"42","text":"I was an insane person. From that point on I bugged Dick a lot.","translate_comment":"","start":"151.02","dur":"4.169","is_scores":null,"created_at":"1521551269","updated_at":null},{"id":"27105319","caption_id":"127181","seq":"43","text":"[Voices offscreen]","translate_comment":"(\u756b\u9762\u4ee5\u5916\u7684\u8072\u97ff)","start":"155.189","dur":"1.751","is_scores":null,"created_at":"1521551269","updated_at":null},{"id":"27105320","caption_id":"127181","seq":"44","text":"Finally, he caved.","translate_comment":"\u7d42\u65bc\uff0c\u4ed6\u8cb7\u5e33\u4e86","start":"156.94","dur":"2","is_scores":null,"created_at":"1521551269","updated_at":null},{"id":"27105321","caption_id":"127181","seq":"45","text":"Over dinner, I learned he liked to meditate, loved the outdoors","translate_comment":"","start":"160.66","dur":"4.4","is_scores":null,"created_at":"1521551269","updated_at":null},{"id":"27105322","caption_id":"127181","seq":"46","text":"-and he said,  - \"I don't believe in monogamy.\"","translate_comment":"-\u7136\u5f8c\u4ed6\u8aaa... -\u6211\u4e0d\u76f8\u4fe1\u4e00\u592b\u4e00\u59bb\u5236","start":"165.24","dur":"2.36","is_scores":null,"created_at":"1521551269","updated_at":null},{"id":"27105323","caption_id":"127181","seq":"47","text":"I asked him to elaborate...","translate_comment":"","start":"167.7","dur":"1.64","is_scores":null,"created_at":"1521551269","updated_at":null},{"id":"27105324","caption_id":"127181","seq":"48","text":"It's an outdated concept that no man could possibly uphold.","translate_comment":"\u9019\u662f\u500b\u904e\u6642\u7684\u6982\u5ff5\uff0c\u6c92\u6709\u4efb\u4f55\u7537\u4eba\u80fd\u5920\u5805\u6301\u7684","start":"169.34","dur":"2.82","is_scores":null,"created_at":"1521551269","updated_at":null},{"id":"27105325","caption_id":"127181","seq":"49","text":"I, like most hopelessly infatuated idiots, just figured; he hadn't met the right person yet.","translate_comment":"","start":"172.38","dur":"6.92","is_scores":null,"created_at":"1521551269","updated_at":null},{"id":"27105326","caption_id":"127181","seq":"50","text":"Dick and I dated for a year and a half, and every three months, he would cheat on me.","translate_comment":"Dick \u8ddf\u6211\u4ea4\u5f80\u4e86\u4e00\u5e74\u534a\uff0c\u6bcf\u4e09\u500b\u6708\u4ed6\u5c31\u6703\u5288\u817f\u4e00\u6b21","start":"182.04","dur":"4.46","is_scores":null,"created_at":"1521551269","updated_at":null},{"id":"27105327","caption_id":"127181","seq":"51","text":"[Knocking on door]","translate_comment":"(\u6572\u9580\u8072)","start":"186.51","dur":"2","is_scores":null,"created_at":"1521551269","updated_at":null},{"id":"27105328","caption_id":"127181","seq":"52","text":"Every three months, he would admit his infidelity, and say he was sorry.","translate_comment":"","start":"189.55","dur":"3.589","is_scores":null,"created_at":"1521551269","updated_at":null},{"id":"27105329","caption_id":"127181","seq":"53","text":"He blamed his behaviour on his brother's suicide, saying it had left him broken and damaged.","translate_comment":"","start":"193.14","dur":"6.15","is_scores":null,"created_at":"1521551269","updated_at":null},{"id":"27105330","caption_id":"127181","seq":"54","text":"I told myself I understood the whole self sabotage thing, and instead of walking away\u2026","translate_comment":"","start":"201.28","dur":"4.97","is_scores":null,"created_at":"1521551269","updated_at":null},{"id":"27105331","caption_id":"127181","seq":"55","text":"\u2026I found out his phone's passcode. I would wait until he fell asleep and whore over his messages.","translate_comment":"","start":"206.25","dur":"6.48","is_scores":null,"created_at":"1521551269","updated_at":null},{"id":"27105332","caption_id":"127181","seq":"56","text":"He would get mad that I violated his privacy, and the cycle would repeat.","translate_comment":"","start":"213.34","dur":"4.01","is_scores":null,"created_at":"1521551269","updated_at":null},{"id":"27105333","caption_id":"127181","seq":"57","text":"Despite these very clear red flags, we stayed together,","translate_comment":"","start":"218.41","dur":"3.35","is_scores":null,"created_at":"1521551269","updated_at":null},{"id":"27105334","caption_id":"127181","seq":"58","text":"during which time","translate_comment":"","start":"222.73","dur":"2","is_scores":null,"created_at":"1521551269","updated_at":null},{"id":"27105335","caption_id":"127181","seq":"59","text":"I got pregnant.","translate_comment":"","start":"224.74","dur":"2","is_scores":null,"created_at":"1521551269","updated_at":null},{"id":"27105336","caption_id":"127181","seq":"60","text":"I wasn't great at taking the pill.","translate_comment":"","start":"228.84","dur":"1.7","is_scores":null,"created_at":"1521551269","updated_at":null},{"id":"27105337","caption_id":"127181","seq":"61","text":"I was working four jobs, attending comedy, and acting classes and filming videos every week.","translate_comment":"","start":"230.54","dur":"5.62","is_scores":null,"created_at":"1521551269","updated_at":null},{"id":"27105338","caption_id":"127181","seq":"62","text":"I would go to sleep late and wake up early, often forgetting to take the pill. But whatever, right?","translate_comment":"","start":"236.16","dur":"4.94","is_scores":null,"created_at":"1521551269","updated_at":null},{"id":"27105339","caption_id":"127181","seq":"63","text":"I wasn't going to get pregnant. I'd already lost my sister; surely the universe would give me a break.","translate_comment":"","start":"241.11","dur":"5.639","is_scores":null,"created_at":"1521551269","updated_at":null},{"id":"27105340","caption_id":"127181","seq":"64","text":"Then one morning, my nipples felt weird.","translate_comment":"","start":"248.56","dur":"3.559","is_scores":null,"created_at":"1521551269","updated_at":null},{"id":"27105341","caption_id":"127181","seq":"65","text":"[Shower turns on]","translate_comment":"(\u84ee\u84ec\u982d\u958b\u555f\u7684\u8072\u97f3)","start":"252.119","dur":"2","is_scores":null,"created_at":"1521551269","updated_at":null},{"id":"27105342","caption_id":"127181","seq":"66","text":"I knew instantly.","translate_comment":"","start":"254.29","dur":"2","is_scores":null,"created_at":"1521551269","updated_at":null},{"id":"27105343","caption_id":"127181","seq":"67","text":"[Upbeat music]","translate_comment":"(\u8f15\u5feb\u7684\u97f3\u6a02)","start":"256.29","dur":"2","is_scores":null,"created_at":"1521551269","updated_at":null},{"id":"27105344","caption_id":"127181","seq":"68","text":"Smiley face? Smiley face. Smiley fucking face.","translate_comment":"","start":"261.87","dur":"4.354","is_scores":null,"created_at":"1521551269","updated_at":null},{"id":"27105345","caption_id":"127181","seq":"69","text":"-What is this?","translate_comment":"\u9019\u5565\uff1f","start":"266.5","dur":"1.5","is_scores":null,"created_at":"1521551269","updated_at":null},{"id":"27105346","caption_id":"127181","seq":"70","text":"This is not a great time for me to have kids, right, and you should be older,","translate_comment":"\u6211\u73fe\u5728\u9084\u4e0d\u662f\u6709\u5c0f\u5b69\u7684\u6642\u5019\uff0c\u800c\u4f60\u4e5f\u61c9\u8a72\u7b49\u5e74\u7d00\u518d\u5927\u4e00\u9ede","start":"273.72","dur":"4.13","is_scores":null,"created_at":"1521551269","updated_at":null},{"id":"27105347","caption_id":"127181","seq":"71","text":"you don't wanna have a baby! You should be much older.","translate_comment":"","start":"277.85","dur":"2","is_scores":null,"created_at":"1521551269","updated_at":null},{"id":"27105348","caption_id":"127181","seq":"72","text":"Hey, look. You should probably have a baby with another guy.","translate_comment":"","start":"280.98","dur":"3.38","is_scores":null,"created_at":"1521551269","updated_at":null},{"id":"27105349","caption_id":"127181","seq":"73","text":"Seriously. He told me I should probably have a baby with another guy.","translate_comment":"","start":"286.04","dur":"3.44","is_scores":null,"created_at":"1521551269","updated_at":null},{"id":"27105350","caption_id":"127181","seq":"74","text":"You have to get an abortion.","translate_comment":"\u4f60\u8981\u53bb\u58ae\u80ce","start":"289.84","dur":"1.6","is_scores":null,"created_at":"1521551269","updated_at":null},{"id":"27105351","caption_id":"127181","seq":"75","text":"Are we not even gonna have a conversation about this?","translate_comment":"\u6211\u5011\u751a\u81f3\u4e0d\u5148\u8a0e\u8ad6\u4e00\u4e0b\u55ce\uff1f","start":"291.5","dur":"2.58","is_scores":null,"created_at":"1521551269","updated_at":null},{"id":"27105352","caption_id":"127181","seq":"76","text":"What conversation?","translate_comment":"\u6709\u4ec0\u9ebc\u597d\u8a0e\u8ad6\u7684\uff1f","start":"294.14","dur":"1.22","is_scores":null,"created_at":"1521551269","updated_at":null},{"id":"27105353","caption_id":"127181","seq":"77","text":"I'm not gonna go have an abortion without at least, like, talking thr-","translate_comment":"\u6211\u624d\u4e0d\u6703\u6c92\u6709\u597d\u597d\u8ac7\u904e\uff0c\u5c31\u53bb\u58ae...","start":"295.74","dur":"4.52","is_scores":null,"created_at":"1521551269","updated_at":null},{"id":"27105354","caption_id":"127181","seq":"78","text":"[Abrupt silence, then sad music which continues under this section]","translate_comment":"(\u7a81\u7136\u7684\u6c89\u5bc2\uff0c\u63a5\u4e0b\u4f86\u90fd\u662f\u60b2\u50b7\u7684\u97f3\u6a02)","start":"300.26","dur":"1.84","is_scores":null,"created_at":"1521551269","updated_at":null},{"id":"27105355","caption_id":"127181","seq":"79","text":"I had spent years secretly judging my friends for getting abortions.","translate_comment":"\u904e\u53bb\u5e7e\u5e74\uff0c\u6211\u90fd\u6703\u79c1\u5e95\u4e0b\u8b70\u8ad6\u6211\u58ae\u80ce\u904e\u7684\u670b\u53cb","start":"302.1","dur":"3.709","is_scores":null,"created_at":"1521551269","updated_at":null},{"id":"27105356","caption_id":"127181","seq":"80","text":"How could they destroy a life like that?","translate_comment":"","start":"313.52","dur":"2","is_scores":null,"created_at":"1521551269","updated_at":null},{"id":"27105357","caption_id":"127181","seq":"81","text":"I thought of them as selfish human beings who killed something that never stood a chance.","translate_comment":"","start":"326.38","dur":"4.34","is_scores":null,"created_at":"1521551269","updated_at":null},{"id":"27105358","caption_id":"127181","seq":"82","text":"The view was great from that high ass horse.","translate_comment":"","start":"333.56","dur":"2.2","is_scores":null,"created_at":"1521551269","updated_at":null},{"id":"27105359","caption_id":"127181","seq":"83","text":"But of course, when it happens to you, you go through the same reality check.","translate_comment":"","start":"337.06","dur":"5.28","is_scores":null,"created_at":"1521551269","updated_at":null},{"id":"27105360","caption_id":"127181","seq":"84","text":"Am I ready to be a mom? No.","translate_comment":"\u6211\u6e96\u5099\u597d\u8981\u7576\u6bcd\u89aa\u4e86\u55ce\uff1f\u4e0d","start":"342.36","dur":"1.96","is_scores":null,"created_at":"1521551269","updated_at":null},{"id":"27105361","caption_id":"127181","seq":"85","text":"Is Dick ready to be a dad? No.","translate_comment":"","start":"345.58","dur":"2.76","is_scores":null,"created_at":"1521551269","updated_at":null},{"id":"27105362","caption_id":"127181","seq":"86","text":"Do I have the financial means to support a child?","translate_comment":"","start":"349.94","dur":"3.44","is_scores":null,"created_at":"1521551269","updated_at":null},{"id":"27105363","caption_id":"127181","seq":"87","text":"No, I can barely afford to feed my three cats.","translate_comment":"","start":"353.385","dur":"3.234","is_scores":null,"created_at":"1521551269","updated_at":null},{"id":"27105364","caption_id":"127181","seq":"88","text":"I eventually came to the same conclusion as Dick.","translate_comment":"","start":"363.95","dur":"2.65","is_scores":null,"created_at":"1521551269","updated_at":null},{"id":"27105365","caption_id":"127181","seq":"89","text":"They told me I was only seven days pregnant.","translate_comment":"","start":"368.84","dur":"2.56","is_scores":null,"created_at":"1521551269","updated_at":null},{"id":"27105366","caption_id":"127181","seq":"90","text":"The doctor was very impressed when I told him my clairvoyant nipples story.","translate_comment":"","start":"371.4","dur":"3.82","is_scores":null,"created_at":"1521551269","updated_at":null},{"id":"27105367","caption_id":"127181","seq":"91","text":"I am very impressed with your clairvoyant nipples story.","translate_comment":"\u4f60\u7684\u6545\u4e8b\u8b93\u6211\u5370\u8c61\u6df1\u523b","start":"375.22","dur":"2.56","is_scores":null,"created_at":"1521551269","updated_at":null},{"id":"27105368","caption_id":"127181","seq":"92","text":"Thank you.","translate_comment":"\u8b1d\u8b1d","start":"377.78","dur":"1.06","is_scores":null,"created_at":"1521551269","updated_at":null},{"id":"27105369","caption_id":"127181","seq":"93","text":"You're welcome.","translate_comment":"\u4e0d\u5ba2\u6c23","start":"378.84","dur":"0.86","is_scores":null,"created_at":"1521551269","updated_at":null},{"id":"27105370","caption_id":"127181","seq":"94","text":"And I was given an abortion pill.","translate_comment":"","start":"381.98","dur":"3.96","is_scores":null,"created_at":"1521551269","updated_at":null},{"id":"27105371","caption_id":"127181","seq":"95","text":"What the doctor didn't tell me about the pill, is that it makes you nauseous.","translate_comment":"","start":"394.58","dur":"3.959","is_scores":null,"created_at":"1521551269","updated_at":null},{"id":"27105372","caption_id":"127181","seq":"96","text":"[Sound of Anna throwing up]","translate_comment":"(\u5614\u5410\u8072)","start":"398.54","dur":"2.16","is_scores":null,"created_at":"1521551269","updated_at":null},{"id":"27105373","caption_id":"127181","seq":"97","text":"It's okay, um, I'm pregnant.","translate_comment":"","start":"403.86","dur":"2.84","is_scores":null,"created_at":"1521551269","updated_at":null},{"id":"27105374","caption_id":"127181","seq":"98","text":"[Piano music, gasps]","translate_comment":"(\u92fc\u7434\u8072\uff0c\u9a5a\u547c\u8072)","start":"407.6","dur":"2","is_scores":null,"created_at":"1521551269","updated_at":null},{"id":"27105375","caption_id":"127181","seq":"99","text":"I'll admit that I liked being thought of as pregnant.","translate_comment":"","start":"410.82","dur":"3.58","is_scores":null,"created_at":"1521551269","updated_at":null},{"id":"27105376","caption_id":"127181","seq":"100","text":"It made me want to walk around with a pregnant belly and see how I would be treated.","translate_comment":"","start":"414.959","dur":"4.641","is_scores":null,"created_at":"1521551269","updated_at":null},{"id":"27105377","caption_id":"127181","seq":"101","text":"All the doors that would be opened for me.","translate_comment":"","start":"419.6","dur":"2.949","is_scores":null,"created_at":"1521551269","updated_at":null},{"id":"27105378","caption_id":"127181","seq":"102","text":"Perhaps, people would even offer to buy me something to eat.","translate_comment":"","start":"422.549","dur":"2.809","is_scores":null,"created_at":"1521551269","updated_at":null},{"id":"27105379","caption_id":"127181","seq":"103","text":"I imagined being nine months pregnant and raising a child.","translate_comment":"","start":"426.9","dur":"3.32","is_scores":null,"created_at":"1521551269","updated_at":null},{"id":"27105380","caption_id":"127181","seq":"104","text":"But, there was one thing I wanted in order to go down that path.","translate_comment":"\u4f46\u662f\uff0c\u8981\u9054\u5230\u90a3\u6a23\u6211\u9084\u5c11\u4e86\u4e00\u6a23\u6771\u897f","start":"431.12","dur":"4.44","is_scores":null,"created_at":"1521551269","updated_at":null},{"id":"27105381","caption_id":"127181","seq":"105","text":"Someone who truly loved me.","translate_comment":"","start":"437.88","dur":"2.08","is_scores":null,"created_at":"1521551269","updated_at":null},{"id":"27105382","caption_id":"127181","seq":"106","text":"I knew then that I wanted to be a mom, but this wasn't the time.","translate_comment":"","start":"442.529","dur":"3.169","is_scores":null,"created_at":"1521551269","updated_at":null},{"id":"27105383","caption_id":"127181","seq":"107","text":"If I bring a child into the world,","translate_comment":"","start":"446.339","dur":"1.86","is_scores":null,"created_at":"1521551269","updated_at":null},{"id":"27105384","caption_id":"127181","seq":"108","text":"I want to be able to give him or her all of my love and attention.","translate_comment":"","start":"448.199","dur":"4.01","is_scores":null,"created_at":"1521551269","updated_at":null},{"id":"27105385","caption_id":"127181","seq":"109","text":"I want to be in a relationship where the child is wanted.","translate_comment":"","start":"452.209","dur":"4.011","is_scores":null,"created_at":"1521551269","updated_at":null},{"id":"27105386","caption_id":"127181","seq":"110","text":"[Water running]","translate_comment":"(\u6c34\u6d41\u8072)","start":"456.96","dur":"2","is_scores":null,"created_at":"1521551269","updated_at":null},{"id":"27105387","caption_id":"127181","seq":"111","text":"I bled and cried and cramped for three hours.","translate_comment":"","start":"459.06","dur":"2.7","is_scores":null,"created_at":"1521551269","updated_at":null},{"id":"27105388","caption_id":"127181","seq":"112","text":"I wondered if I was doing the right thing, if this was murder.","translate_comment":"","start":"462.629","dur":"3.5","is_scores":null,"created_at":"1521551269","updated_at":null},{"id":"27105389","caption_id":"127181","seq":"113","text":"If I was a bad person.","translate_comment":"","start":"466.769","dur":"2","is_scores":null,"created_at":"1521551269","updated_at":null},{"id":"27105390","caption_id":"127181","seq":"114","text":"I vowed I would never go through that shit again.","translate_comment":"","start":"469.4","dur":"3.12","is_scores":null,"created_at":"1521551269","updated_at":null},{"id":"27105391","caption_id":"127181","seq":"115","text":"The next time I got pregnant, it would be when I was ready.","translate_comment":"","start":"472.52","dur":"3.3","is_scores":null,"created_at":"1521551269","updated_at":null},{"id":"27105392","caption_id":"127181","seq":"116","text":"[Anna sighs, bell sound]","translate_comment":"( \u6b4e\u6c23\uff0c\u96fb\u8a71\u97ff\u8d77)","start":"477.84","dur":"2","is_scores":null,"created_at":"1521551269","updated_at":null},{"id":"27105393","caption_id":"127181","seq":"117","text":"[Message sound]","translate_comment":"(\u8a0a\u606f\u901a\u77e5\u8072)","start":"480.56","dur":"2","is_scores":null,"created_at":"1521551269","updated_at":null},{"id":"27105394","caption_id":"127181","seq":"118","text":"Baby, have you thought about how you want to pay me back for your half of the abortion?","translate_comment":"\u5bf6\u8c9d\uff0c\u59b3\u60f3\u597d\u8981\u600e\u9ebc\u9084\u6211\u53e6\u5916\u4e00\u534a\u7684\u58ae\u80ce\u8cbb\u7528\u4e86\u55ce\uff1f","start":"501.32","dur":"5.8","is_scores":null,"created_at":"1521551269","updated_at":null},{"id":"27105395","caption_id":"127181","seq":"119","text":"I wish I could say that Dick and I broke up after this, but we didn't.","translate_comment":"","start":"509.63","dur":"4.52","is_scores":null,"created_at":"1521551269","updated_at":null},{"id":"27105396","caption_id":"127181","seq":"120","text":"I still thought Dick was my spiritual soulmate;","translate_comment":"","start":"516.47","dur":"2.56","is_scores":null,"created_at":"1521551269","updated_at":null},{"id":"27105397","caption_id":"127181","seq":"121","text":"that he was the only person who could possibly understand what I had been through, and vice versa.","translate_comment":"","start":"519.03","dur":"5.229","is_scores":null,"created_at":"1521551269","updated_at":null},{"id":"27105398","caption_id":"127181","seq":"122","text":"I liked the way he smelled, and the color of his eyes, and that he took me to Buddhist meditation sessions.","translate_comment":"","start":"525.23","dur":"5.75","is_scores":null,"created_at":"1521551269","updated_at":null},{"id":"27105399","caption_id":"127181","seq":"123","text":"He's the reason I went on a week-long silent meditation retreat.","translate_comment":"","start":"531.68","dur":"3.53","is_scores":null,"created_at":"1521551269","updated_at":null},{"id":"27105400","caption_id":"127181","seq":"124","text":"I spent seven grueling days sitting with myself, walking with myself, and living with myself.","translate_comment":"","start":"537.89","dur":"5.719","is_scores":null,"created_at":"1521551269","updated_at":null},{"id":"27105401","caption_id":"127181","seq":"125","text":"On the last day of the retreat, we all had to go around and say one word that summed up our experience.","translate_comment":"","start":"544.31","dur":"5.72","is_scores":null,"created_at":"1521551269","updated_at":null},{"id":"27105402","caption_id":"127181","seq":"126","text":"Love.","translate_comment":"","start":"551.77","dur":"1.43","is_scores":null,"created_at":"1521551269","updated_at":null},{"id":"27105403","caption_id":"127181","seq":"127","text":"Whole.","translate_comment":"","start":"553.9","dur":"1.3","is_scores":null,"created_at":"1521551269","updated_at":null},{"id":"27105404","caption_id":"127181","seq":"128","text":"Discovery.","translate_comment":"","start":"556.34","dur":"1.36","is_scores":null,"created_at":"1521551269","updated_at":null},{"id":"27105405","caption_id":"127181","seq":"129","text":"Super-cali-fragilistic-expialidocious.","translate_comment":"","start":"559.14","dur":"2.58","is_scores":null,"created_at":"1521551269","updated_at":null},{"id":"27105406","caption_id":"127181","seq":"130","text":"[Laughter]","translate_comment":"(\u7b11\u8072)","start":"561.72","dur":"2.98","is_scores":null,"created_at":"1521551269","updated_at":null},{"id":"27105407","caption_id":"127181","seq":"131","text":"And it clicked.","translate_comment":"","start":"565.399","dur":"2","is_scores":null,"created_at":"1521551269","updated_at":null},{"id":"27105408","caption_id":"127181","seq":"132","text":"This is me,","translate_comment":"","start":"567.98","dur":"2","is_scores":null,"created_at":"1521551269","updated_at":null},{"id":"27105409","caption_id":"127181","seq":"133","text":"I'm a person who makes other people laugh.","translate_comment":"","start":"570.02","dur":"2.32","is_scores":null,"created_at":"1521551269","updated_at":null},{"id":"27105410","caption_id":"127181","seq":"134","text":"I felt peaceful, and I loved myself without shame, or neuroses, or arrogance.","translate_comment":"","start":"572.92","dur":"5.1","is_scores":null,"created_at":"1521551269","updated_at":null},{"id":"27105411","caption_id":"127181","seq":"135","text":"And when I was having the most revealing, vulnerable, self-loving moment of my life,","translate_comment":"","start":"578.04","dur":"5.34","is_scores":null,"created_at":"1521551269","updated_at":null},{"id":"27105412","caption_id":"127181","seq":"136","text":"Dick was sticking his dick in someone else.","translate_comment":"","start":"584.39","dur":"2.61","is_scores":null,"created_at":"1521551269","updated_at":null},{"id":"27105413","caption_id":"127181","seq":"137","text":"So when he showed up at my door crying and begging for forgiveness,","translate_comment":"","start":"588.68","dur":"4.419","is_scores":null,"created_at":"1521551269","updated_at":null},{"id":"27105414","caption_id":"127181","seq":"138","text":"I finally thought, fuck this guy.","translate_comment":"","start":"593.1","dur":"2.12","is_scores":null,"created_at":"1521551269","updated_at":null},{"id":"27105415","caption_id":"127181","seq":"139","text":"Out in the desert, I'd finally found some self-respect.","translate_comment":"","start":"597.02","dur":"3.82","is_scores":null,"created_at":"1521551269","updated_at":null},{"id":"27105416","caption_id":"127181","seq":"140","text":"And I haven't been pregnant since.","translate_comment":"","start":"607.76","dur":"2.3","is_scores":null,"created_at":"1521551269","updated_at":null}],"zh-Hant":[{"id":"27156997","caption_id":"127372","seq":"1","text":"(\u6ef4\u6c34\u8072\uff0c\u55e1\u55e1\u8072)","translate_comment":"","start":"0.96","dur":"18.44","is_scores":null,"created_at":"1521878629","updated_at":null},{"id":"27156998","caption_id":"127372","seq":"2","text":"\u7576\u6211\u61f7\u5b55\u6642\uff0c\u6211\u9084\u5e74\u8f15\u800c\u4e14\u5f88\u7aae\uff0c\u6b63\u5728\u8ddf\u4e00\u500b\u53eb Dick \u7684\u50a2\u4f19\u7d04\u6703","translate_comment":"","start":"19.6","dur":"5.6","is_scores":null,"created_at":"1521878629","updated_at":null},{"id":"27156999","caption_id":"127372","seq":"3","text":"(\u4ed6\u62cd\u62cd\u5979\u5927\u817f\u7684\u8072\u97f3)","translate_comment":"","start":"26.18","dur":"1.52","is_scores":null,"created_at":"1521878629","updated_at":null},{"id":"27157000","caption_id":"127372","seq":"4","text":"\u6211\u5728\u4e00\u500b\u96fb\u8996\u7bc0\u76ee\u5de5\u4f5c\u6642\u8a8d\u8b58\u4e86 Dick \u3002\u7576\u6642\u6211\u662f\u500b\u5834\u4f48\u7f8e\u8853","translate_comment":"\u6211\u5728\u4e00\u500b\u96fb\u8996\u7bc0\u76ee\u5de5\u4f5c\u6642\u8a8d\u8b58\u4e86 Dick \u3002\u7576\u6642\u6211\u662f\u500b\u5834\u4f48\u7f8e\u8853","start":"30.72","dur":"3.74","is_scores":null,"created_at":"1521878629","updated_at":null},{"id":"27157001","caption_id":"127372","seq":"5","text":"\u6211\u9084\u8a18\u5f97\u8d70\u9032\u7247\u5834\u6642\u611f\u53d7\u5230\u7684\u9707\u64bc","translate_comment":"","start":"34.72","dur":"3.76","is_scores":null,"created_at":"1521878629","updated_at":null},{"id":"27157002","caption_id":"127372","seq":"6","text":"\u6211\u770b\u8457\u6f14\u54e1\u5c31\u5b9a\u4f4d\uff0c\u7136\u5f8c\u5c0e\u6f14\u6703\u558a\u300c\u958b\u62cd\u300d","translate_comment":"","start":"39.04","dur":"3.529","is_scores":null,"created_at":"1521878629","updated_at":null},{"id":"27157003","caption_id":"127372","seq":"7","text":"\u793e\u5340\u5927\u5b78\u67af\u71e5\u4e4f\u4eba\u7684\u6559\u5ba4\u5df2\u7d93\u88ab\u6211\u62cb\u8af8\u8166\u5f8c\uff0c\u6211\u73fe\u5728\u53ef\u662f\u8d70\u5165\u4e86\u773c\u524d\u751f\u6c23\u84ec\u52c3\u7684\u96fb\u5f71\u7247\u5834","translate_comment":"","start":"42.84","dur":"7.04","is_scores":null,"created_at":"1521878629","updated_at":null},{"id":"27157004","caption_id":"127372","seq":"8","text":"Anna \uff1a \u55e8\uff0c\u6211\u662f\u8ca0\u8cac\u5834\u4f48\u7684\u3002\u5f88\u62b1\u6b49\u6211\u9072\u5230\u4e86","translate_comment":"","start":"50.06","dur":"2.82","is_scores":null,"created_at":"1521878629","updated_at":null},{"id":"27157005","caption_id":"127372","seq":"9","text":"Dick \uff1a\u6c92\u4e8b\u7684\u3002\u6211\u53eb Dick","translate_comment":"","start":"52.88","dur":"1.08","is_scores":null,"created_at":"1521878629","updated_at":null},{"id":"27157006","caption_id":"127372","seq":"10","text":"Anna \uff1a\u5662\uff0c\u4f60\u597d\u3002\u6211\u662f Anna","translate_comment":"","start":"54.12","dur":"1","is_scores":null,"created_at":"1521878629","updated_at":null},{"id":"27157007","caption_id":"127372","seq":"11","text":"(\u8c4e\u7434\u6ed1\u594f\u904e\u7684\u6a02\u97f3\uff0c\u6d6a\u6f2b\u97f3\u6a02)","translate_comment":"","start":"55.12","dur":"2","is_scores":null,"created_at":"1521878629","updated_at":null},{"id":"27157008","caption_id":"127372","seq":"12","text":"Anna \uff1a\u5f88\u9ad8\u8208\u8a8d\u8b58\u4f60","translate_comment":"","start":"57.7","dur":"1.08","is_scores":null,"created_at":"1521878629","updated_at":null},{"id":"27157009","caption_id":"127372","seq":"13","text":"Dick \uff1a\u984d\u4f60\u53ef\u4ee5\u5728\u90a3\u88e1\u7b49\u4e00\u4e0b\u55ce\uff1f\u7b49\u7b49\u5c31\u53eb\u5230\u4f60","translate_comment":"","start":"59.66","dur":"3.82","is_scores":null,"created_at":"1521878629","updated_at":null},{"id":"27157010","caption_id":"127372","seq":"14","text":"Anna \uff1a\u597d... Dick \uff1a\u5f88\u597d","translate_comment":"","start":"63.62","dur":"2","is_scores":null,"created_at":"1521878629","updated_at":null},{"id":"27157011","caption_id":"127372","seq":"15","text":"(\u7576\u5979\u6253\u91cf\u4ed6\u7684\u81c0\u90e8\u6642\uff0c\u6027\u611f\u97f3\u6a02\u594f\u8d77)","translate_comment":"","start":"65.62","dur":"1.88","is_scores":null,"created_at":"1521878629","updated_at":null},{"id":"27157012","caption_id":"127372","seq":"16","text":"Dick \uff1a\u6c92\u4e8b\u7684\uff0c\u6211\u9019\u5c31\u4f86","translate_comment":"","start":"67.5","dur":"2.54","is_scores":null,"created_at":"1521878629","updated_at":null},{"id":"27157013","caption_id":"127372","seq":"17","text":"-\u665a\u5b89\uff01 -\u518d\u898b\uff0c\u8b1d\u8b1d\u4f60","translate_comment":"-\u665a\u5b89\uff01 -\u518d\u898b\uff0c\u8b1d\u8b1d\u4f60","start":"70.04","dur":"2","is_scores":null,"created_at":"1521878629","updated_at":null},{"id":"27157014","caption_id":"127372","seq":"18","text":"Dick \uff1a \u5662\uff0c\u518d\u2014\u2014\u563f\uff01","translate_comment":"","start":"72.08","dur":"1.38","is_scores":null,"created_at":"1521878629","updated_at":null},{"id":"27157015","caption_id":"127372","seq":"19","text":"-\u4eca\u5929\u505a\u5f97\u5f88\u597d -\u8b1d\u8b1d\u4f60\uff01","translate_comment":"-\u4eca\u5929\u505a\u5f97\u5f88\u597d -\u8b1d\u8b1d\u4f60\uff01","start":"73.46","dur":"1.78","is_scores":null,"created_at":"1521878629","updated_at":null},{"id":"27157016","caption_id":"127372","seq":"20","text":"\u4f60\u8003\u616e\u518d\u7e7c\u7e8c\u5408\u4f5c\u55ce\uff1f","translate_comment":"","start":"75.24","dur":"1.58","is_scores":null,"created_at":"1521878629","updated_at":null},{"id":"27157017","caption_id":"127372","seq":"21","text":"\u6211\u5f88\u611b\u505a\u5834\u4f48","translate_comment":"","start":"77","dur":"1.72","is_scores":null,"created_at":"1521878629","updated_at":null},{"id":"27157018","caption_id":"127372","seq":"22","text":"\u6211\u90a3\u6642\u5019\u53ea\u80fd\u5f9e\u4fbf\u5b9c\u96dc\u8ca8\u5e97\u8cfc\u7269\uff0c\u9084\u6709\u4ef0\u8cf4\u7236\u6bcd\u8cb7\u7d66\u6211\u7684 Costco \u8d77\u53f8\u5377\u5fc3\u9eb5\u904e\u6d3b","translate_comment":"","start":"78.72","dur":"5.389","is_scores":null,"created_at":"1521878629","updated_at":null},{"id":"27157019","caption_id":"127372","seq":"23","text":"\u6211\u60f3\u76e1\u53ef\u80fd\u5de5\u4f5c\uff0c\u9084\u6709\u4eab\u53d7\u5de5\u4f5c\u5834\u6240\u63d0\u4f9b\u7684\u514d\u8cbb\u71b1\u98df","translate_comment":"","start":"84.11","dur":"2.699","is_scores":null,"created_at":"1521878629","updated_at":null},{"id":"27157020","caption_id":"127372","seq":"24","text":"Dick \u548c\u6211\u8981\u96fb\u8a71\uff0c\u9019\u6a23\u4ed6\u5c31\u80fd\u76f4\u63a5\u59d4\u6d3e\u5de5\u4f5c\u7d66\u6211\u3002\u6bcf\u500b\u79ae\u62dc\uff0c\u4ed6\u90fd\u628a\u6211\u53eb\u53bb\u5de5\u4f5c","translate_comment":"","start":"87.56","dur":"4.84","is_scores":null,"created_at":"1521878629","updated_at":null},{"id":"27157021","caption_id":"127372","seq":"25","text":"\u6211\u958b\u5fc3\u6975\u4e86\u3002\u7136\u5f8c\u6709\u4e00\u5929\uff0c\u7576\u6211\u5728\u7c3d\u9000\u6642...","translate_comment":"","start":"92.6","dur":"5.6","is_scores":null,"created_at":"1521878629","updated_at":null},{"id":"27157022","caption_id":"127372","seq":"26","text":"(\u706b\u82b1\u8072)","translate_comment":"(\u706b\u82b1\u8072)","start":"98.2","dur":"2","is_scores":null,"created_at":"1521878629","updated_at":null},{"id":"27157023","caption_id":"127372","seq":"27","text":"\u6211\u4e0d\u77e5\u9053\u4ed6\u662f\u4e0d\u662f\u6545\u610f\u7684\uff0c\u4f46\u8981\u662f\u4ed6\u771f\u7684\u5728\u548c\u6211\u8abf\u60c5\uff0c\u8868\u793a\u6211\u53ef\u4ee5\u958b\u59cb\u760b\u72c2\u8ffd\u6c42\u4ed6\u4e86","translate_comment":"","start":"102.179","dur":"5.27","is_scores":null,"created_at":"1521878629","updated_at":null},{"id":"27157024","caption_id":"127372","seq":"28","text":"\u904e\u4e0d\u4e86\u591a\u4e45\u6211\u958b\u59cb\u7528\u8a31\u591a\u8a0a\u606f\u8f5f\u70b8 Dick","translate_comment":"","start":"108.24","dur":"2.84","is_scores":null,"created_at":"1521878629","updated_at":null},{"id":"27157025","caption_id":"127372","seq":"29","text":"(\u8a0a\u606f\u50b3\u9001\u63d0\u793a\u97f3)","translate_comment":"(\u8a0a\u606f\u50b3\u9001\u63d0\u793a\u97f3)","start":"111.08","dur":"2","is_scores":null,"created_at":"1521878629","updated_at":null},{"id":"27157026","caption_id":"127372","seq":"30","text":"\u6211\u958b\u59cb\u5e7b\u60f3\u5728\u90a3\u689d\u9b06\u57ae\u8932\u5b50\u7684\u5e95\u4e0b\u4ed6\u7684\u5c41\u80a1\u9577\u600e\u6a23","translate_comment":"","start":"113.28","dur":"3.42","is_scores":null,"created_at":"1521878629","updated_at":null},{"id":"27157027","caption_id":"127372","seq":"31","text":"-\u63a5\u4e0b\u4f86\u767c\u751f\u4e86\u9019\u4ef6\u4e8b... -\u6211\u7684\u5144\u5f1f\u904e\u4e16\u4e86","translate_comment":"-\u63a5\u4e0b\u4f86\u767c\u751f\u4e86\u9019\u4ef6\u4e8b... -\u6211\u7684\u5144\u5f1f\u904e\u4e16\u4e86","start":"117.8","dur":"3.94","is_scores":null,"created_at":"1521878629","updated_at":null},{"id":"27157028","caption_id":"127372","seq":"32","text":"-\u6211\u5f88\u907a\u61be\u3002-\u56e0\u70ba\u6211\u6709\u500b\u59d0\u59b9\u4e5f\u904e\u4e16\u4e86\uff0c\u6211\u7684\u767d\u65e5\u5922\u5927\u982d","translate_comment":"-\u6211\u5f88\u907a\u61be\u3002-\u56e0\u70ba\u6211\u6709\u500b\u59d0\u59b9\u4e5f\u904e\u4e16\u4e86\uff0c\u6211\u7684\u767d\u65e5\u5922\u5927\u982d","start":"122.18","dur":"4.66","is_scores":null,"created_at":"1521878629","updated_at":null},{"id":"27157029","caption_id":"127372","seq":"33","text":"\u99ac\u4e0a\u958b\u59cb\u5e7b\u60f3\u4e00\u90e8\u6211\u5011\u4e3b\u6f14\u7684\u7f85\u66fc\u53f2\u5c0f\u8aaa","translate_comment":"","start":"127.2","dur":"3.349","is_scores":null,"created_at":"1521878629","updated_at":null},{"id":"27157030","caption_id":"127372","seq":"34","text":"\u5169\u500b\u751f\u9084\u8005\uff0c\u6211\u5011\u8a3b\u5b9a\u8981\u5728\u4e00\u8d77\u3002\u6211\u5011\u6703...","translate_comment":"\u5169\u500b\u751f\u9084\u8005\uff0c\u6211\u5011\u8a3b\u5b9a\u8981\u5728\u4e00\u8d77\u3002\u6211\u5011\u6703...","start":"131.22","dur":"2.305","is_scores":null,"created_at":"1521878629","updated_at":null},{"id":"27157031","caption_id":"127372","seq":"35","text":"\u5e6b\u5f7c\u6b64\u7642\u50b7","translate_comment":"\u5e6b\u5f7c\u6b64\u7642\u50b7","start":"133.525","dur":"1.614","is_scores":null,"created_at":"1521878629","updated_at":null},{"id":"27157032","caption_id":"127372","seq":"36","text":"\u5728\u6211\u8166\u888b\u6df1\u8655\uff0c\u6211\u5011\u6709\u8d85\u4e4e\u60f3\u50cf\u7684\u9023\u7d50","translate_comment":"\u5728\u6211\u8166\u888b\u6df1\u8655\uff0c\u6211\u5011\u6709\u8d85\u4e4e\u60f3\u50cf\u7684\u9023\u7d50","start":"135.3","dur":"2.6","is_scores":null,"created_at":"1521878629","updated_at":null},{"id":"27157033","caption_id":"127372","seq":"37","text":"\u6c92\u6709\u4efb\u4f55\u4eba\u5f97\u4ee5\u62c6\u6563","translate_comment":"","start":"137.9","dur":"1.86","is_scores":null,"created_at":"1521878629","updated_at":null},{"id":"27157034","caption_id":"127372","seq":"38","text":"\u6211\u5011\u6709\u540c\u6a23\u7684\u60b2\u50b7","translate_comment":"\u6211\u5011\u6709\u540c\u6a23\u7684\u60b2\u50b7","start":"139.76","dur":"1.77","is_scores":null,"created_at":"1521878629","updated_at":null},{"id":"27157035","caption_id":"127372","seq":"39","text":"\u6211\u5011\u719f\u77e5\u547d\u904b\u4ee5\u53ca...","translate_comment":"","start":"141.53","dur":"2.23","is_scores":null,"created_at":"1521878629","updated_at":null},{"id":"27157036","caption_id":"127372","seq":"40","text":"(\u6d6a\u6f2b\u8072\u8abf)","translate_comment":"(\u6d6a\u6f2b\u8072\u8abf)","start":"143.76","dur":"2","is_scores":null,"created_at":"1521878629","updated_at":null},{"id":"27157037","caption_id":"127372","seq":"41","text":"\u6b7b\u4ea1","translate_comment":"","start":"145.76","dur":"2","is_scores":null,"created_at":"1521878629","updated_at":null},{"id":"27157038","caption_id":"127372","seq":"42","text":"\u6211\u7aae\u8ffd\u4e0d\u6368\uff0c\u5f9e\u90a3\u4e00\u523b\u958b\u59cb\u6211\u5bc6\u5207\u6ce8\u610f Dick","translate_comment":"","start":"151.02","dur":"4.169","is_scores":null,"created_at":"1521878629","updated_at":null},{"id":"27157039","caption_id":"127372","seq":"43","text":"(\u756b\u9762\u4ee5\u5916\u7684\u8072\u97ff)","translate_comment":"(\u756b\u9762\u4ee5\u5916\u7684\u8072\u97ff)","start":"155.189","dur":"1.751","is_scores":null,"created_at":"1521878629","updated_at":null},{"id":"27157040","caption_id":"127372","seq":"44","text":"\u7d42\u65bc\uff0c\u4ed6\u8cb7\u5e33\u4e86","translate_comment":"\u7d42\u65bc\uff0c\u4ed6\u8cb7\u5e33\u4e86","start":"156.94","dur":"2","is_scores":null,"created_at":"1521878629","updated_at":null},{"id":"27157041","caption_id":"127372","seq":"45","text":"\u7528\u9910\u6642\uff0c\u6211\u5f97\u77e5\u4ed6\u559c\u6b61\u51a5\u60f3\uff0c\u559c\u611b\u6236\u5916\u6d3b\u52d5","translate_comment":"","start":"160.66","dur":"4.4","is_scores":null,"created_at":"1521878629","updated_at":null},{"id":"27157042","caption_id":"127372","seq":"46","text":"-\u7136\u5f8c\u4ed6\u8aaa... -\u6211\u4e0d\u76f8\u4fe1\u4e00\u592b\u4e00\u59bb\u5236","translate_comment":"-\u7136\u5f8c\u4ed6\u8aaa... -\u6211\u4e0d\u76f8\u4fe1\u4e00\u592b\u4e00\u59bb\u5236","start":"165.24","dur":"2.36","is_scores":null,"created_at":"1521878629","updated_at":null},{"id":"27157043","caption_id":"127372","seq":"47","text":"\u6211\u8981\u4ed6\u89e3\u91cb\u70ba\u4ec0\u9ebc...","translate_comment":"","start":"167.7","dur":"1.64","is_scores":null,"created_at":"1521878629","updated_at":null},{"id":"27157044","caption_id":"127372","seq":"48","text":"\u9019\u662f\u500b\u904e\u6642\u7684\u6982\u5ff5\uff0c\u6c92\u6709\u4efb\u4f55\u7537\u4eba\u80fd\u5920\u5805\u6301\u7684","translate_comment":"\u9019\u662f\u500b\u904e\u6642\u7684\u6982\u5ff5\uff0c\u6c92\u6709\u4efb\u4f55\u7537\u4eba\u80fd\u5920\u5805\u6301\u7684","start":"169.34","dur":"2.82","is_scores":null,"created_at":"1521878629","updated_at":null},{"id":"27157045","caption_id":"127372","seq":"49","text":"\u6211\uff0c\u5c31\u50cf\u5176\u4ed6\u71b1\u6200\u4e2d\u7121\u53ef\u6551\u85e5\u7684\u50bb\u5b50\u4e00\u6a23\uff0c\u55ae\u7d14\u8a8d\u70ba\u4ed6\u53ea\u662f\u9084\u6c92\u9047\u5230\u5c0d\u7684\u4eba","translate_comment":"","start":"172.38","dur":"6.92","is_scores":null,"created_at":"1521878629","updated_at":null},{"id":"27157046","caption_id":"127372","seq":"50","text":"Dick \u8ddf\u6211\u4ea4\u5f80\u4e86\u4e00\u5e74\u534a\uff0c\u6bcf\u4e09\u500b\u6708\u4ed6\u5c31\u6703\u5288\u817f\u4e00\u6b21","translate_comment":"Dick \u8ddf\u6211\u4ea4\u5f80\u4e86\u4e00\u5e74\u534a\uff0c\u6bcf\u4e09\u500b\u6708\u4ed6\u5c31\u6703\u5288\u817f\u4e00\u6b21","start":"182.04","dur":"4.46","is_scores":null,"created_at":"1521878629","updated_at":null},{"id":"27157047","caption_id":"127372","seq":"51","text":"(\u6572\u9580\u8072)","translate_comment":"(\u6572\u9580\u8072)","start":"186.51","dur":"2","is_scores":null,"created_at":"1521878629","updated_at":null},{"id":"27157048","caption_id":"127372","seq":"52","text":"\u6bcf\u4e09\u500b\u6708\uff0c\u4ed6\u5c31\u6703\u4f86\u5766\u8aa0\u4ed6\u7684\u4e0d\u5fe0\uff0c\u7136\u5f8c\u8ddf\u6211\u9053\u6b49","translate_comment":"","start":"189.55","dur":"3.589","is_scores":null,"created_at":"1521878629","updated_at":null},{"id":"27157049","caption_id":"127372","seq":"53","text":"\u4ed6\u628a\u4ed6\u7684\u884c\u70ba\u6b78\u548e\u5230\u4ed6\u5144\u5f1f\u81ea\u6bba\u7684\u4e8b\uff0c\u8aaa\u90a3\u4ef6\u4e8b\u5c0d\u4ed6\u6253\u64ca\u6975\u5927","translate_comment":"","start":"193.14","dur":"6.15","is_scores":null,"created_at":"1521878629","updated_at":null},{"id":"27157050","caption_id":"127372","seq":"54","text":"\u6211\u544a\u8a34\u81ea\u5df1\u6211\u4e86\u89e3\u6574\u4ef6\u4e8b\u53ea\u662f\u5728\u81ea\u8650\uff0c\u4f46\u6211\u4e26\u6c92\u6709\u96e2\u958b...","translate_comment":"","start":"201.28","dur":"4.97","is_scores":null,"created_at":"1521878629","updated_at":null},{"id":"27157051","caption_id":"127372","seq":"55","text":"\u6211\u7834\u89e3\u4e86\u4ed6\u7684\u624b\u6a5f\u5bc6\u78bc\u3002\u6211\u6703\u7b49\u4ed6\u7761\u8457\u4e86\u518d\u5077\u770b\u4ed6\u7684\u804a\u5929\u8a18\u9304","translate_comment":"","start":"206.25","dur":"6.48","is_scores":null,"created_at":"1521878629","updated_at":null},{"id":"27157052","caption_id":"127372","seq":"56","text":"\u4ed6\u6703\u56e0\u70ba\u6211\u4fb5\u72af\u96b1\u79c1\u800c\u6293\u72c2\uff0c\u9019\u6a23\u7684\u6d41\u7a0b\u9084\u6703\u518d\u767c\u751f","translate_comment":"","start":"213.34","dur":"4.01","is_scores":null,"created_at":"1521878629","updated_at":null},{"id":"27157053","caption_id":"127372","seq":"57","text":"\u5118\u7ba1\u6709\u9019\u4e9b\u5f81\u5146\uff0c\u6211\u5011\u9084\u662f\u5728\u4e00\u8d77","translate_comment":"","start":"218.41","dur":"3.35","is_scores":null,"created_at":"1521878629","updated_at":null},{"id":"27157054","caption_id":"127372","seq":"58","text":"\u5728\u90a3\u671f\u9593","translate_comment":"","start":"222.73","dur":"2","is_scores":null,"created_at":"1521878629","updated_at":null},{"id":"27157055","caption_id":"127372","seq":"59","text":"\u6211\u61f7\u5b55\u4e86","translate_comment":"","start":"224.74","dur":"2","is_scores":null,"created_at":"1521878629","updated_at":null},{"id":"27157056","caption_id":"127372","seq":"60","text":"\u6211\u4e0d\u662f\u5f88\u64c5\u9577\u5b9a\u6642\u5403\u907f\u5b55\u85e5","translate_comment":"","start":"228.84","dur":"1.7","is_scores":null,"created_at":"1521878629","updated_at":null},{"id":"27157057","caption_id":"127372","seq":"61","text":"\u6211\u6709\u56db\u4efd\u5de5\u4f5c\uff0c\u6bcf\u9031\u9084\u8981\u53c3\u52a0\u8a71\u5287\u3001\u8868\u6f14\u8ab2\u7a0b\u9084\u6709\u9304\u5f71","translate_comment":"","start":"230.54","dur":"5.62","is_scores":null,"created_at":"1521878629","updated_at":null},{"id":"27157058","caption_id":"127372","seq":"62","text":"\u6211\u665a\u7761\u65e9\u8d77\uff0c\u7d93\u5e38\u5fd8\u4e86\u5403\u85e5\u3002\u4f46\u6709\u4ec0\u9ebc\u5927\u4e0d\u4e86\u7684\uff1f","translate_comment":"","start":"236.16","dur":"4.94","is_scores":null,"created_at":"1521878629","updated_at":null},{"id":"27157059","caption_id":"127372","seq":"63","text":"\u6211\u624d\u4e0d\u6703\u61f7\u5b55\u3002\u6211\u90fd\u5df2\u7d93\u6b7b\u4e86\u59d0\u59b9\uff0c\u9019\u500b\u4e16\u754c\u61c9\u8a72\u6703\u5f85\u6211\u548c\u5584\u4e00\u9ede","translate_comment":"","start":"241.11","dur":"5.639","is_scores":null,"created_at":"1521878629","updated_at":null},{"id":"27157060","caption_id":"127372","seq":"64","text":"\u4f46\u662f\u4e00\u5929\u65e9\u4e0a\uff0c\u6211\u7684\u4e73\u982d\u611f\u89ba\u602a\u602a\u7684","translate_comment":"","start":"248.56","dur":"3.559","is_scores":null,"created_at":"1521878629","updated_at":null},{"id":"27157061","caption_id":"127372","seq":"65","text":"(\u84ee\u84ec\u982d\u958b\u555f\u7684\u8072\u97f3)","translate_comment":"(\u84ee\u84ec\u982d\u958b\u555f\u7684\u8072\u97f3)","start":"252.119","dur":"2","is_scores":null,"created_at":"1521878629","updated_at":null},{"id":"27157062","caption_id":"127372","seq":"66","text":"\u6211\u99ac\u4e0a\u5c31\u77e5\u9053\u4e86","translate_comment":"","start":"254.29","dur":"2","is_scores":null,"created_at":"1521878629","updated_at":null},{"id":"27157063","caption_id":"127372","seq":"67","text":"(\u8f15\u5feb\u7684\u97f3\u6a02)","translate_comment":"(\u8f15\u5feb\u7684\u97f3\u6a02)","start":"256.29","dur":"2","is_scores":null,"created_at":"1521878629","updated_at":null},{"id":"27157064","caption_id":"127372","seq":"68","text":"\u7b11\u81c9\uff1f\u5927\u7b11\u81c9\u3002\u53bb\u4ed6\u7684\u8a72\u6b7b\u7b11\u81c9","translate_comment":"","start":"261.87","dur":"4.354","is_scores":null,"created_at":"1521878629","updated_at":null},{"id":"27157065","caption_id":"127372","seq":"69","text":"Dick \uff1a\u9019\u5565\uff1f","translate_comment":"\u9019\u5565\uff1f","start":"266.5","dur":"1.5","is_scores":null,"created_at":"1521878629","updated_at":null},{"id":"27157066","caption_id":"127372","seq":"70","text":"\u6211\u73fe\u5728\u9084\u4e0d\u662f\u6709\u5c0f\u5b69\u7684\u6642\u5019\uff0c\u800c\u4f60\u4e5f\u61c9\u8a72\u7b49\u5e74\u7d00\u518d\u5927\u4e00\u9ede","translate_comment":"\u6211\u73fe\u5728\u9084\u4e0d\u662f\u6709\u5c0f\u5b69\u7684\u6642\u5019\uff0c\u800c\u4f60\u4e5f\u61c9\u8a72\u7b49\u5e74\u7d00\u518d\u5927\u4e00\u9ede","start":"273.72","dur":"4.13","is_scores":null,"created_at":"1521878629","updated_at":null},{"id":"27157067","caption_id":"127372","seq":"71","text":"\u4f60\u4e0d\u6703\u60f3\u8981\u5c0f\u5b69\uff01\u4f60\u5e74\u7d00\u61c9\u8a72\u9084\u8981\u518d\u5927\u4e00\u9ede","translate_comment":"","start":"277.85","dur":"2","is_scores":null,"created_at":"1521878629","updated_at":null},{"id":"27157068","caption_id":"127372","seq":"72","text":"\u563f\uff0c\u807d\u8457\uff0c\u4f60\u61c9\u8a72\u548c\u5225\u7684\u7537\u4eba\u751f\u5c0f\u5b69","translate_comment":"","start":"280.98","dur":"3.38","is_scores":null,"created_at":"1521878629","updated_at":null},{"id":"27157069","caption_id":"127372","seq":"73","text":"\u8a8d\u771f\u7684\u3002\u4ed6\u7adf\u7136\u8ddf\u6211\u8aaa\u6211\u61c9\u8a72\u548c\u5225\u7684\u7537\u4eba\u751f\u5c0f\u5b69","translate_comment":"","start":"286.04","dur":"3.44","is_scores":null,"created_at":"1521878629","updated_at":null},{"id":"27157070","caption_id":"127372","seq":"74","text":"\u4f60\u8981\u53bb\u58ae\u80ce","translate_comment":"\u4f60\u8981\u53bb\u58ae\u80ce","start":"289.84","dur":"1.6","is_scores":null,"created_at":"1521878629","updated_at":null},{"id":"27157071","caption_id":"127372","seq":"75","text":"\u6211\u5011\u751a\u81f3\u4e0d\u5148\u8a0e\u8ad6\u4e00\u4e0b\u55ce\uff1f","translate_comment":"\u6211\u5011\u751a\u81f3\u4e0d\u5148\u8a0e\u8ad6\u4e00\u4e0b\u55ce\uff1f","start":"291.5","dur":"2.58","is_scores":null,"created_at":"1521878629","updated_at":null},{"id":"27157072","caption_id":"127372","seq":"76","text":"\u6709\u4ec0\u9ebc\u597d\u8a0e\u8ad6\u7684\uff1f","translate_comment":"\u6709\u4ec0\u9ebc\u597d\u8a0e\u8ad6\u7684\uff1f","start":"294.14","dur":"1.22","is_scores":null,"created_at":"1521878629","updated_at":null},{"id":"27157073","caption_id":"127372","seq":"77","text":"\u6211\u624d\u4e0d\u6703\u6c92\u6709\u597d\u597d\u8ac7\u904e\uff0c\u5c31\u53bb\u58ae...","translate_comment":"\u6211\u624d\u4e0d\u6703\u6c92\u6709\u597d\u597d\u8ac7\u904e\uff0c\u5c31\u53bb\u58ae...","start":"295.74","dur":"4.52","is_scores":null,"created_at":"1521878629","updated_at":null},{"id":"27157074","caption_id":"127372","seq":"78","text":"(\u7a81\u7136\u7684\u6c89\u5bc2\uff0c\u63a5\u4e0b\u4f86\u90fd\u662f\u60b2\u50b7\u7684\u97f3\u6a02)","translate_comment":"(\u7a81\u7136\u7684\u6c89\u5bc2\uff0c\u63a5\u4e0b\u4f86\u90fd\u662f\u60b2\u50b7\u7684\u97f3\u6a02)","start":"300.26","dur":"1.84","is_scores":null,"created_at":"1521878629","updated_at":null},{"id":"27157075","caption_id":"127372","seq":"79","text":"\u904e\u53bb\u5e7e\u5e74\uff0c\u6211\u90fd\u6703\u79c1\u5e95\u4e0b\u8b70\u8ad6\u6211\u58ae\u80ce\u904e\u7684\u670b\u53cb","translate_comment":"\u904e\u53bb\u5e7e\u5e74\uff0c\u6211\u90fd\u6703\u79c1\u5e95\u4e0b\u8b70\u8ad6\u6211\u58ae\u80ce\u904e\u7684\u670b\u53cb","start":"302.1","dur":"3.709","is_scores":null,"created_at":"1521878629","updated_at":null},{"id":"27157076","caption_id":"127372","seq":"80","text":"\u5979\u5011\u600e\u9ebc\u53ef\u4ee5\u5c31\u90a3\u6a23\u6bc0\u4e86\u4e00\u689d\u751f\u547d\uff1f","translate_comment":"","start":"313.52","dur":"2","is_scores":null,"created_at":"1521878629","updated_at":null},{"id":"27157077","caption_id":"127372","seq":"81","text":"\u6211\u628a\u5979\u5011\u60f3\u6210\u662f\u81ea\u79c1\u7684\u4eba\u985e\uff0c\u4e0d\u7d66\u4efb\u4f55\u6a5f\u6703\u5c31\u628a\u80ce\u5152\u6bba\u6389","translate_comment":"","start":"326.38","dur":"4.34","is_scores":null,"created_at":"1521878629","updated_at":null},{"id":"27157078","caption_id":"127372","seq":"82","text":"\u6c92\u8f2a\u5230\u81ea\u5df1\u7576\u7136\u597d\u8aaa","translate_comment":"","start":"333.56","dur":"2.2","is_scores":null,"created_at":"1521878629","updated_at":null},{"id":"27157079","caption_id":"127372","seq":"83","text":"\u4e0d\u904e\u7576\u7136\u7684\uff0c\u7576\u4e8b\u60c5\u964d\u81e8\u5230\u81ea\u5df1\u8eab\u4e0a\uff0c\u5c31\u6703\u5fc5\u9808\u7d93\u904e\u540c\u6a23\u7684\u4e8b\u5be6\u8a55\u4f30","translate_comment":"","start":"337.06","dur":"5.28","is_scores":null,"created_at":"1521878629","updated_at":null},{"id":"27157080","caption_id":"127372","seq":"84","text":"\u6211\u6e96\u5099\u597d\u8981\u7576\u6bcd\u89aa\u4e86\u55ce\uff1f\u4e0d","translate_comment":"\u6211\u6e96\u5099\u597d\u8981\u7576\u6bcd\u89aa\u4e86\u55ce\uff1f\u4e0d","start":"342.36","dur":"1.96","is_scores":null,"created_at":"1521878629","updated_at":null},{"id":"27157081","caption_id":"127372","seq":"85","text":"Dick \u6e96\u5099\u597d\u8981\u7576\u7236\u89aa\u4e86\u55ce\uff1f\u4e0d","translate_comment":"","start":"345.58","dur":"2.76","is_scores":null,"created_at":"1521878629","updated_at":null},{"id":"27157082","caption_id":"127372","seq":"86","text":"\u6211\u7684\u7d93\u6fdf\u80fd\u529b\u8db3\u5920\u990a\u80b2\u4e00\u500b\u5c0f\u5b69\u55ce\uff1f","translate_comment":"","start":"349.94","dur":"3.44","is_scores":null,"created_at":"1521878629","updated_at":null},{"id":"27157083","caption_id":"127372","seq":"87","text":"\u624d\u602a\uff0c\u6211\u9023\u81ea\u5df1\u7684\u4e09\u96bb\u8c93\u90fd\u5feb\u990a\u4e0d\u8d77","translate_comment":"","start":"353.385","dur":"3.234","is_scores":null,"created_at":"1521878629","updated_at":null},{"id":"27157084","caption_id":"127372","seq":"88","text":"\u6211\u6f38\u6f38\u540c\u610f Dick \u7684\u6c7a\u5b9a","translate_comment":"","start":"363.95","dur":"2.65","is_scores":null,"created_at":"1521878629","updated_at":null},{"id":"27157085","caption_id":"127372","seq":"89","text":"\u4ed6\u5011\u544a\u8a34\u6211\u6211\u624d\u61f7\u5b55\u4e03\u5929","translate_comment":"","start":"368.84","dur":"2.56","is_scores":null,"created_at":"1521878629","updated_at":null},{"id":"27157086","caption_id":"127372","seq":"90","text":"\u7576\u6211\u548c\u91ab\u751f\u8aaa\u6211\u7684\u4e73\u982d\u9810\u77e5\u6545\u4e8b\u6642\uff0c\u4ed6\u611f\u5230\u5370\u8c61\u6df1\u523b","translate_comment":"","start":"371.4","dur":"3.82","is_scores":null,"created_at":"1521878629","updated_at":null},{"id":"27157087","caption_id":"127372","seq":"91","text":"\u4f60\u7684\u6545\u4e8b\u8b93\u6211\u5370\u8c61\u6df1\u523b","translate_comment":"\u4f60\u7684\u6545\u4e8b\u8b93\u6211\u5370\u8c61\u6df1\u523b","start":"375.22","dur":"2.56","is_scores":null,"created_at":"1521878629","updated_at":null},{"id":"27157088","caption_id":"127372","seq":"92","text":"Anna \uff1a\u8b1d\u8b1d","translate_comment":"\u8b1d\u8b1d","start":"377.78","dur":"1.06","is_scores":null,"created_at":"1521878629","updated_at":null},{"id":"27157089","caption_id":"127372","seq":"93","text":"\u91ab\u751f\uff1a\u4e0d\u5ba2\u6c23","translate_comment":"\u4e0d\u5ba2\u6c23","start":"378.84","dur":"0.86","is_scores":null,"created_at":"1521878629","updated_at":null},{"id":"27157090","caption_id":"127372","seq":"94","text":"\u7136\u5f8c\u6211\u62ff\u5230\u4e86\u4e00\u9846\u58ae\u80ce\u85e5","translate_comment":"","start":"381.98","dur":"3.96","is_scores":null,"created_at":"1521878629","updated_at":null},{"id":"27157091","caption_id":"127372","seq":"95","text":"\u91ab\u751f\u6c92\u544a\u8a34\u6211\u7684\u662f\uff0c\u58ae\u80ce\u85e5\u6703\u8b93\u4eba\u5641\u5fc3","translate_comment":"","start":"394.58","dur":"3.959","is_scores":null,"created_at":"1521878629","updated_at":null},{"id":"27157092","caption_id":"127372","seq":"96","text":"(\u5614\u5410\u8072)","translate_comment":"(\u5614\u5410\u8072)","start":"398.54","dur":"2.16","is_scores":null,"created_at":"1521878629","updated_at":null},{"id":"27157093","caption_id":"127372","seq":"97","text":"\u6c92\u4e8b\u7684\uff0c\u53ea\u662f\u6211\u61f7\u5b55\u4e86","translate_comment":"","start":"403.86","dur":"2.84","is_scores":null,"created_at":"1521878629","updated_at":null},{"id":"27157094","caption_id":"127372","seq":"98","text":"(\u92fc\u7434\u8072\uff0c\u9a5a\u547c\u8072)","translate_comment":"(\u92fc\u7434\u8072\uff0c\u9a5a\u547c\u8072)","start":"407.6","dur":"2","is_scores":null,"created_at":"1521878629","updated_at":null},{"id":"27157095","caption_id":"127372","seq":"99","text":"\u6211\u5fc5\u9808\u627f\u8a8d\u6211\u559c\u6b61\u88ab\u8a8d\u70ba\u61f7\u5b55\u4e86","translate_comment":"","start":"410.82","dur":"3.58","is_scores":null,"created_at":"1521878629","updated_at":null},{"id":"27157096","caption_id":"127372","seq":"100","text":"\u6211\u6703\u60f3\u633a\u8457\u61f7\u5b55\u7684\u5927\u809a\u76ae\u5230\u8655\u8d70\uff0c\u770b\u4ed6\u4eba\u6703\u6709\u4ec0\u9ebc\u53cd\u61c9","translate_comment":"","start":"414.959","dur":"4.641","is_scores":null,"created_at":"1521878629","updated_at":null},{"id":"27157097","caption_id":"127372","seq":"101","text":"\u60f3\u60f3\u6211\u6703\u5f97\u5230\u591a\u5c11\u5584\u610f","translate_comment":"","start":"419.6","dur":"2.949","is_scores":null,"created_at":"1521878629","updated_at":null},{"id":"27157098","caption_id":"127372","seq":"102","text":"\u6216\u8a31\uff0c\u4eba\u5011\u9084\u6703\u9858\u610f\u8acb\u6211\u5403\u6771\u897f","translate_comment":"","start":"422.549","dur":"2.809","is_scores":null,"created_at":"1521878629","updated_at":null},{"id":"27157099","caption_id":"127372","seq":"103","text":"\u6211\u60f3\u8c61\u81ea\u5df1\u61f7\u80ce\u4e5d\u6708\u7136\u5f8c\u990a\u80b2\u4e00\u500b\u5b69\u5b50","translate_comment":"","start":"426.9","dur":"3.32","is_scores":null,"created_at":"1521878629","updated_at":null},{"id":"27157100","caption_id":"127372","seq":"104","text":"\u4f46\u662f\uff0c\u8981\u9054\u5230\u90a3\u6a23\u6211\u9084\u5c11\u4e86\u4e00\u6a23\u6771\u897f","translate_comment":"\u4f46\u662f\uff0c\u8981\u9054\u5230\u90a3\u6a23\u6211\u9084\u5c11\u4e86\u4e00\u6a23\u6771\u897f","start":"431.12","dur":"4.44","is_scores":null,"created_at":"1521878629","updated_at":null},{"id":"27157101","caption_id":"127372","seq":"105","text":"\u4e00\u500b\u771f\u5fc3\u611b\u6211\u7684\u4eba","translate_comment":"","start":"437.88","dur":"2.08","is_scores":null,"created_at":"1521878629","updated_at":null},{"id":"27157102","caption_id":"127372","seq":"106","text":"\u5728\u90a3\u6642\u5019\u6211\u5c31\u77e5\u9053\u6211\u60f3\u6210\u70ba\u4e00\u500b\u6bcd\u89aa\uff0c\u4f46\u4e0d\u662f\u73fe\u5728","translate_comment":"","start":"442.529","dur":"3.169","is_scores":null,"created_at":"1521878629","updated_at":null},{"id":"27157103","caption_id":"127372","seq":"107","text":"\u5982\u679c\u6211\u8b93\u4e00\u4f4d\u5b69\u5b50\u8a95\u751f\u65bc\u4e16","translate_comment":"","start":"446.339","dur":"1.86","is_scores":null,"created_at":"1521878629","updated_at":null},{"id":"27157104","caption_id":"127372","seq":"108","text":"\u6211\u5e0c\u671b\u80fd\u7d66\u8207\u4ed6\u6216\u5979\u6211\u6240\u6709\u7684\u611b\u548c\u95dc\u61f7","translate_comment":"","start":"448.199","dur":"4.01","is_scores":null,"created_at":"1521878629","updated_at":null},{"id":"27157105","caption_id":"127372","seq":"109","text":"\u6211\u5e0c\u671b\u64c1\u6709\u4e00\u6bb5\u96d9\u65b9\u90fd\u60f3\u8981\u5b69\u5b50\u7684\u95dc\u4fc2","translate_comment":"","start":"452.209","dur":"4.011","is_scores":null,"created_at":"1521878629","updated_at":null},{"id":"27157106","caption_id":"127372","seq":"110","text":"(\u6c34\u6d41\u8072)","translate_comment":"(\u6c34\u6d41\u8072)","start":"456.96","dur":"2","is_scores":null,"created_at":"1521878629","updated_at":null},{"id":"27157107","caption_id":"127372","seq":"111","text":"\u5728\u90a3\u4e09\u500b\u5c0f\u6642\uff0c\u6211\u6d41\u8840\u3001\u54ed\u6ce3\u3001\u75d9\u6523","translate_comment":"","start":"459.06","dur":"2.7","is_scores":null,"created_at":"1521878629","updated_at":null},{"id":"27157108","caption_id":"127372","seq":"112","text":"\u6211\u7d0d\u60b6\u6211\u662f\u505a\u7684\u5c0d\u4e0d\u5c0d\uff0c\u90a3\u662f\u4e0d\u662f\u8b00\u6bba","translate_comment":"","start":"462.629","dur":"3.5","is_scores":null,"created_at":"1521878629","updated_at":null},{"id":"27157109","caption_id":"127372","seq":"113","text":"\u6211\u662f\u4e0d\u662f\u58de\u4eba","translate_comment":"","start":"466.769","dur":"2","is_scores":null,"created_at":"1521878629","updated_at":null},{"id":"27157110","caption_id":"127372","seq":"114","text":"\u6211\u767c\u8a93\u6211\u4e0d\u6703\u518d\u91cd\u8e48\u8986\u8f4d","translate_comment":"","start":"469.4","dur":"3.12","is_scores":null,"created_at":"1521878629","updated_at":null},{"id":"27157111","caption_id":"127372","seq":"115","text":"\u7b49\u6211\u4e0b\u6b21\u61f7\u5b55\uff0c\u5c31\u6703\u662f\u6211\u51c6\u5099\u597d\u6642","translate_comment":"","start":"472.52","dur":"3.3","is_scores":null,"created_at":"1521878629","updated_at":null},{"id":"27157112","caption_id":"127372","seq":"116","text":"( \u6b4e\u6c23\uff0c\u96fb\u8a71\u97ff\u8d77)","translate_comment":"( \u6b4e\u6c23\uff0c\u96fb\u8a71\u97ff\u8d77)","start":"477.84","dur":"2","is_scores":null,"created_at":"1521878629","updated_at":null},{"id":"27157113","caption_id":"127372","seq":"117","text":"(\u8a0a\u606f\u901a\u77e5\u8072)","translate_comment":"(\u8a0a\u606f\u901a\u77e5\u8072)","start":"480.56","dur":"2","is_scores":null,"created_at":"1521878629","updated_at":null},{"id":"27157114","caption_id":"127372","seq":"118","text":"\u5bf6\u8c9d\uff0c\u59b3\u60f3\u597d\u8981\u600e\u9ebc\u9084\u6211\u53e6\u5916\u4e00\u534a\u7684\u58ae\u80ce\u8cbb\u7528\u4e86\u55ce\uff1f","translate_comment":"\u5bf6\u8c9d\uff0c\u59b3\u60f3\u597d\u8981\u600e\u9ebc\u9084\u6211\u53e6\u5916\u4e00\u534a\u7684\u58ae\u80ce\u8cbb\u7528\u4e86\u55ce\uff1f","start":"501.32","dur":"5.8","is_scores":null,"created_at":"1521878629","updated_at":null},{"id":"27157115","caption_id":"127372","seq":"119","text":"\u6211\u5e0c\u671b\u6211\u80fd\u8aaa\u90a3\u4e4b\u5f8c\u6211\u548c Dick \u5c31\u5206\u624b\u4e86\uff0c\u4f46\u662f\u6211\u5011\u6c92\u6709","translate_comment":"","start":"509.63","dur":"4.52","is_scores":null,"created_at":"1521878629","updated_at":null},{"id":"27157116","caption_id":"127372","seq":"120","text":"\u6211\u4ecd\u7136\u8a8d\u70ba Dick \u5c31\u662f\u6211\u7684\u9748\u9b42\u4f34\u4fb6","translate_comment":"","start":"516.47","dur":"2.56","is_scores":null,"created_at":"1521878629","updated_at":null},{"id":"27157117","caption_id":"127372","seq":"121","text":"\u8a8d\u70ba\u4ed6\u5c31\u662f\u90a3\u500b\u552f\u4e00\u80fd\u5920\u4e86\u89e3\u6211\u7684\u7d93\u6b77\u7684\u4eba\uff0c\u53cd\u4e4b\u4ea6\u7136","translate_comment":"","start":"519.03","dur":"5.229","is_scores":null,"created_at":"1521878629","updated_at":null},{"id":"27157118","caption_id":"127372","seq":"122","text":"\u6211\u559c\u6b61\u4ed6\u7684\u9ad4\u5473\uff0c\u4ed6\u773c\u775b\u7684\u984f\u8272\uff0c\u9084\u6709\u7576\u4ed6\u5e36\u6211\u53bb\u4f5b\u6559\u51a5\u60f3\u8ab2\u7a0b\u6642","translate_comment":"","start":"525.23","dur":"5.75","is_scores":null,"created_at":"1521878629","updated_at":null},{"id":"27157119","caption_id":"127372","seq":"123","text":"\u4ed6\u662f\u6211\u4e4b\u6240\u4ee5\u9858\u610f\u9032\u884c\u4e00\u500b\u79ae\u62dc\u5b89\u975c\u51a5\u60f3\u7684\u539f\u56e0","translate_comment":"","start":"531.68","dur":"3.53","is_scores":null,"created_at":"1521878629","updated_at":null},{"id":"27157120","caption_id":"127372","seq":"124","text":"\u6211\u5ea6\u904e\u4e86\u4e03\u5929\u75b2\u52de\u7684\u65e5\u5b50\uff0c\u5c31\u53ea\u662f\u7368\u8eab\u4e00\u4eba\u5750\u8457\u3001\u8d70\u8def\u3001\u751f\u6d3b","translate_comment":"","start":"537.89","dur":"5.719","is_scores":null,"created_at":"1521878629","updated_at":null},{"id":"27157121","caption_id":"127372","seq":"125","text":"\u5728\u6700\u5f8c\u4e00\u5929\uff0c\u6211\u5011\u5fc5\u9808\u8f2a\u6d41\u5206\u4eab\u89ba\u5f97\u80fd\u5920\u7e3d\u7d50\u6211\u5011\u9019\u6b21\u7d93\u9a57\u7684\u4e00\u500b\u5b57","translate_comment":"","start":"544.31","dur":"5.72","is_scores":null,"created_at":"1521878629","updated_at":null},{"id":"27157122","caption_id":"127372","seq":"126","text":"\u611b","translate_comment":"","start":"551.77","dur":"1.43","is_scores":null,"created_at":"1521878629","updated_at":null},{"id":"27157123","caption_id":"127372","seq":"127","text":"\u6574\u9ad4","translate_comment":"","start":"553.9","dur":"1.3","is_scores":null,"created_at":"1521878629","updated_at":null},{"id":"27157124","caption_id":"127372","seq":"128","text":"\u63a2\u7d22","translate_comment":"","start":"556.34","dur":"1.36","is_scores":null,"created_at":"1521878629","updated_at":null},{"id":"27157125","caption_id":"127372","seq":"129","text":"\u8d85\u7d1a\u9177\u6583\u5b87\u5b99\u4e16\u754c\u9739\u9742\u7121\u6575\u68d2\uff08\u51fa\u81ea\u97f3\u6a02\u5287\u300a\u6b61\u6a02\u6eff\u4eba\u9593\u300b\uff09","translate_comment":"","start":"559.14","dur":"2.58","is_scores":null,"created_at":"1521878629","updated_at":null},{"id":"27157126","caption_id":"127372","seq":"130","text":"(\u7b11\u8072)","translate_comment":"(\u7b11\u8072)","start":"561.72","dur":"2.98","is_scores":null,"created_at":"1521878629","updated_at":null},{"id":"27157127","caption_id":"127372","seq":"131","text":"\u9019\u5c31\u662f\u4e86","translate_comment":"","start":"565.399","dur":"2","is_scores":null,"created_at":"1521878629","updated_at":null},{"id":"27157128","caption_id":"127372","seq":"132","text":"\u9019\u5c31\u662f\u6211","translate_comment":"","start":"567.98","dur":"2","is_scores":null,"created_at":"1521878629","updated_at":null},{"id":"27157129","caption_id":"127372","seq":"133","text":"\u6211\u662f\u70ba\u4ed6\u4eba\u5e36\u4f86\u6b61\u7b11\u7684\u4eba","translate_comment":"","start":"570.02","dur":"2.32","is_scores":null,"created_at":"1521878629","updated_at":null},{"id":"27157130","caption_id":"127372","seq":"134","text":"\u6211\u611f\u5230\u5e73\u548c\uff0c\u6211\u7121\u6240\u639b\u7919\u3001\u6beb\u7121\u4fdd\u7559\u5730\u611b\u81ea\u5df1","translate_comment":"","start":"572.92","dur":"5.1","is_scores":null,"created_at":"1521878629","updated_at":null},{"id":"27157131","caption_id":"127372","seq":"135","text":"\u800c\u7576\u6211\u6b63\u7d93\u6b77\u6211\u4eba\u751f\u4e2d\u6700\u958b\u653e\u3001\u8106\u5f31\u3001\u81ea\u611b\u7684\u6642\u523b\u6642","translate_comment":"","start":"578.04","dur":"5.34","is_scores":null,"created_at":"1521878629","updated_at":null},{"id":"27157132","caption_id":"127372","seq":"136","text":"Dick \u6b63\u628a\u4ed6\u7684\u8001\u4e8c\uff08dick\uff09\u63d2\u5230\u5225\u4eba\u8eab\u9ad4\u88e1","translate_comment":"","start":"584.39","dur":"2.61","is_scores":null,"created_at":"1521878629","updated_at":null},{"id":"27157133","caption_id":"127372","seq":"137","text":"\u6240\u4ee5\u7576\u4ed6\u4f86\u5230\u6211\u7684\u9580\u524d\u54ed\u6ce3\uff0c\u4e5e\u6c42\u6211\u539f\u8ad2\u6642","translate_comment":"","start":"588.68","dur":"4.419","is_scores":null,"created_at":"1521878629","updated_at":null},{"id":"27157134","caption_id":"127372","seq":"138","text":"\u6211\u7d42\u65bc\u60f3\u901a\u4e86\uff0c\u7ba1\u4ed6\u53bb\u6b7b","translate_comment":"","start":"593.1","dur":"2.12","is_scores":null,"created_at":"1521878629","updated_at":null},{"id":"27157135","caption_id":"127372","seq":"139","text":"\u5728\u4e00\u7247\u8352\u6f20\u4e2d\uff0c\u6211\u7d42\u65bc\u627e\u56de\u4e86\u81ea\u5c0a","translate_comment":"","start":"597.02","dur":"3.82","is_scores":null,"created_at":"1521878629","updated_at":null},{"id":"27157136","caption_id":"127372","seq":"140","text":"\u5f9e\u90a3\u6642\u8d77\u6211\u5c31\u6c92\u518d\u610f\u5916\u61f7\u5b55\u4e86","translate_comment":"","start":"607.76","dur":"2.3","is_scores":null,"created_at":"1521878629","updated_at":null}]}