{"en":[{"id":"27125661","caption_id":"127257","seq":"1","text":"We lose friends for a variety of reasons.","translate_comment":"","start":"0.368","dur":"2.407","is_scores":null,"created_at":"1521693288","updated_at":null},{"id":"27125662","caption_id":"127257","seq":"2","text":"People move.","translate_comment":"","start":"2.775","dur":"0.899","is_scores":null,"created_at":"1521693288","updated_at":null},{"id":"27125663","caption_id":"127257","seq":"3","text":"I don't want to move to New York.","translate_comment":"","start":"3.674","dur":"1.695","is_scores":null,"created_at":"1521693288","updated_at":null},{"id":"27125664","caption_id":"127257","seq":"4","text":"But,","translate_comment":"","start":"5.369","dur":"1.079","is_scores":null,"created_at":"1521693288","updated_at":null},{"id":"27125665","caption_id":"127257","seq":"5","text":"they just have better pizza.","translate_comment":"","start":"6.448","dur":"1.383","is_scores":null,"created_at":"1521693288","updated_at":null},{"id":"27125666","caption_id":"127257","seq":"6","text":"You get into fights.","translate_comment":"","start":"7.831","dur":"1.118","is_scores":null,"created_at":"1521693288","updated_at":null},{"id":"27125667","caption_id":"127257","seq":"7","text":"Dude!","translate_comment":"","start":"8.949","dur":"0.913","is_scores":null,"created_at":"1521693288","updated_at":null},{"id":"27125668","caption_id":"127257","seq":"8","text":"How many times do I have to tell you","translate_comment":"","start":"9.862","dur":"1.618","is_scores":null,"created_at":"1521693288","updated_at":null},{"id":"27125669","caption_id":"127257","seq":"9","text":"that Los Angeles has great pizza?!","translate_comment":"","start":"11.48","dur":"2.003","is_scores":null,"created_at":"1521693288","updated_at":null},{"id":"27125670","caption_id":"127257","seq":"10","text":"Life gets crazy.","translate_comment":"","start":"13.483","dur":"1.256","is_scores":null,"created_at":"1521693288","updated_at":null},{"id":"27125671","caption_id":"127257","seq":"11","text":"We could probably get together on...","translate_comment":"","start":"14.739","dur":"1.893","is_scores":null,"created_at":"1521693288","updated_at":null},{"id":"27125672","caption_id":"127257","seq":"12","text":"Thursday.","translate_comment":"","start":"16.632","dur":"0.738","is_scores":null,"created_at":"1521693288","updated_at":null},{"id":"27125673","caption_id":"127257","seq":"13","text":"Of January.","translate_comment":"","start":"18.254","dur":"1.015","is_scores":null,"created_at":"1521693288","updated_at":null},{"id":"27125674","caption_id":"127257","seq":"14","text":"2017.","translate_comment":"","start":"20.33","dur":"1.301","is_scores":null,"created_at":"1521693288","updated_at":null},{"id":"27125675","caption_id":"127257","seq":"15","text":"No matter what's the reason,","translate_comment":"","start":"22.253","dur":"1.196","is_scores":null,"created_at":"1521693288","updated_at":null},{"id":"27125676","caption_id":"127257","seq":"16","text":"we all know what it's like to lose a friend,","translate_comment":"","start":"23.449","dur":"1.943","is_scores":null,"created_at":"1521693288","updated_at":null},{"id":"27125677","caption_id":"127257","seq":"17","text":"and...it sucks.","translate_comment":"","start":"25.392","dur":"1.651","is_scores":null,"created_at":"1521693288","updated_at":null},{"id":"27125678","caption_id":"127257","seq":"18","text":"It's kinda like a breakup where you have this period of being","translate_comment":"","start":"27.043","dur":"2.665","is_scores":null,"created_at":"1521693288","updated_at":null},{"id":"27125679","caption_id":"127257","seq":"19","text":"just sad.","translate_comment":"","start":"29.708","dur":"2.092","is_scores":null,"created_at":"1521693288","updated_at":null},{"id":"27125680","caption_id":"127257","seq":"20","text":"And you wanna call them.","translate_comment":"","start":"31.8","dur":"1.183","is_scores":null,"created_at":"1521693288","updated_at":null},{"id":"27125681","caption_id":"127257","seq":"21","text":"And you wanna know where it all went wrong.","translate_comment":"","start":"32.983","dur":"1.966","is_scores":null,"created_at":"1521693288","updated_at":null},{"id":"27125682","caption_id":"127257","seq":"22","text":"And you're mourning, and you're moping,","translate_comment":"","start":"34.949","dur":"2.187","is_scores":null,"created_at":"1521693288","updated_at":null},{"id":"27125683","caption_id":"127257","seq":"23","text":"until finally one day,","translate_comment":"","start":"37.136","dur":"1.741","is_scores":null,"created_at":"1521693288","updated_at":null},{"id":"27125684","caption_id":"127257","seq":"24","text":"you wish them well, and you move on with your life.","translate_comment":"","start":"38.877","dur":"2.541","is_scores":null,"created_at":"1521693288","updated_at":null},{"id":"27125685","caption_id":"127257","seq":"25","text":"The first step is to self-reflect.","translate_comment":"","start":"41.418","dur":"2.445","is_scores":null,"created_at":"1521693288","updated_at":null},{"id":"27125686","caption_id":"127257","seq":"26","text":"And to try to find something that you learned from the friendship.","translate_comment":"","start":"43.863","dur":"3.269","is_scores":null,"created_at":"1521693288","updated_at":null},{"id":"27125687","caption_id":"127257","seq":"27","text":"Because something about mentally learning something from an experience","translate_comment":"","start":"47.132","dur":"3.886","is_scores":null,"created_at":"1521693288","updated_at":null},{"id":"27125688","caption_id":"127257","seq":"28","text":"makes it feel whole and complete.","translate_comment":"","start":"51.018","dur":"2.783","is_scores":null,"created_at":"1521693288","updated_at":null},{"id":"27125689","caption_id":"127257","seq":"29","text":"And, in essence, finished.","translate_comment":"","start":"53.801","dur":"2.275","is_scores":null,"created_at":"1521693288","updated_at":null},{"id":"27125690","caption_id":"127257","seq":"30","text":"Second, don't let this experience deter you from emotionally engaging from other people.","translate_comment":"","start":"56.076","dur":"4.996","is_scores":null,"created_at":"1521693288","updated_at":null},{"id":"27125691","caption_id":"127257","seq":"31","text":"Don't let one experience with someone","translate_comment":"","start":"61.072","dur":"2.94","is_scores":null,"created_at":"1521693288","updated_at":null},{"id":"27125692","caption_id":"127257","seq":"32","text":"completely change how you interact with other people.","translate_comment":"","start":"64.012","dur":"3.563","is_scores":null,"created_at":"1521693288","updated_at":null},{"id":"27125693","caption_id":"127257","seq":"33","text":"And finally,","translate_comment":"","start":"67.575","dur":"1.18","is_scores":null,"created_at":"1521693288","updated_at":null},{"id":"27125694","caption_id":"127257","seq":"34","text":"let yourself feel the feelings.","translate_comment":"","start":"68.755","dur":"2.05","is_scores":null,"created_at":"1521693288","updated_at":null},{"id":"27125695","caption_id":"127257","seq":"35","text":"There are so many times when our past comes up,","translate_comment":"","start":"70.805","dur":"2.526","is_scores":null,"created_at":"1521693288","updated_at":null},{"id":"27125696","caption_id":"127257","seq":"36","text":"and we just want to push it away.","translate_comment":"","start":"73.331","dur":"1.561","is_scores":null,"created_at":"1521693288","updated_at":null},{"id":"27125697","caption_id":"127257","seq":"37","text":"Or our first instinct is to be like,","translate_comment":"","start":"74.892","dur":"1.557","is_scores":null,"created_at":"1521693288","updated_at":null},{"id":"27125698","caption_id":"127257","seq":"38","text":"\"Oh don't think about that! FUCK THAT! FUCK. THAT.\"","translate_comment":"","start":"76.449","dur":"2.53","is_scores":null,"created_at":"1521693288","updated_at":null},{"id":"27125699","caption_id":"127257","seq":"39","text":"But, it's important to give yourself permission.","translate_comment":"","start":"78.979","dur":"2.699","is_scores":null,"created_at":"1521693288","updated_at":null},{"id":"27125700","caption_id":"127257","seq":"40","text":"So if you miss someone,","translate_comment":"","start":"81.678","dur":"1.591","is_scores":null,"created_at":"1521693288","updated_at":null},{"id":"27125701","caption_id":"127257","seq":"41","text":"let yourself just miss them.","translate_comment":"","start":"83.269","dur":"2.439","is_scores":null,"created_at":"1521693288","updated_at":null},{"id":"27125702","caption_id":"127257","seq":"42","text":"And, be like, \"You know what, that's fine.","translate_comment":"","start":"85.708","dur":"1.93","is_scores":null,"created_at":"1521693288","updated_at":null},{"id":"27125703","caption_id":"127257","seq":"43","text":"I really miss that person, in this moment,","translate_comment":"","start":"87.638","dur":"2.54","is_scores":null,"created_at":"1521693288","updated_at":null},{"id":"27125704","caption_id":"127257","seq":"44","text":"but it's over for a reason.\"","translate_comment":"","start":"90.178","dur":"1.683","is_scores":null,"created_at":"1521693288","updated_at":null},{"id":"27125705","caption_id":"127257","seq":"45","text":"And let yourself sit with that","translate_comment":"","start":"91.861","dur":"1.317","is_scores":null,"created_at":"1521693288","updated_at":null},{"id":"27125706","caption_id":"127257","seq":"46","text":"for as long as you need to sit with that.","translate_comment":"","start":"93.178","dur":"1.531","is_scores":null,"created_at":"1521693288","updated_at":null},{"id":"27125707","caption_id":"127257","seq":"47","text":"Ultimately, we're all gonna lose a lot of friends throughout our life.","translate_comment":"","start":"94.709","dur":"2.27","is_scores":null,"created_at":"1521693288","updated_at":null},{"id":"27125708","caption_id":"127257","seq":"48","text":"But we're also gonna gain a lot of friends and a lot of experiences.","translate_comment":"","start":"96.979","dur":"3.154","is_scores":null,"created_at":"1521693288","updated_at":null},{"id":"27125709","caption_id":"127257","seq":"49","text":"So, it works out! Hey!","translate_comment":"","start":"100.133","dur":"3.003","is_scores":null,"created_at":"1521693288","updated_at":null},{"id":"27125710","caption_id":"127257","seq":"50","text":"Stay awesome, Gotham.","translate_comment":"","start":"103.136","dur":"1.313","is_scores":null,"created_at":"1521693288","updated_at":null},{"id":"27125711","caption_id":"127257","seq":"51","text":"Ha!","translate_comment":"","start":"104.449","dur":"0.775","is_scores":null,"created_at":"1521693288","updated_at":null}],"zh-Hant":[{"id":"27125823","caption_id":"127258","seq":"1","text":"\u6211\u5011\u6703\u56e0\u70ba\u5404\u7a2e\u539f\u56e0\u5931\u53bb\u670b\u53cb","translate_comment":"","start":"0.368","dur":"2.407","is_scores":null,"created_at":"1521695380","updated_at":null},{"id":"27125824","caption_id":"127258","seq":"2","text":"\u4eba\u6703\u642c\u5bb6","translate_comment":"","start":"2.775","dur":"0.899","is_scores":null,"created_at":"1521695380","updated_at":null},{"id":"27125825","caption_id":"127258","seq":"3","text":"\u6211\u4e0d\u60f3\u642c\u5230\u7d10\u7d04","translate_comment":"","start":"3.674","dur":"1.695","is_scores":null,"created_at":"1521695380","updated_at":null},{"id":"27125826","caption_id":"127258","seq":"4","text":"\u4f46\u662f\uff0c","translate_comment":"","start":"5.369","dur":"1.079","is_scores":null,"created_at":"1521695380","updated_at":null},{"id":"27125827","caption_id":"127258","seq":"5","text":"\u7d10\u7d04\u7684\u62ab\u85a9\u6bd4\u8f03\u597d\u5403","translate_comment":"","start":"6.448","dur":"1.383","is_scores":null,"created_at":"1521695380","updated_at":null},{"id":"27125828","caption_id":"127258","seq":"6","text":"\u4f60\u5011\u6703\u5435\u67b6","translate_comment":"","start":"7.831","dur":"1.118","is_scores":null,"created_at":"1521695380","updated_at":null},{"id":"27125829","caption_id":"127258","seq":"7","text":"\u8001\u5144\uff01","translate_comment":"","start":"8.949","dur":"0.913","is_scores":null,"created_at":"1521695380","updated_at":null},{"id":"27125830","caption_id":"127258","seq":"8","text":"\u6211\u8981\u8ddf\u4f60\u8b1b\u5e7e\u6b21","translate_comment":"","start":"9.862","dur":"1.618","is_scores":null,"created_at":"1521695380","updated_at":null},{"id":"27125831","caption_id":"127258","seq":"9","text":"\u6d1b\u6749\u78ef\u6709\u597d\u5403\u7684\u62ab\u85a9\uff1f\uff01","translate_comment":"","start":"11.48","dur":"2.003","is_scores":null,"created_at":"1521695380","updated_at":null},{"id":"27125832","caption_id":"127258","seq":"10","text":"\u751f\u6d3b\u5f88\u5fd9\u788c","translate_comment":"","start":"13.483","dur":"1.256","is_scores":null,"created_at":"1521695380","updated_at":null},{"id":"27125833","caption_id":"127258","seq":"11","text":"\u6211\u5011\u53ef\u4ee5\u7d04...","translate_comment":"","start":"14.739","dur":"1.893","is_scores":null,"created_at":"1521695380","updated_at":null},{"id":"27125834","caption_id":"127258","seq":"12","text":"\u661f\u671f\u56db","translate_comment":"","start":"16.632","dur":"0.738","is_scores":null,"created_at":"1521695380","updated_at":null},{"id":"27125835","caption_id":"127258","seq":"13","text":"\u4e00\u6708","translate_comment":"","start":"18.254","dur":"1.015","is_scores":null,"created_at":"1521695380","updated_at":null},{"id":"27125836","caption_id":"127258","seq":"14","text":"2017 \u5e74","translate_comment":"","start":"20.33","dur":"1.301","is_scores":null,"created_at":"1521695380","updated_at":null},{"id":"27125837","caption_id":"127258","seq":"15","text":"\u7121\u8ad6\u539f\u56e0\u662f\u4ec0\u9ebc\uff0c","translate_comment":"","start":"22.253","dur":"1.196","is_scores":null,"created_at":"1521695380","updated_at":null},{"id":"27125838","caption_id":"127258","seq":"16","text":"\u6211\u5011\u90fd\u61c2\u5931\u53bb\u670b\u53cb\u662f\u4ec0\u9ebc\u611f\u89ba\uff0c","translate_comment":"","start":"23.449","dur":"1.943","is_scores":null,"created_at":"1521695380","updated_at":null},{"id":"27125839","caption_id":"127258","seq":"17","text":"\u5c31\u662f\u7cdf\u900f\u4e86","translate_comment":"","start":"25.392","dur":"1.651","is_scores":null,"created_at":"1521695380","updated_at":null},{"id":"27125840","caption_id":"127258","seq":"18","text":"\u611f\u89ba\u50cf\u5206\u624b\uff0c\u4f60\u9019\u6bb5\u6642\u9593\u6703\u611f\u5230","translate_comment":"","start":"27.043","dur":"2.665","is_scores":null,"created_at":"1521695380","updated_at":null},{"id":"27125841","caption_id":"127258","seq":"19","text":"\u5f88\u96e3\u904e","translate_comment":"","start":"29.708","dur":"2.092","is_scores":null,"created_at":"1521695380","updated_at":null},{"id":"27125842","caption_id":"127258","seq":"20","text":"\u4f60\u60f3\u8981\u6253\u7d66\u4ed6\u5011","translate_comment":"","start":"31.8","dur":"1.183","is_scores":null,"created_at":"1521695380","updated_at":null},{"id":"27125843","caption_id":"127258","seq":"21","text":"\u4f60\u60f3\u77e5\u9053\u54ea\u88e1\u51fa\u932f\u4e86","translate_comment":"","start":"32.983","dur":"1.966","is_scores":null,"created_at":"1521695380","updated_at":null},{"id":"27125844","caption_id":"127258","seq":"22","text":"\u4f60\u6703\u54c0\u50b7\u3001\u6182\u9b31\uff0c","translate_comment":"","start":"34.949","dur":"2.187","is_scores":null,"created_at":"1521695380","updated_at":null},{"id":"27125845","caption_id":"127258","seq":"23","text":"\u76f4\u5230\u6709\u4e00\u5929\uff0c","translate_comment":"","start":"37.136","dur":"1.741","is_scores":null,"created_at":"1521695380","updated_at":null},{"id":"27125846","caption_id":"127258","seq":"24","text":"\u4f60\u6703\u795d\u798f\u4ed6\u5011\uff0c\u7136\u5f8c\u7e7c\u7e8c\u904e\u4f60\u7684\u4eba\u751f","translate_comment":"","start":"38.877","dur":"2.541","is_scores":null,"created_at":"1521695380","updated_at":null},{"id":"27125847","caption_id":"127258","seq":"25","text":"\u7b2c\u4e00\u6b65\u662f\u81ea\u6211\u53cd\u7701","translate_comment":"","start":"41.418","dur":"2.445","is_scores":null,"created_at":"1521695380","updated_at":null},{"id":"27125848","caption_id":"127258","seq":"26","text":"\u8a66\u8457\u627e\u5230\u4f60\u5f9e\u53cb\u8abc\u4e2d\u5b78\u6703\u7684\u4e8b\u60c5","translate_comment":"","start":"43.863","dur":"3.269","is_scores":null,"created_at":"1521695380","updated_at":null},{"id":"27125849","caption_id":"127258","seq":"27","text":"\u56e0\u70ba\u5f9e\u7d93\u9a57\u4e2d\u5f97\u5230\u7684\u5167\u5fc3\u9818\u609f","translate_comment":"","start":"47.132","dur":"3.886","is_scores":null,"created_at":"1521695380","updated_at":null},{"id":"27125850","caption_id":"127258","seq":"28","text":"\u8b93\u6211\u5011\u611f\u5230\u5b8c\u5168\u3001\u5b8c\u6574","translate_comment":"","start":"51.018","dur":"2.783","is_scores":null,"created_at":"1521695380","updated_at":null},{"id":"27125851","caption_id":"127258","seq":"29","text":"\u672c\u8cea\u4e0a\u7684\uff0c\u544a\u4e00\u6bb5\u843d","translate_comment":"","start":"53.801","dur":"2.275","is_scores":null,"created_at":"1521695380","updated_at":null},{"id":"27125852","caption_id":"127258","seq":"30","text":"\u7b2c\u4e8c\uff0c\u4e0d\u8981\u56e0\u70ba\u9019\u500b\u7d93\u9a57\u800c\u4e0d\u6562\u8207\u5176\u4ed6\u4eba\u5fc3\u9748\u4ea4\u6d41","translate_comment":"","start":"56.076","dur":"4.996","is_scores":null,"created_at":"1521695380","updated_at":null},{"id":"27125853","caption_id":"127258","seq":"31","text":"\u4e0d\u8981\u56e0\u70ba\u81ea\u5df2\u904e\u53bb\u548c\u67d0\u4eba\u7684\u76f8\u8655\u7d93\u9a57","translate_comment":"","start":"61.072","dur":"2.94","is_scores":null,"created_at":"1521695380","updated_at":null},{"id":"27125854","caption_id":"127258","seq":"32","text":"\u800c\u6539\u8b8a\u4f60\u548c\u5176\u4ed6\u4eba\u7684\u4e92\u52d5\u65b9\u5f0f","translate_comment":"","start":"64.012","dur":"3.563","is_scores":null,"created_at":"1521695380","updated_at":null},{"id":"27125855","caption_id":"127258","seq":"33","text":"\u6700\u5f8c\uff0c","translate_comment":"","start":"67.575","dur":"1.18","is_scores":null,"created_at":"1521695380","updated_at":null},{"id":"27125856","caption_id":"127258","seq":"34","text":"\u8b93\u81ea\u5df1\u53bb\u611f\u53d7","translate_comment":"","start":"68.755","dur":"2.05","is_scores":null,"created_at":"1521695380","updated_at":null},{"id":"27125857","caption_id":"127258","seq":"35","text":"\u592a\u591a\u6642\u5019\uff0c\u904e\u5f80\u56de\u61b6\u8972\u4f86\uff0c","translate_comment":"","start":"70.805","dur":"2.526","is_scores":null,"created_at":"1521695380","updated_at":null},{"id":"27125858","caption_id":"127258","seq":"36","text":"\u7136\u5f8c\u6211\u5011\u53ea\u60f3\u5c07\u5b83\u63a8\u958b","translate_comment":"","start":"73.331","dur":"1.561","is_scores":null,"created_at":"1521695380","updated_at":null},{"id":"27125859","caption_id":"127258","seq":"37","text":"\u7b2c\u4e00\u53cd\u61c9\u7e3d\u662f\u50cf\u9019\u6a23\uff1a","translate_comment":"","start":"74.892","dur":"1.557","is_scores":null,"created_at":"1521695380","updated_at":null},{"id":"27125860","caption_id":"127258","seq":"38","text":"\u300c\u5662\u4e0d\u8981\u53bb\u60f3\u9019\u500b\uff01\u53bb\u4ed6\u7684\uff01\u53bb\uff01\u4ed6\uff01\u7684\uff01\u300d","translate_comment":"","start":"76.449","dur":"2.53","is_scores":null,"created_at":"1521695380","updated_at":null},{"id":"27125861","caption_id":"127258","seq":"39","text":"\u4f46\u5141\u8a31\u81ea\u5df1\u601d\u5ff5\u904e\u53bb\u662f\u5f88\u91cd\u8981\u7684","translate_comment":"","start":"78.979","dur":"2.699","is_scores":null,"created_at":"1521695380","updated_at":null},{"id":"27125862","caption_id":"127258","seq":"40","text":"\u6240\u4ee5\u5982\u679c\u4f60\u60f3\u5ff5\u67d0\u4eba\uff0c","translate_comment":"","start":"81.678","dur":"1.591","is_scores":null,"created_at":"1521695380","updated_at":null},{"id":"27125863","caption_id":"127258","seq":"41","text":"\u5c31\u60f3\u5427\uff01","translate_comment":"","start":"83.269","dur":"2.439","is_scores":null,"created_at":"1521695380","updated_at":null},{"id":"27125864","caption_id":"127258","seq":"42","text":"\u7136\u5f8c\u5c0d\u81ea\u5df1\u8aaa\u300c\u4f60\u77e5\u9053\uff0c\u9019\u6c92\u4ec0\u9ebc\u5927\u4e0d\u4e86\u3002\u300d","translate_comment":"","start":"85.708","dur":"1.93","is_scores":null,"created_at":"1521695380","updated_at":null},{"id":"27125865","caption_id":"127258","seq":"43","text":"\u300c\u6211\u5f88\u60f3\u5ff5\u90a3\u500b\u4eba\uff0c\u5728\u9019\u500b\u6642\u523b\uff0c\u300d","translate_comment":"","start":"87.638","dur":"2.54","is_scores":null,"created_at":"1521695380","updated_at":null},{"id":"27125866","caption_id":"127258","seq":"44","text":"\u300c\u4f46\u6211\u5011\u7d42\u7a76\u662f\u56e0\u67d0\u4e9b\u539f\u56e0\u800c\u5206\u958b\u4e86\u3002\u300d","translate_comment":"","start":"90.178","dur":"1.683","is_scores":null,"created_at":"1521695380","updated_at":null},{"id":"27125867","caption_id":"127258","seq":"45","text":"\u8b93\u81ea\u5df1\u9677\u5165\u60f3\u5ff5\u4e2d","translate_comment":"","start":"91.861","dur":"1.317","is_scores":null,"created_at":"1521695380","updated_at":null},{"id":"27125868","caption_id":"127258","seq":"46","text":"\u4f60\u8981\u60f3\u591a\u4e45\u5c31\u591a\u4e45","translate_comment":"","start":"93.178","dur":"1.531","is_scores":null,"created_at":"1521695380","updated_at":null},{"id":"27125869","caption_id":"127258","seq":"47","text":"\u6700\u7d42\u5728\u4eba\u751f\u4e2d\uff0c\u6211\u5011\u90fd\u6703\u5931\u53bb\u5f88\u591a\u670b\u53cb","translate_comment":"","start":"94.709","dur":"2.27","is_scores":null,"created_at":"1521695380","updated_at":null},{"id":"27125870","caption_id":"127258","seq":"48","text":"\u4f46\u6211\u5011\u4e5f\u6703\u4ea4\u5230\u8a31\u591a\u65b0\u670b\u53cb\u4ee5\u53ca\u7d93\u6b77\u8a31\u591a\u4e8b","translate_comment":"","start":"96.979","dur":"3.154","is_scores":null,"created_at":"1521695380","updated_at":null},{"id":"27125871","caption_id":"127258","seq":"49","text":"\u6240\u4ee5\u4e0d\u7528\u64d4\u5fc3\u5931\u53bb\u670b\u53cb\uff01\u563f\uff01","translate_comment":"","start":"100.133","dur":"3.003","is_scores":null,"created_at":"1521695380","updated_at":null},{"id":"27125872","caption_id":"127258","seq":"50","text":"\u4fdd\u91cd\u4e86\u5404\u4f4d","translate_comment":"","start":"103.136","dur":"1.313","is_scores":null,"created_at":"1521695380","updated_at":null},{"id":"27125873","caption_id":"127258","seq":"51","text":"\u54c8\uff01","translate_comment":"","start":"104.449","dur":"0.775","is_scores":null,"created_at":"1521695380","updated_at":null}]}