{"en":[{"id":"27807814","caption_id":"129979","seq":"1","text":"You use this X right here to get the...","translate_comment":"","start":"0.52","dur":"2.48","is_scores":null,"created_at":"1522394643","updated_at":null},{"id":"27807815","caption_id":"129979","seq":"2","text":"Uh-Oh.","translate_comment":"","start":"3.36","dur":"0.6","is_scores":null,"created_at":"1522394643","updated_at":null},{"id":"27807816","caption_id":"129979","seq":"3","text":"Oh my gosh, I just drew on it.","translate_comment":"","start":"4.1","dur":"1.48","is_scores":null,"created_at":"1522394643","updated_at":null},{"id":"27807817","caption_id":"129979","seq":"4","text":"Hold on.","translate_comment":"","start":"5.88","dur":"0.56","is_scores":null,"created_at":"1522394643","updated_at":null},{"id":"27807818","caption_id":"129979","seq":"5","text":"You know what?","translate_comment":"","start":"9.16","dur":"0.68","is_scores":null,"created_at":"1522394643","updated_at":null},{"id":"27807819","caption_id":"129979","seq":"6","text":"I'm going to search for a solution.","translate_comment":"","start":"10.2","dur":"2.96","is_scores":null,"created_at":"1522394643","updated_at":null},{"id":"27807820","caption_id":"129979","seq":"7","text":"Let's see, \"Video Math...\"","translate_comment":"","start":"13.18","dur":"1.68","is_scores":null,"created_at":"1522394643","updated_at":null},{"id":"27807821","caption_id":"129979","seq":"8","text":"Blinzia: (quietly) You're doing a trick.","translate_comment":"","start":"14.86","dur":"2.04","is_scores":null,"created_at":"1522394643","updated_at":null},{"id":"27807822","caption_id":"129979","seq":"9","text":"Maybe this guy can help me.","translate_comment":"","start":"16.9","dur":"1","is_scores":null,"created_at":"1522394643","updated_at":null},{"id":"27807823","caption_id":"129979","seq":"10","text":"There we go. Hey!","translate_comment":"","start":"19.58","dur":"1.12","is_scores":null,"created_at":"1522394643","updated_at":null},{"id":"27807824","caption_id":"129979","seq":"11","text":"Hey, you! Hey, hey.","translate_comment":"","start":"21.66","dur":"1.28","is_scores":null,"created_at":"1522394643","updated_at":null},{"id":"27807825","caption_id":"129979","seq":"12","text":"Do you think you could help me? I accidentally drew on the screen right here.","translate_comment":"","start":"23.02","dur":"3.48","is_scores":null,"created_at":"1522394643","updated_at":null},{"id":"27807826","caption_id":"129979","seq":"13","text":"I don't know what to do.","translate_comment":"","start":"28.1","dur":"1.52","is_scores":null,"created_at":"1522394643","updated_at":null},{"id":"27807827","caption_id":"129979","seq":"14","text":"Students: Oh my gosh. What?!","translate_comment":"","start":"29.68","dur":"2.08","is_scores":null,"created_at":"1522394643","updated_at":null},{"id":"27807828","caption_id":"129979","seq":"15","text":"Teacher: No, a little bit farther down.","translate_comment":"","start":"31.76","dur":"1.7","is_scores":null,"created_at":"1522394643","updated_at":null},{"id":"27807829","caption_id":"129979","seq":"16","text":"Right there.","translate_comment":"","start":"33.72","dur":"0.88","is_scores":null,"created_at":"1522394643","updated_at":null},{"id":"27807830","caption_id":"129979","seq":"17","text":"Yeah, there you go.","translate_comment":"","start":"36.32","dur":"1.28","is_scores":null,"created_at":"1522394643","updated_at":null},{"id":"27807831","caption_id":"129979","seq":"18","text":"Oh, that's not working.","translate_comment":"","start":"38.8","dur":"1.6","is_scores":null,"created_at":"1522394643","updated_at":null},{"id":"27807832","caption_id":"129979","seq":"19","text":"That's making it worse!","translate_comment":"","start":"43.84","dur":"1.6","is_scores":null,"created_at":"1522394643","updated_at":null},{"id":"27807833","caption_id":"129979","seq":"20","text":"Um... I'm not sure what to do here.","translate_comment":"","start":"47.26","dur":"1.82","is_scores":null,"created_at":"1522394643","updated_at":null},{"id":"27807834","caption_id":"129979","seq":"21","text":"What's that? Oh!","translate_comment":"","start":"50.8","dur":"1.64","is_scores":null,"created_at":"1522394643","updated_at":null},{"id":"27807835","caption_id":"129979","seq":"22","text":"(laughter) Okay, right...","translate_comment":"","start":"53.7","dur":"1.92","is_scores":null,"created_at":"1522394643","updated_at":null},{"id":"27807836","caption_id":"129979","seq":"23","text":"That's just getting the cat dirty.","translate_comment":"","start":"56.22","dur":"2.32","is_scores":null,"created_at":"1522394643","updated_at":null},{"id":"27807837","caption_id":"129979","seq":"24","text":"That's not working!","translate_comment":"","start":"58.9","dur":"1.36","is_scores":null,"created_at":"1522394643","updated_at":null},{"id":"27807838","caption_id":"129979","seq":"25","text":"(crashing sound) (laughter)","translate_comment":"","start":"61.78","dur":"2","is_scores":null,"created_at":"1522394643","updated_at":null},{"id":"27807839","caption_id":"129979","seq":"26","text":"Alright, oh, okay, try that.","translate_comment":"","start":"66.26","dur":"1.92","is_scores":null,"created_at":"1522394643","updated_at":null},{"id":"27807840","caption_id":"129979","seq":"27","text":"Oh","translate_comment":"","start":"71.34","dur":"0.5","is_scores":null,"created_at":"1522394643","updated_at":null},{"id":"27807841","caption_id":"129979","seq":"28","text":"That's okay, don't worry about it.","translate_comment":"","start":"74.1","dur":"2.04","is_scores":null,"created_at":"1522394643","updated_at":null},{"id":"27807842","caption_id":"129979","seq":"29","text":"I don't know what to do.","translate_comment":"","start":"76.9","dur":"1.28","is_scores":null,"created_at":"1522394643","updated_at":null},{"id":"27807843","caption_id":"129979","seq":"30","text":"Oh, you have an idea?","translate_comment":"","start":"78.28","dur":"1.36","is_scores":null,"created_at":"1522394643","updated_at":null},{"id":"27807844","caption_id":"129979","seq":"31","text":"Oh! Okay...","translate_comment":"","start":"81.62","dur":"0.8","is_scores":null,"created_at":"1522394643","updated_at":null},{"id":"27807845","caption_id":"129979","seq":"32","text":"Yeah, alright.","translate_comment":"","start":"84.1","dur":"1.04","is_scores":null,"created_at":"1522394643","updated_at":null},{"id":"27807846","caption_id":"129979","seq":"33","text":"Okay, let me try that.","translate_comment":"","start":"87.22","dur":"1.44","is_scores":null,"created_at":"1522394643","updated_at":null},{"id":"27807847","caption_id":"129979","seq":"34","text":"Okay, go grab that.","translate_comment":"","start":"91.2","dur":"1.28","is_scores":null,"created_at":"1522394643","updated_at":null},{"id":"27807848","caption_id":"129979","seq":"35","text":"(laughter)","translate_comment":"","start":"93.7","dur":"0.8","is_scores":null,"created_at":"1522394643","updated_at":null},{"id":"27807849","caption_id":"129979","seq":"36","text":"(lightsaber sounds)","translate_comment":"","start":"96.38","dur":"1.44","is_scores":null,"created_at":"1522394643","updated_at":null},{"id":"27807850","caption_id":"129979","seq":"37","text":"Move out of the way.","translate_comment":"","start":"101.1","dur":"1.28","is_scores":null,"created_at":"1522394643","updated_at":null},{"id":"27807851","caption_id":"129979","seq":"38","text":"Let's see if I can do this.","translate_comment":"","start":"104.52","dur":"1.68","is_scores":null,"created_at":"1522394643","updated_at":null},{"id":"27807852","caption_id":"129979","seq":"39","text":"(lightsaber sounds)","translate_comment":"","start":"108.02","dur":"1.44","is_scores":null,"created_at":"1522394643","updated_at":null},{"id":"27807853","caption_id":"129979","seq":"40","text":"There we go!","translate_comment":"","start":"117.78","dur":"0.8","is_scores":null,"created_at":"1522394643","updated_at":null},{"id":"27807854","caption_id":"129979","seq":"41","text":"Okay, let me move this out of the way.","translate_comment":"","start":"119.42","dur":"2.24","is_scores":null,"created_at":"1522394643","updated_at":null},{"id":"27807855","caption_id":"129979","seq":"42","text":"(laughter) (clapping)","translate_comment":"","start":"122.1","dur":"1.3","is_scores":null,"created_at":"1522394643","updated_at":null},{"id":"27807856","caption_id":"129979","seq":"43","text":"Move that there.","translate_comment":"","start":"124.08","dur":"1.12","is_scores":null,"created_at":"1522394643","updated_at":null},{"id":"27807857","caption_id":"129979","seq":"44","text":"There we go, I think that worked.","translate_comment":"","start":"126.32","dur":"2.16","is_scores":null,"created_at":"1522394643","updated_at":null},{"id":"27807858","caption_id":"129979","seq":"45","text":"Thanks for helping.","translate_comment":"","start":"129.56","dur":"1.36","is_scores":null,"created_at":"1522394643","updated_at":null},{"id":"27807859","caption_id":"129979","seq":"46","text":"Oh, oh. Yeah, okay...","translate_comment":"","start":"130.96","dur":"1.44","is_scores":null,"created_at":"1522394643","updated_at":null},{"id":"27807860","caption_id":"129979","seq":"47","text":"Oh, uh...","translate_comment":"","start":"133.1","dur":"0.64","is_scores":null,"created_at":"1522394643","updated_at":null},{"id":"27807861","caption_id":"129979","seq":"48","text":"Sorry, I thought you...","translate_comment":"","start":"134.06","dur":"0.66","is_scores":null,"created_at":"1522394643","updated_at":null},{"id":"27807862","caption_id":"129979","seq":"49","text":"Okay.","translate_comment":"","start":"135.12","dur":"0.5","is_scores":null,"created_at":"1522394643","updated_at":null},{"id":"27807863","caption_id":"129979","seq":"50","text":"Sorry","translate_comment":"","start":"136.92","dur":"0.5","is_scores":null,"created_at":"1522394643","updated_at":null},{"id":"27807864","caption_id":"129979","seq":"51","text":"Oh, wait a sec...","translate_comment":"","start":"139.32","dur":"1.12","is_scores":null,"created_at":"1522394643","updated_at":null},{"id":"27807865","caption_id":"129979","seq":"52","text":"I think the lightsaber was too hot.","translate_comment":"","start":"141.54","dur":"1.62","is_scores":null,"created_at":"1522394643","updated_at":null},{"id":"27807866","caption_id":"129979","seq":"53","text":"Uh-Oh.","translate_comment":"","start":"144.18","dur":"0.86","is_scores":null,"created_at":"1522394643","updated_at":null},{"id":"27807867","caption_id":"129979","seq":"54","text":"(blowing)","translate_comment":"","start":"145.96","dur":"0.72","is_scores":null,"created_at":"1522394643","updated_at":null},{"id":"27807868","caption_id":"129979","seq":"55","text":"Uh-Oh.","translate_comment":"","start":"147.12","dur":"0.98","is_scores":null,"created_at":"1522394643","updated_at":null},{"id":"27807869","caption_id":"129979","seq":"56","text":"Ah! It's catching on fire! (laughter)","translate_comment":"","start":"149.04","dur":"2.56","is_scores":null,"created_at":"1522394643","updated_at":null},{"id":"27807870","caption_id":"129979","seq":"57","text":"There we go! Finally got rid of it.","translate_comment":"","start":"154.02","dur":"2.24","is_scores":null,"created_at":"1522394643","updated_at":null},{"id":"27807871","caption_id":"129979","seq":"58","text":"Alright, thank you very much.","translate_comment":"","start":"157.14","dur":"2.68","is_scores":null,"created_at":"1522394643","updated_at":null},{"id":"27807872","caption_id":"129979","seq":"59","text":"(cheering)","translate_comment":"","start":"160.26","dur":"0.8","is_scores":null,"created_at":"1522394643","updated_at":null}],"zh-Hant":[{"id":"27817679","caption_id":"129981","seq":"1","text":"\u7528\u9019\u908a\u9019\u500b X \u4f86 ...","translate_comment":"","start":"0.52","dur":"2.48","is_scores":null,"created_at":"1522395876","updated_at":null},{"id":"27817680","caption_id":"129981","seq":"2","text":"\u5662","translate_comment":"","start":"3.36","dur":"0.6","is_scores":null,"created_at":"1522395876","updated_at":null},{"id":"27817681","caption_id":"129981","seq":"3","text":"\u5929\u554a\uff0c\u6211\u756b\u4e0a\u53bb\u4e86","translate_comment":"","start":"4.1","dur":"1.48","is_scores":null,"created_at":"1522395876","updated_at":null},{"id":"27817682","caption_id":"129981","seq":"4","text":"\u7b49\u7b49","translate_comment":"","start":"5.88","dur":"0.56","is_scores":null,"created_at":"1522395876","updated_at":null},{"id":"27817683","caption_id":"129981","seq":"5","text":"\u4f60\u77e5\u9053\u55ce\uff1f","translate_comment":"","start":"9.16","dur":"0.68","is_scores":null,"created_at":"1522395876","updated_at":null},{"id":"27817684","caption_id":"129981","seq":"6","text":"\u6211\u8981\u641c\u5c0b\u4e00\u4e0b\u89e3\u6c7a\u65b9\u6cd5","translate_comment":"","start":"10.2","dur":"2.96","is_scores":null,"created_at":"1522395876","updated_at":null},{"id":"27817685","caption_id":"129981","seq":"7","text":"\u6211\u770b\u770b\u5594\uff0c\u300c\u5f71\u7247 \u6578\u5b78...\u300d","translate_comment":"","start":"13.18","dur":"1.68","is_scores":null,"created_at":"1522395876","updated_at":null},{"id":"27817686","caption_id":"129981","seq":"8","text":"Blinzia\uff1a(\u5c0f\u8072\u8aaa) \u4f60\u5728\u8b8a\u6232\u6cd5","translate_comment":"","start":"14.86","dur":"2.04","is_scores":null,"created_at":"1522395876","updated_at":null},{"id":"27817687","caption_id":"129981","seq":"9","text":"\u4e5f\u8a31\u9019\u500b\u4eba\u53ef\u4ee5\u5e6b\u5230\u6211","translate_comment":"","start":"16.9","dur":"1","is_scores":null,"created_at":"1522395876","updated_at":null},{"id":"27817688","caption_id":"129981","seq":"10","text":"\u597d\u3002\u563f\uff01","translate_comment":"","start":"19.58","dur":"1.12","is_scores":null,"created_at":"1522395876","updated_at":null},{"id":"27817689","caption_id":"129981","seq":"11","text":"\u6b38\uff0c\u4f60\uff01\u563f\u3001\u563f\uff01","translate_comment":"","start":"21.66","dur":"1.28","is_scores":null,"created_at":"1522395876","updated_at":null},{"id":"27817690","caption_id":"129981","seq":"12","text":"\u4f60\u5e6b\u5f97\u4e86\u6211\u55ce\uff1f\u6211\u4e0d\u5c0f\u5fc3\u756b\u5230\u87a2\u5e55\u9019\u88e1\u4e86","translate_comment":"","start":"23.02","dur":"3.48","is_scores":null,"created_at":"1522395876","updated_at":null},{"id":"27817691","caption_id":"129981","seq":"13","text":"\u6211\u4e0d\u77e5\u9053\u8a72\u600e\u9ebc\u8fa6","translate_comment":"","start":"28.1","dur":"1.52","is_scores":null,"created_at":"1522395876","updated_at":null},{"id":"27817692","caption_id":"129981","seq":"14","text":"\u5b78\u751f\uff1a\u5929\u554a\u3002\u4ec0\u9ebc\uff1f\uff01","translate_comment":"","start":"29.68","dur":"2.08","is_scores":null,"created_at":"1522395876","updated_at":null},{"id":"27817693","caption_id":"129981","seq":"15","text":"\u8001\u5e2b\uff1a\u4e0d\u5c0d\uff0c\u518d\u4e0b\u53bb\u4e00\u9ede\u9ede","translate_comment":"","start":"31.76","dur":"1.7","is_scores":null,"created_at":"1522395876","updated_at":null},{"id":"27817694","caption_id":"129981","seq":"16","text":"\u5c31\u90a3\u908a","translate_comment":"","start":"33.72","dur":"0.88","is_scores":null,"created_at":"1522395876","updated_at":null},{"id":"27817695","caption_id":"129981","seq":"17","text":"\u5c0d\uff0c\u6c92\u932f","translate_comment":"","start":"36.32","dur":"1.28","is_scores":null,"created_at":"1522395876","updated_at":null},{"id":"27817696","caption_id":"129981","seq":"18","text":"\u6c92\u7528\u554a","translate_comment":"","start":"38.8","dur":"1.6","is_scores":null,"created_at":"1522395876","updated_at":null},{"id":"27817697","caption_id":"129981","seq":"19","text":"\u66f4\u7cdf\u4e86","translate_comment":"","start":"43.84","dur":"1.6","is_scores":null,"created_at":"1522395876","updated_at":null},{"id":"27817698","caption_id":"129981","seq":"20","text":"\u55ef...\u6211\u4e0d\u78ba\u5b9a\u8a72\u600e\u9ebc\u505a","translate_comment":"","start":"47.26","dur":"1.82","is_scores":null,"created_at":"1522395876","updated_at":null},{"id":"27817699","caption_id":"129981","seq":"21","text":"\u90a3\u4ec0\u9ebc\uff1f\uff01\u5594\uff01","translate_comment":"","start":"50.8","dur":"1.64","is_scores":null,"created_at":"1522395876","updated_at":null},{"id":"27817700","caption_id":"129981","seq":"22","text":"(\u7b11\u8072) Ok\uff0c\u597d...","translate_comment":"","start":"53.7","dur":"1.92","is_scores":null,"created_at":"1522395876","updated_at":null},{"id":"27817701","caption_id":"129981","seq":"23","text":"\u9019\u53ea\u662f\u5728\u628a\u8c93\u5f04\u9ad2","translate_comment":"","start":"56.22","dur":"2.32","is_scores":null,"created_at":"1522395876","updated_at":null},{"id":"27817702","caption_id":"129981","seq":"24","text":"\u6c92\u6709\u7528\uff01","translate_comment":"","start":"58.9","dur":"1.36","is_scores":null,"created_at":"1522395876","updated_at":null},{"id":"27817703","caption_id":"129981","seq":"25","text":"(\u78b0\u649e\u8072} (\u7b11\u8072)","translate_comment":"","start":"61.78","dur":"2","is_scores":null,"created_at":"1522395876","updated_at":null},{"id":"27817704","caption_id":"129981","seq":"26","text":"\u5594\u597d\uff0c\u8a66\u8a66\u770b\u90a3\u500b","translate_comment":"","start":"66.26","dur":"1.92","is_scores":null,"created_at":"1522395876","updated_at":null},{"id":"27817705","caption_id":"129981","seq":"27","text":"\u5594","translate_comment":"","start":"71.34","dur":"0.5","is_scores":null,"created_at":"1522395876","updated_at":null},{"id":"27817706","caption_id":"129981","seq":"28","text":"\u6c92\u95dc\u4fc2\uff0c\u5225\u64d4\u5fc3","translate_comment":"","start":"74.1","dur":"2.04","is_scores":null,"created_at":"1522395876","updated_at":null},{"id":"27817707","caption_id":"129981","seq":"29","text":"\u6211\u4e0d\u77e5\u9053\u8a72\u600e\u9ebc\u8fa6","translate_comment":"","start":"76.9","dur":"1.28","is_scores":null,"created_at":"1522395876","updated_at":null},{"id":"27817708","caption_id":"129981","seq":"30","text":"\u5594\uff0c\u4f60\u6709\u500b\u9ede\u5b50\u55ce\uff1f","translate_comment":"","start":"78.28","dur":"1.36","is_scores":null,"created_at":"1522395876","updated_at":null},{"id":"27817709","caption_id":"129981","seq":"31","text":"\u5594\uff0cok...","translate_comment":"","start":"81.62","dur":"0.8","is_scores":null,"created_at":"1522395876","updated_at":null},{"id":"27817710","caption_id":"129981","seq":"32","text":"\u55ef\uff0c\u597d","translate_comment":"","start":"84.1","dur":"1.04","is_scores":null,"created_at":"1522395876","updated_at":null},{"id":"27817711","caption_id":"129981","seq":"33","text":"\u597d\uff0c\u8b93\u6211\u8a66\u8a66\u770b","translate_comment":"","start":"87.22","dur":"1.44","is_scores":null,"created_at":"1522395876","updated_at":null},{"id":"27817712","caption_id":"129981","seq":"34","text":"\u597d\uff0c\u62ff\u904e\u4f86","translate_comment":"","start":"91.2","dur":"1.28","is_scores":null,"created_at":"1522395876","updated_at":null},{"id":"27817713","caption_id":"129981","seq":"35","text":"(\u7b11\u8072)","translate_comment":"","start":"93.7","dur":"0.8","is_scores":null,"created_at":"1522395876","updated_at":null},{"id":"27817714","caption_id":"129981","seq":"36","text":"(\u5149\u528d\u8072)","translate_comment":"","start":"96.38","dur":"1.44","is_scores":null,"created_at":"1522395876","updated_at":null},{"id":"27817715","caption_id":"129981","seq":"37","text":"\u5225\u64cb\u8def","translate_comment":"","start":"101.1","dur":"1.28","is_scores":null,"created_at":"1522395876","updated_at":null},{"id":"27817716","caption_id":"129981","seq":"38","text":"\u770b\u770b\u6211\u80fd\u5426\u505a\u5f97\u5230","translate_comment":"","start":"104.52","dur":"1.68","is_scores":null,"created_at":"1522395876","updated_at":null},{"id":"27817717","caption_id":"129981","seq":"39","text":"(\u5149\u528d\u8072)","translate_comment":"","start":"108.02","dur":"1.44","is_scores":null,"created_at":"1522395876","updated_at":null},{"id":"27817718","caption_id":"129981","seq":"40","text":"\u5b8c\u6210\u4e86\uff01","translate_comment":"","start":"117.78","dur":"0.8","is_scores":null,"created_at":"1522395876","updated_at":null},{"id":"27817719","caption_id":"129981","seq":"41","text":"\u597d\uff0c\u6211\u4f86\u628a\u9019\u500b\u79fb\u958b","translate_comment":"","start":"119.42","dur":"2.24","is_scores":null,"created_at":"1522395876","updated_at":null},{"id":"27817720","caption_id":"129981","seq":"42","text":"(\u7b11\u8072) (\u638c\u8072)","translate_comment":"","start":"122.1","dur":"1.3","is_scores":null,"created_at":"1522395876","updated_at":null},{"id":"27817721","caption_id":"129981","seq":"43","text":"\u79fb\u904e\u4f86","translate_comment":"","start":"124.08","dur":"1.12","is_scores":null,"created_at":"1522395876","updated_at":null},{"id":"27817722","caption_id":"129981","seq":"44","text":"\u597d\uff0c\u6211\u89ba\u5f97\u6709\u7528","translate_comment":"","start":"126.32","dur":"2.16","is_scores":null,"created_at":"1522395876","updated_at":null},{"id":"27817723","caption_id":"129981","seq":"45","text":"\u8b1d\u8b1d\u4f60\u7684\u5e6b\u5fd9","translate_comment":"","start":"129.56","dur":"1.36","is_scores":null,"created_at":"1522395876","updated_at":null},{"id":"27817724","caption_id":"129981","seq":"46","text":"\u5594\uff0c\u597d\uff0cokay...","translate_comment":"","start":"130.96","dur":"1.44","is_scores":null,"created_at":"1522395876","updated_at":null},{"id":"27817725","caption_id":"129981","seq":"47","text":"\u5594\uff0c\u5443","translate_comment":"","start":"133.1","dur":"0.64","is_scores":null,"created_at":"1522395876","updated_at":null},{"id":"27817726","caption_id":"129981","seq":"48","text":"\u62b1\u6b49\uff0c\u6211\u4ee5\u70ba\u4f60...","translate_comment":"","start":"134.06","dur":"0.66","is_scores":null,"created_at":"1522395876","updated_at":null},{"id":"27817727","caption_id":"129981","seq":"49","text":"\u597d","translate_comment":"","start":"135.12","dur":"0.5","is_scores":null,"created_at":"1522395876","updated_at":null},{"id":"27817728","caption_id":"129981","seq":"50","text":"\u62b1\u6b49","translate_comment":"","start":"136.92","dur":"0.5","is_scores":null,"created_at":"1522395876","updated_at":null},{"id":"27817729","caption_id":"129981","seq":"51","text":"\u5594\uff0c\u7b49...","translate_comment":"","start":"139.32","dur":"1.12","is_scores":null,"created_at":"1522395876","updated_at":null},{"id":"27817730","caption_id":"129981","seq":"52","text":"\u5149\u528d\u592a\u71b1\u4e86","translate_comment":"","start":"141.54","dur":"1.62","is_scores":null,"created_at":"1522395876","updated_at":null},{"id":"27817731","caption_id":"129981","seq":"53","text":"\u5594\u4e0d","translate_comment":"","start":"144.18","dur":"0.86","is_scores":null,"created_at":"1522395876","updated_at":null},{"id":"27817732","caption_id":"129981","seq":"54","text":"(\u5439\u6c23)","translate_comment":"","start":"145.96","dur":"0.72","is_scores":null,"created_at":"1522395876","updated_at":null},{"id":"27817733","caption_id":"129981","seq":"55","text":"(\u5594\u4e0d)","translate_comment":"","start":"147.12","dur":"0.98","is_scores":null,"created_at":"1522395876","updated_at":null},{"id":"27817734","caption_id":"129981","seq":"56","text":"\u554a\uff01\u8457\u706b\u4e86\uff01(\u7b11\u8072)","translate_comment":"","start":"149.04","dur":"2.56","is_scores":null,"created_at":"1522395876","updated_at":null},{"id":"27817735","caption_id":"129981","seq":"57","text":"\u592a\u597d\u4e86\uff01\u7d42\u65bc\u5f04\u6389\u4e86\uff01","translate_comment":"","start":"154.02","dur":"2.24","is_scores":null,"created_at":"1522395876","updated_at":null},{"id":"27817736","caption_id":"129981","seq":"58","text":"\u597d\uff0c\u975e\u5e38\u611f\u8b1d\u4f60","translate_comment":"","start":"157.14","dur":"2.68","is_scores":null,"created_at":"1522395876","updated_at":null},{"id":"27817737","caption_id":"129981","seq":"59","text":"(\u6b61\u547c\u8072)","translate_comment":"","start":"160.26","dur":"0.8","is_scores":null,"created_at":"1522395876","updated_at":null}]}