{"en":[{"id":"26000371","caption_id":"123223","seq":"1","text":"This is a song sung by a brown thrasher.","translate_comment":"","start":"10.241","dur":"3.462","is_scores":null,"created_at":"1520003055","updated_at":null},{"id":"26000372","caption_id":"123223","seq":"2","text":"But that's just one of the thousand  or more that it knows,","translate_comment":"","start":"13.703","dur":"4.061","is_scores":null,"created_at":"1520003055","updated_at":null},{"id":"26000373","caption_id":"123223","seq":"3","text":"and it's not the only avian virtuoso.","translate_comment":"","start":"17.764","dur":"3.141","is_scores":null,"created_at":"1520003055","updated_at":null},{"id":"26000374","caption_id":"123223","seq":"4","text":"A wood thrush can sing  two pitches at once.","translate_comment":"","start":"20.905","dur":"5.377","is_scores":null,"created_at":"1520003055","updated_at":null},{"id":"26000375","caption_id":"123223","seq":"5","text":"A mockingbird can match the sounds  around it, including car alarms.","translate_comment":"","start":"26.282","dur":"6.014","is_scores":null,"created_at":"1520003055","updated_at":null},{"id":"26000376","caption_id":"123223","seq":"6","text":"And the Australian superb lyrebird","translate_comment":"","start":"32.296","dur":"2.899","is_scores":null,"created_at":"1520003055","updated_at":null},{"id":"26000377","caption_id":"123223","seq":"7","text":"has an incredible, elaborate song  and dance ritual.","translate_comment":"","start":"35.195","dur":"6.549","is_scores":null,"created_at":"1520003055","updated_at":null},{"id":"26000378","caption_id":"123223","seq":"8","text":"These are just a few of  the 4,000 species of songbirds.","translate_comment":"","start":"41.744","dur":"4.78","is_scores":null,"created_at":"1520003055","updated_at":null},{"id":"26000379","caption_id":"123223","seq":"9","text":"Most birds produce short, simple calls,","translate_comment":"","start":"46.524","dur":"3.82","is_scores":null,"created_at":"1520003055","updated_at":null},{"id":"26000380","caption_id":"123223","seq":"10","text":"but songbirds also have  a repertoire of complex vocal patterns","translate_comment":"","start":"50.344","dur":"4.321","is_scores":null,"created_at":"1520003055","updated_at":null},{"id":"26000381","caption_id":"123223","seq":"11","text":"that help them attract mates,","translate_comment":"","start":"54.665","dur":"1.67","is_scores":null,"created_at":"1520003055","updated_at":null},{"id":"26000382","caption_id":"123223","seq":"12","text":"defend territory,","translate_comment":"","start":"56.335","dur":"1.34","is_scores":null,"created_at":"1520003055","updated_at":null},{"id":"26000383","caption_id":"123223","seq":"13","text":"and strengthen their social bonds.","translate_comment":"","start":"57.675","dur":"2.978","is_scores":null,"created_at":"1520003055","updated_at":null},{"id":"26000384","caption_id":"123223","seq":"14","text":"Each songbird species  has its own distinct song patterns,","translate_comment":"","start":"60.653","dur":"4.071","is_scores":null,"created_at":"1520003055","updated_at":null},{"id":"26000385","caption_id":"123223","seq":"15","text":"some with characteristic  regional dialects.","translate_comment":"","start":"64.724","dur":"4.126","is_scores":null,"created_at":"1520003055","updated_at":null},{"id":"26000386","caption_id":"123223","seq":"16","text":"Experienced listeners can even distinguish individual birds by their unique songs.","translate_comment":"","start":"68.85","dur":"5.674","is_scores":null,"created_at":"1520003055","updated_at":null},{"id":"26000387","caption_id":"123223","seq":"17","text":"So how do birds learn these songs  in the first place?","translate_comment":"","start":"74.524","dur":"3.628","is_scores":null,"created_at":"1520003055","updated_at":null},{"id":"26000388","caption_id":"123223","seq":"18","text":"How do they know to mimic the songs  of their own species?","translate_comment":"","start":"78.152","dur":"3.778","is_scores":null,"created_at":"1520003055","updated_at":null},{"id":"26000389","caption_id":"123223","seq":"19","text":"Are they born knowing how to sing?","translate_comment":"","start":"81.93","dur":"3.83","is_scores":null,"created_at":"1520003055","updated_at":null},{"id":"26000390","caption_id":"123223","seq":"20","text":"A lot of what scientists know about bird song comes from studying zebra finches.","translate_comment":"","start":"85.76","dur":"4.883","is_scores":null,"created_at":"1520003055","updated_at":null},{"id":"26000391","caption_id":"123223","seq":"21","text":"A baby male zebra finch typically learns  to sing from its father or other males,","translate_comment":"","start":"90.643","dur":"5.499","is_scores":null,"created_at":"1520003055","updated_at":null},{"id":"26000392","caption_id":"123223","seq":"22","text":"starting while it's still  a fledgling in the nest.","translate_comment":"","start":"96.142","dur":"4.393","is_scores":null,"created_at":"1520003055","updated_at":null},{"id":"26000393","caption_id":"123223","seq":"23","text":"First comes a sensory learning phase,","translate_comment":"","start":"100.535","dur":"2.629","is_scores":null,"created_at":"1520003055","updated_at":null},{"id":"26000394","caption_id":"123223","seq":"24","text":"when the baby finch hears the songs sung around it and commits them to memory.","translate_comment":"","start":"103.165","dur":"5.39","is_scores":null,"created_at":"1520003055","updated_at":null},{"id":"26000395","caption_id":"123223","seq":"25","text":"The bird starts to vocalize  during the motor learning phase,","translate_comment":"","start":"108.555","dur":"3.968","is_scores":null,"created_at":"1520003055","updated_at":null},{"id":"26000396","caption_id":"123223","seq":"26","text":"practicing until it can  match the song it memorized.","translate_comment":"","start":"112.523","dur":"3.266","is_scores":null,"created_at":"1520003055","updated_at":null},{"id":"26000397","caption_id":"123223","seq":"27","text":"As the bird learns, hearing  the tutor's song over and over again","translate_comment":"","start":"115.789","dur":"4.026","is_scores":null,"created_at":"1520003055","updated_at":null},{"id":"26000398","caption_id":"123223","seq":"28","text":"is helpful\u2014 up to a point.","translate_comment":"","start":"119.815","dur":"2.067","is_scores":null,"created_at":"1520003055","updated_at":null},{"id":"26000399","caption_id":"123223","seq":"29","text":"If he hears it too many times, the imitation degrades\u2014","translate_comment":"","start":"121.882","dur":"4.668","is_scores":null,"created_at":"1520003055","updated_at":null},{"id":"26000400","caption_id":"123223","seq":"30","text":"and the source matters.","translate_comment":"","start":"126.55","dur":"1.125","is_scores":null,"created_at":"1520003055","updated_at":null},{"id":"26000401","caption_id":"123223","seq":"31","text":"If the song is played  through a loudspeaker,","translate_comment":"","start":"127.675","dur":"2.196","is_scores":null,"created_at":"1520003055","updated_at":null},{"id":"26000402","caption_id":"123223","seq":"32","text":"he can't pick it up as easily.","translate_comment":"","start":"129.871","dur":"2.519","is_scores":null,"created_at":"1520003055","updated_at":null},{"id":"26000403","caption_id":"123223","seq":"33","text":"But hide the same loudspeaker inside  a toy painted to look like a zebra finch,","translate_comment":"","start":"132.39","dur":"4.551","is_scores":null,"created_at":"1520003055","updated_at":null},{"id":"26000404","caption_id":"123223","seq":"34","text":"and his learning improves.","translate_comment":"","start":"136.942","dur":"2.433","is_scores":null,"created_at":"1520003055","updated_at":null},{"id":"26000405","caption_id":"123223","seq":"35","text":"What if the baby never hears another  zebra finch's song?","translate_comment":"","start":"139.375","dur":"4.125","is_scores":null,"created_at":"1520003055","updated_at":null},{"id":"26000406","caption_id":"123223","seq":"36","text":"Interestingly enough, it'll sing anyway.","translate_comment":"","start":"143.5","dur":"3.644","is_scores":null,"created_at":"1520003055","updated_at":null},{"id":"26000407","caption_id":"123223","seq":"37","text":"Isolated finches still produce  what are called innate or isolate songs.","translate_comment":"","start":"147.144","dur":"5.03","is_scores":null,"created_at":"1520003055","updated_at":null},{"id":"26000408","caption_id":"123223","seq":"38","text":"A specific tune might be taught,","translate_comment":"","start":"152.174","dur":"2.192","is_scores":null,"created_at":"1520003055","updated_at":null},{"id":"26000409","caption_id":"123223","seq":"39","text":"but the instinct to sing seems to be hardwired into a songbird\u2019s brain.","translate_comment":"","start":"154.366","dur":"5.158","is_scores":null,"created_at":"1520003055","updated_at":null},{"id":"26000410","caption_id":"123223","seq":"40","text":"Innate songs sound different from the \u201ccultured\u201d songs","translate_comment":"","start":"159.524","dur":"3.429","is_scores":null,"created_at":"1520003055","updated_at":null},{"id":"26000411","caption_id":"123223","seq":"41","text":"learned from other finches\u2014at first.","translate_comment":"","start":"162.953","dur":"3.687","is_scores":null,"created_at":"1520003055","updated_at":null},{"id":"26000412","caption_id":"123223","seq":"42","text":"If isolated zebra finches  start a new colony,","translate_comment":"","start":"166.64","dur":"2.074","is_scores":null,"created_at":"1520003055","updated_at":null},{"id":"26000413","caption_id":"123223","seq":"43","text":"the young birds pick up  the isolate song from their parents.","translate_comment":"","start":"168.714","dur":"3.441","is_scores":null,"created_at":"1520003055","updated_at":null},{"id":"26000414","caption_id":"123223","seq":"44","text":"But the song changes  from generation to generation.","translate_comment":"","start":"172.155","dur":"3.675","is_scores":null,"created_at":"1520003055","updated_at":null},{"id":"26000415","caption_id":"123223","seq":"45","text":"And after a few iterations,","translate_comment":"","start":"175.83","dur":"1.484","is_scores":null,"created_at":"1520003055","updated_at":null},{"id":"26000416","caption_id":"123223","seq":"46","text":"the melody actually starts to resemble","translate_comment":"","start":"177.314","dur":"2.354","is_scores":null,"created_at":"1520003055","updated_at":null},{"id":"26000417","caption_id":"123223","seq":"47","text":"the cultured songs sung  by zebra finches in the wild.","translate_comment":"","start":"179.668","dur":"4.147","is_scores":null,"created_at":"1520003055","updated_at":null},{"id":"26000418","caption_id":"123223","seq":"48","text":"Something about the learning process  must be hardwired, too,","translate_comment":"","start":"183.815","dur":"3.668","is_scores":null,"created_at":"1520003055","updated_at":null},{"id":"26000419","caption_id":"123223","seq":"49","text":"drawing the birds towards the same song patterns again and again.","translate_comment":"","start":"187.483","dur":"4.45","is_scores":null,"created_at":"1520003055","updated_at":null},{"id":"26000420","caption_id":"123223","seq":"50","text":"This means that basic information  about the zebra finch song","translate_comment":"","start":"191.933","dur":"3.551","is_scores":null,"created_at":"1520003055","updated_at":null},{"id":"26000421","caption_id":"123223","seq":"51","text":"must be stored somewhere  in its genome,","translate_comment":"","start":"195.485","dur":"2.889","is_scores":null,"created_at":"1520003055","updated_at":null},{"id":"26000422","caption_id":"123223","seq":"52","text":"imprinted there by millions  of years of evolution.","translate_comment":"","start":"198.374","dur":"3.411","is_scores":null,"created_at":"1520003055","updated_at":null},{"id":"26000423","caption_id":"123223","seq":"53","text":"At first, this might seem odd,","translate_comment":"","start":"201.785","dur":"1.849","is_scores":null,"created_at":"1520003055","updated_at":null},{"id":"26000424","caption_id":"123223","seq":"54","text":"as we usually think of genetic code as a source of biochemical or physical traits,","translate_comment":"","start":"203.634","dur":"5.53","is_scores":null,"created_at":"1520003055","updated_at":null},{"id":"26000425","caption_id":"123223","seq":"55","text":"not something like a behavior or action.","translate_comment":"","start":"209.164","dur":"2.68","is_scores":null,"created_at":"1520003055","updated_at":null},{"id":"26000426","caption_id":"123223","seq":"56","text":"But the two aren\u2019t  fundamentally different;","translate_comment":"","start":"211.844","dur":"2.501","is_scores":null,"created_at":"1520003055","updated_at":null},{"id":"26000427","caption_id":"123223","seq":"57","text":"we can connect genomes to behavior through brain circuitry.","translate_comment":"","start":"214.345","dur":"3.516","is_scores":null,"created_at":"1520003055","updated_at":null},{"id":"26000428","caption_id":"123223","seq":"58","text":"The connection is noisy and quite complex.","translate_comment":"","start":"217.861","dur":"2.782","is_scores":null,"created_at":"1520003055","updated_at":null},{"id":"26000429","caption_id":"123223","seq":"59","text":"It doesn\u2019t simply map single genes  to single behaviors, but it exists.","translate_comment":"","start":"220.643","dur":"5.721","is_scores":null,"created_at":"1520003055","updated_at":null},{"id":"26000430","caption_id":"123223","seq":"60","text":"Genomes contain codes for proteins  that guide brain development,","translate_comment":"","start":"226.364","dur":"3.989","is_scores":null,"created_at":"1520003055","updated_at":null},{"id":"26000431","caption_id":"123223","seq":"61","text":"such as molecules that guide the pathways of developing axons,","translate_comment":"","start":"230.353","dur":"4.182","is_scores":null,"created_at":"1520003055","updated_at":null},{"id":"26000432","caption_id":"123223","seq":"62","text":"shaping distinct circuits.","translate_comment":"","start":"234.535","dur":"2.129","is_scores":null,"created_at":"1520003055","updated_at":null},{"id":"26000433","caption_id":"123223","seq":"63","text":"Birds\u2019 brains  have so-called \u201csong circuits\u201d","translate_comment":"","start":"236.664","dur":"3.561","is_scores":null,"created_at":"1520003055","updated_at":null},{"id":"26000434","caption_id":"123223","seq":"64","text":"that are active when the birds sing.","translate_comment":"","start":"240.225","dur":"2.649","is_scores":null,"created_at":"1520003055","updated_at":null},{"id":"26000435","caption_id":"123223","seq":"65","text":"These circuits also respond to the song  of a bird\u2019s own species","translate_comment":"","start":"242.874","dur":"4.29","is_scores":null,"created_at":"1520003055","updated_at":null},{"id":"26000436","caption_id":"123223","seq":"66","text":"more strongly than to other species\u2019 songs.","translate_comment":"","start":"247.164","dur":"2.97","is_scores":null,"created_at":"1520003055","updated_at":null},{"id":"26000437","caption_id":"123223","seq":"67","text":"So the theory is that a bird\u2019s genes  guide development of brain circuits","translate_comment":"","start":"250.134","dur":"4.57","is_scores":null,"created_at":"1520003055","updated_at":null},{"id":"26000438","caption_id":"123223","seq":"68","text":"that relate to singing  and the ability to learn songs.","translate_comment":"","start":"254.705","dur":"3.68","is_scores":null,"created_at":"1520003055","updated_at":null},{"id":"26000439","caption_id":"123223","seq":"69","text":"Then, exposure to songs  shapes those neural circuits","translate_comment":"","start":"258.385","dur":"3.54","is_scores":null,"created_at":"1520003055","updated_at":null},{"id":"26000440","caption_id":"123223","seq":"70","text":"to produce the songs  that are typical to that species.","translate_comment":"","start":"261.925","dur":"4.379","is_scores":null,"created_at":"1520003055","updated_at":null},{"id":"26000441","caption_id":"123223","seq":"71","text":"Genetically encoded or innate behaviors  aren\u2019t unique to songbirds.","translate_comment":"","start":"266.304","dur":"4.3","is_scores":null,"created_at":"1520003055","updated_at":null},{"id":"26000442","caption_id":"123223","seq":"72","text":"They\u2019re widespread in the animal kingdom.","translate_comment":"","start":"270.604","dur":"2.678","is_scores":null,"created_at":"1520003055","updated_at":null},{"id":"26000443","caption_id":"123223","seq":"73","text":"Spectacular examples include","translate_comment":"","start":"273.283","dur":"1.711","is_scores":null,"created_at":"1520003055","updated_at":null},{"id":"26000444","caption_id":"123223","seq":"74","text":"the long-distance migrations  of monarch butterflies and salmon.","translate_comment":"","start":"274.994","dur":"4.79","is_scores":null,"created_at":"1520003055","updated_at":null},{"id":"26000445","caption_id":"123223","seq":"75","text":"So what does this mean for humans?","translate_comment":"","start":"279.784","dur":"2.1","is_scores":null,"created_at":"1520003055","updated_at":null},{"id":"26000446","caption_id":"123223","seq":"76","text":"Are we also born with innate  information written into our genomes","translate_comment":"","start":"281.884","dur":"3.788","is_scores":null,"created_at":"1520003055","updated_at":null},{"id":"26000447","caption_id":"123223","seq":"77","text":"that helps shape our neural circuits,","translate_comment":"","start":"285.672","dur":"2.443","is_scores":null,"created_at":"1520003055","updated_at":null},{"id":"26000448","caption_id":"123223","seq":"78","text":"and ultimately results  in something we know?","translate_comment":"","start":"288.115","dur":"3.47","is_scores":null,"created_at":"1520003055","updated_at":null},{"id":"26000449","caption_id":"123223","seq":"79","text":"Could there be some knowledge","translate_comment":"","start":"291.585","dur":"1.55","is_scores":null,"created_at":"1520003055","updated_at":null},{"id":"26000450","caption_id":"123223","seq":"80","text":"that is unique  and intrinsic to humans as a species?","translate_comment":"","start":"293.135","dur":"4.495","is_scores":null,"created_at":"1520003055","updated_at":null}],"zh-Hant":[{"id":"27176924","caption_id":"127084","seq":"1","text":"\u9019\u662f\u8910\u5f4e\u5634\u5632\u9d87\u7684\u6b4c\u8072","translate_comment":"","start":"10.241","dur":"3.462","is_scores":null,"created_at":"1522048724","updated_at":null},{"id":"27176925","caption_id":"127084","seq":"2","text":"\u4f46\u9019\u53ea\u662f\u7260\u6703\u5531\u7684\u5343\u7a2e\u6b4c\u8072\u4e2d\u7684\u5176\u4e2d\u4e00\u7a2e","translate_comment":"","start":"13.703","dur":"4.061","is_scores":null,"created_at":"1522048724","updated_at":null},{"id":"27176926","caption_id":"127084","seq":"3","text":"\u800c\u7260\u4e5f\u4e26\u975e\u552f\u4e00\u7684\u9ce5\u985e\u6b4c\u5531\u5bb6","translate_comment":"","start":"17.764","dur":"3.141","is_scores":null,"created_at":"1522048724","updated_at":null},{"id":"27176927","caption_id":"127084","seq":"4","text":"\u9ec3\u8910\u68d5\u9d87\u4e00\u6b21\u80fd\u5531\u51fa\u5169\u7a2e\u4e0d\u540c\u97f3\u9ad8","translate_comment":"","start":"20.905","dur":"5.377","is_scores":null,"created_at":"1522048724","updated_at":null},{"id":"27176928","caption_id":"127084","seq":"5","text":"\u5c0f\u5632\u9d87\u80fd\u6a21\u4eff\u7260\u5468\u906d\u7684\u8072\u97f3\uff0c\u5305\u62ec\u6c7d\u8eca\u8b66\u5831\u8072","translate_comment":"","start":"26.282","dur":"6.014","is_scores":null,"created_at":"1522048724","updated_at":null},{"id":"27176929","caption_id":"127084","seq":"6","text":"\u800c\u6fb3\u6d32\u83ef\u9e97\u7434\u9ce5","translate_comment":"","start":"32.296","dur":"2.899","is_scores":null,"created_at":"1522048724","updated_at":null},{"id":"27176930","caption_id":"127084","seq":"7","text":"\u5247\u64c1\u6709\u96e3\u4ee5\u7f6e\u4fe1\u7684\u7cbe\u7dfb\u6b4c\u8072\u548c\u821e\u8e48\u5100\u5f0f","translate_comment":"","start":"35.195","dur":"6.549","is_scores":null,"created_at":"1522048724","updated_at":null},{"id":"27176931","caption_id":"127084","seq":"8","text":"\u4e0a\u8ff0\u53ea\u662f 4000 \u7a2e\u9cf4\u79bd\u4e2d\u7684\u5176\u4e2d\u5e7e\u7a2e","translate_comment":"","start":"41.744","dur":"4.78","is_scores":null,"created_at":"1522048724","updated_at":null},{"id":"27176932","caption_id":"127084","seq":"9","text":"\u5927\u90e8\u5206\u7684\u9ce5\u985e\u80fd\u767c\u51fa\u7c21\u55ae\u7684\u77ed\u9cf4\u8072","translate_comment":"","start":"46.524","dur":"3.82","is_scores":null,"created_at":"1522048724","updated_at":null},{"id":"27176933","caption_id":"127084","seq":"10","text":"\u4f46\u9cf4\u79bd\u9664\u6b64\u4e4b\u5916\u9084\u5177\u6709\u767c\u51fa\u8907\u96dc\u8072\u97f3\u7684\u80fd\u529b","translate_comment":"","start":"50.344","dur":"4.321","is_scores":null,"created_at":"1522048724","updated_at":null},{"id":"27176934","caption_id":"127084","seq":"11","text":"\u9019\u80fd\u5e6b\u52a9\u4ed6\u5011\u5438\u5f15\u4f34\u4fb6","translate_comment":"","start":"54.665","dur":"1.67","is_scores":null,"created_at":"1522048724","updated_at":null},{"id":"27176935","caption_id":"127084","seq":"12","text":"\u4fdd\u8b77\u5730\u76e4","translate_comment":"","start":"56.335","dur":"1.34","is_scores":null,"created_at":"1522048724","updated_at":null},{"id":"27176936","caption_id":"127084","seq":"13","text":"\u4ee5\u53ca\u52a0\u5f37\u4ed6\u5011\u7684\u793e\u4ea4\u9023\u7d50","translate_comment":"","start":"57.675","dur":"2.978","is_scores":null,"created_at":"1522048724","updated_at":null},{"id":"27176937","caption_id":"127084","seq":"14","text":"\u6bcf\u7a2e\u9cf4\u79bd\u90fd\u6709\u4ed6\u5011\u7368\u7279\u7684\u6b4c\u5531\u6a21\u5f0f","translate_comment":"","start":"60.653","dur":"4.071","is_scores":null,"created_at":"1522048724","updated_at":null},{"id":"27176938","caption_id":"127084","seq":"15","text":"\u6709\u4e9b\u6b4c\u5531\u6a21\u5f0f\u5e36\u6709\u5730\u57df\u6027\u65b9\u8a00\u7684\u7279\u8272","translate_comment":"","start":"64.724","dur":"4.126","is_scores":null,"created_at":"1522048724","updated_at":null},{"id":"27176939","caption_id":"127084","seq":"16","text":"\u7d93\u9a57\u8c50\u5bcc\u7684\u807d\u8005\u751a\u81f3\u80fd\u4f9d\u7167\u7260\u5011\u7368\u7279\u7684\u6b4c\u8072\uff0c\u8fa8\u8a8d\u51fa\u7260\u5011\u662f\u54ea\u4e00\u7a2e\u9ce5\u985e","translate_comment":"","start":"68.85","dur":"5.674","is_scores":null,"created_at":"1522048724","updated_at":null},{"id":"27176940","caption_id":"127084","seq":"17","text":"\u90a3\u9ebc\u9ce5\u985e\u4e00\u958b\u59cb\u662f\u5982\u4f55\u5b78\u7fd2\u9019\u4e9b\u6b4c\u8072\u7684\u5462\uff1f","translate_comment":"","start":"74.524","dur":"3.628","is_scores":null,"created_at":"1522048724","updated_at":null},{"id":"27176941","caption_id":"127084","seq":"18","text":"\u7260\u5011\u600e\u9ebc\u77e5\u9053\u8981\u6a21\u4eff\u7260\u5011\u7a2e\u65cf\u7684\u6b4c\u8072\uff1f","translate_comment":"","start":"78.152","dur":"3.778","is_scores":null,"created_at":"1522048724","updated_at":null},{"id":"27176942","caption_id":"127084","seq":"19","text":"\u96e3\u9053\u7260\u5011\u5929\u751f\u5c31\u6703\u5531\u6b4c\u55ce\uff1f","translate_comment":"","start":"81.93","dur":"3.83","is_scores":null,"created_at":"1522048724","updated_at":null},{"id":"27176943","caption_id":"127084","seq":"20","text":"\u8a31\u591a\u79d1\u5b78\u5bb6\u6240\u77e5\u95dc\u65bc\u9ce5\u985e\u6b4c\u5531\u7684\u77e5\u8b58\uff0c\u90fd\u662f\u4f86\u81ea\u5c0d\u6591\u80f8\u8349\u96c0\u7684\u7814\u7a76","translate_comment":"","start":"85.76","dur":"4.883","is_scores":null,"created_at":"1522048724","updated_at":null},{"id":"27176944","caption_id":"127084","seq":"21","text":"\u96c4\u6027\u6591\u80f8\u8349\u96c0\u5bf6\u5bf6\u901a\u5e38\u5f9e\u7238\u7238\u6216\u5176\u4ed6\u516c\u9ce5\u8eab\u4e0a\u5b78\u7fd2\u5531\u6b4c","translate_comment":"","start":"90.643","dur":"5.499","is_scores":null,"created_at":"1522048724","updated_at":null},{"id":"27176945","caption_id":"127084","seq":"22","text":"\u7260\u5f9e\u9084\u662f\u5de2\u4e2d\u96db\u9ce5\u7684\u5e74\u7d00\uff0c\u5c31\u958b\u59cb\u5b78\u7fd2\u9019\u9805\u6280\u80fd\u4e86","translate_comment":"","start":"96.142","dur":"4.393","is_scores":null,"created_at":"1522048724","updated_at":null},{"id":"27176946","caption_id":"127084","seq":"23","text":"\u4e00\u958b\u59cb\u662f\u611f\u5b98\u5b78\u7fd2\u968e\u6bb5","translate_comment":"","start":"100.535","dur":"2.629","is_scores":null,"created_at":"1522048724","updated_at":null},{"id":"27176947","caption_id":"127084","seq":"24","text":"\u6591\u80f8\u8349\u96c0\u5bf6\u5bf6\u6703\u807d\u5468\u906d\u7684\u6b4c\u8072\uff0c\u4e26\u628a\u9019\u4e9b\u8072\u97f3\u8a18\u8d77\u4f86","translate_comment":"","start":"103.165","dur":"5.39","is_scores":null,"created_at":"1522048724","updated_at":null},{"id":"27176948","caption_id":"127084","seq":"25","text":"\u5728\u52d5\u4f5c\u5b78\u7fd2\u968e\u6bb5\uff0c\u6591\u80f8\u8349\u96c0\u5bf6\u5bf6\u6703\u8a66\u8457\u767c\u8072","translate_comment":"","start":"108.555","dur":"3.968","is_scores":null,"created_at":"1522048724","updated_at":null},{"id":"27176949","caption_id":"127084","seq":"26","text":"\u4e26\u4e0d\u65b7\u7df4\u7fd2\uff0c\u76f4\u5230\u7260\u7684\u767c\u8072\u548c\u8a18\u61b6\u4e2d\u7684\u8072\u97f3\u76f8\u7b26","translate_comment":"","start":"112.523","dur":"3.266","is_scores":null,"created_at":"1522048724","updated_at":null},{"id":"27176950","caption_id":"127084","seq":"27","text":"\u5c0d\u9ce5\u5152\u7684\u5b78\u7fd2\u800c\u8a00\uff0c\u4e0d\u65b7\u7684\u8046\u807d\u6307\u5c0e\u8005\u7684\u6b4c\u8072\u662f\u6709\u7528\u7684\u2014","translate_comment":"","start":"115.789","dur":"4.026","is_scores":null,"created_at":"1522048724","updated_at":null},{"id":"27176951","caption_id":"127084","seq":"28","text":"\u4f46\u6709\u500b\u9650\u5ea6","translate_comment":"","start":"119.815","dur":"2.067","is_scores":null,"created_at":"1522048724","updated_at":null},{"id":"27176952","caption_id":"127084","seq":"29","text":"\u5982\u679c\u7260\u807d\u592a\u591a\u6b21\uff0c\u6a21\u4eff\u80fd\u529b\u53cd\u800c\u6703\u964d\u4f4e\u2014","translate_comment":"","start":"121.882","dur":"4.668","is_scores":null,"created_at":"1522048724","updated_at":null},{"id":"27176953","caption_id":"127084","seq":"30","text":"\u5b78\u7fd2\u5c0d\u8c61\u7684\u6a23\u5b50\u4e5f\u6703\u5f71\u97ff\u6a21\u4eff\u80fd\u529b","translate_comment":"","start":"126.55","dur":"1.125","is_scores":null,"created_at":"1522048724","updated_at":null},{"id":"27176954","caption_id":"127084","seq":"31","text":"\u5982\u679c\u6b4c\u8072\u662f\u5f9e\u63da\u8072\u5668\u88e1\u50b3\u51fa","translate_comment":"","start":"127.675","dur":"2.196","is_scores":null,"created_at":"1522048724","updated_at":null},{"id":"27176955","caption_id":"127084","seq":"32","text":"\u7260\u5c31\u7121\u6cd5\u8f15\u6613\u5730\u5b78\u7fd2","translate_comment":"","start":"129.871","dur":"2.519","is_scores":null,"created_at":"1522048724","updated_at":null},{"id":"27176956","caption_id":"127084","seq":"33","text":"\u4f46\u5982\u679c\u628a\u63da\u8072\u5668\u85cf\u5728\u4e00\u500b\u6591\u80f8\u8349\u96c0\u9020\u578b\u7684\u73a9\u5177\u88e1","translate_comment":"","start":"132.39","dur":"4.551","is_scores":null,"created_at":"1522048724","updated_at":null},{"id":"27176957","caption_id":"127084","seq":"34","text":"\u7260\u7684\u5b78\u7fd2\u80fd\u529b\u5c31\u6703\u4e0a\u5347","translate_comment":"","start":"136.942","dur":"2.433","is_scores":null,"created_at":"1522048724","updated_at":null},{"id":"27176958","caption_id":"127084","seq":"35","text":"\u5982\u679c\u6591\u80f8\u8349\u96c0\u5bf6\u5bf6\u5f9e\u4f86\u6c92\u807d\u904e\u4efb\u4f55\u6591\u80f8\u8349\u96c0\u7684\u6b4c\u8072\u6703\u600e\u9ebc\u6a23\uff1f","translate_comment":"","start":"139.375","dur":"4.125","is_scores":null,"created_at":"1522048724","updated_at":null},{"id":"27176959","caption_id":"127084","seq":"36","text":"\u6709\u8da3\u7684\u662f\uff0c\u7260\u7121\u8ad6\u5982\u4f55\u9084\u662f\u6703\u5531\u6b4c","translate_comment":"","start":"143.5","dur":"3.644","is_scores":null,"created_at":"1522048724","updated_at":null},{"id":"27176960","caption_id":"127084","seq":"37","text":"\u8207\u7fa4\u9ad4\u5b64\u7acb\u7684\u6591\u80f8\u8349\u96c0\u4ecd\u6703\u5531\u6b4c\uff0c\u6211\u5011\u7a31\u6b64\u70ba\u672c\u80fd\u6b4c\u8072\u6216\u5b64\u7acb\u6b4c\u8072","translate_comment":"","start":"147.144","dur":"5.03","is_scores":null,"created_at":"1522048724","updated_at":null},{"id":"27176961","caption_id":"127084","seq":"38","text":"\u7279\u6b8a\u7684\u6b4c\u5531\u65cb\u5f8b\u662f\u88ab\u6559\u5c0e\u7684","translate_comment":"","start":"152.174","dur":"2.192","is_scores":null,"created_at":"1522048724","updated_at":null},{"id":"27176962","caption_id":"127084","seq":"39","text":"\u4f46\u672c\u80fd\u6b4c\u8072\u4f3c\u4e4e\u8207\u751f\u4ff1\u4f86\u5c31\u5728\u9cf4\u79bd\u7684\u5927\u8166\u88e1","translate_comment":"","start":"154.366","dur":"5.158","is_scores":null,"created_at":"1522048724","updated_at":null},{"id":"27176963","caption_id":"127084","seq":"40","text":"\u5728\u4e00\u958b\u59cb\uff0c\u672c\u80fd\u6b4c\u8072\u807d\u8d77\u4f86\u548c\u5f9e\u5176\u4ed6\u9cf4\u79bd\u90a3\u88e1","translate_comment":"","start":"159.524","dur":"3.429","is_scores":null,"created_at":"1522048724","updated_at":null},{"id":"27176964","caption_id":"127084","seq":"41","text":"\u5b78\u4f86\u7684\u300c\u793e\u6703\u5316\u300d\u6b4c\u8072\u4e0d\u540c","translate_comment":"","start":"162.953","dur":"3.687","is_scores":null,"created_at":"1522048724","updated_at":null},{"id":"27176965","caption_id":"127084","seq":"42","text":"\u4f46\u82e5\u8207\u7fa4\u9ad4\u5b64\u7acb\u7684\u6591\u80f8\u8349\u96c0\u767c\u5c55\u51fa\u4e00\u500b\u65b0\u7fa4\u9ad4","translate_comment":"","start":"166.64","dur":"2.074","is_scores":null,"created_at":"1522048724","updated_at":null},{"id":"27176966","caption_id":"127084","seq":"43","text":"\u5e7c\u9ce5\u5c07\u6703\u5f9e\u7236\u6bcd\u90a3\u5b78\u7fd2\u672c\u80fd\u6b4c\u8072","translate_comment":"","start":"168.714","dur":"3.441","is_scores":null,"created_at":"1522048724","updated_at":null},{"id":"27176967","caption_id":"127084","seq":"44","text":"\u4f46\u9019\u500b\u6b4c\u8072\u5728\u6bcf\u4e00\u4ee3\u90fd\u6703\u6539\u8b8a","translate_comment":"","start":"172.155","dur":"3.675","is_scores":null,"created_at":"1522048724","updated_at":null},{"id":"27176968","caption_id":"127084","seq":"45","text":"\u5728\u6578\u6b21\u7684\u8fed\u4ee3\u5f8c","translate_comment":"","start":"175.83","dur":"1.484","is_scores":null,"created_at":"1522048724","updated_at":null},{"id":"27176969","caption_id":"127084","seq":"46","text":"\u7260\u5011\u5531\u51fa\u4f86\u7684\u65cb\u5f8b\u5c31\u6703\u50cf","translate_comment":"","start":"177.314","dur":"2.354","is_scores":null,"created_at":"1522048724","updated_at":null},{"id":"27176970","caption_id":"127084","seq":"47","text":"\u91ce\u751f\u6591\u80f8\u8349\u96c0\u6240\u5531\u7684\u793e\u6703\u5316\u6b4c\u8072\u4e00\u6a23","translate_comment":"","start":"179.668","dur":"4.147","is_scores":null,"created_at":"1522048724","updated_at":null},{"id":"27176971","caption_id":"127084","seq":"48","text":"\u770b\u4f86\uff0c\u5728\u6591\u80f8\u8349\u96c0\u5b78\u7fd2\u6b4c\u8072\u7684\u904e\u7a0b\u4e2d\uff0c\u6709\u4e9b\u6a5f\u5236\u662f\u8207\u751f\u4ff1\u4f86\u7684","translate_comment":"","start":"183.815","dur":"3.668","is_scores":null,"created_at":"1522048724","updated_at":null},{"id":"27176972","caption_id":"127084","seq":"49","text":"\u5b83\u6703\u4e0d\u65b7\u7684\u8b93\u9ce5\u5152\u6f38\u6f38\u671d\u8457\u76f8\u540c\u7684\u6b4c\u5531\u6a23\u5f0f\u767c\u5c55","translate_comment":"","start":"187.483","dur":"4.45","is_scores":null,"created_at":"1522048724","updated_at":null},{"id":"27176973","caption_id":"127084","seq":"50","text":"\u9019\u8aaa\u660e\u4e86\u6591\u80f8\u8349\u96c0\u6b4c\u8072\u7684\u57fa\u672c\u8a0a\u606f","translate_comment":"","start":"191.933","dur":"3.551","is_scores":null,"created_at":"1522048724","updated_at":null},{"id":"27176974","caption_id":"127084","seq":"51","text":"\u53ef\u80fd\u88ab\u5132\u5b58\u5728\u4ed6\u5011\u57fa\u56e0\u7d44\u5167\u7684\u67d0\u8655","translate_comment":"","start":"195.485","dur":"2.889","is_scores":null,"created_at":"1522048724","updated_at":null},{"id":"27176975","caption_id":"127084","seq":"52","text":"\u5728\u6578\u767e\u842c\u5e74\u7684\u6f14\u5316\u4e2d\u9298\u523b\u65bc\u57fa\u56e0","translate_comment":"","start":"198.374","dur":"3.411","is_scores":null,"created_at":"1522048724","updated_at":null},{"id":"27176976","caption_id":"127084","seq":"53","text":"\u9019\u4e00\u958b\u59cb\u807d\u4f86\u53ef\u80fd\u6709\u9ede\u5947\u602a","translate_comment":"","start":"201.785","dur":"1.849","is_scores":null,"created_at":"1522048724","updated_at":null},{"id":"27176977","caption_id":"127084","seq":"54","text":"\u7562\u7adf\u6211\u5011\u901a\u5e38\u8a8d\u70ba\uff0c\u57fa\u56e0\u5bc6\u78bc\u61c9\u8a72\u662f\u751f\u5316\u6216\u8eab\u9ad4\u7279\u5fb5\u7684\u6e90\u982d","translate_comment":"","start":"203.634","dur":"5.53","is_scores":null,"created_at":"1522048724","updated_at":null},{"id":"27176978","caption_id":"127084","seq":"55","text":"\u800c\u548c\u7fd2\u6027\uff0c\u884c\u70ba\u7b49\u7279\u6027\u7121\u95dc","translate_comment":"","start":"209.164","dur":"2.68","is_scores":null,"created_at":"1522048724","updated_at":null},{"id":"27176979","caption_id":"127084","seq":"56","text":"\u4f46\u5176\u5be6\u9019\u5169\u8005\u5728\u672c\u8cea\u4e0a\u4e26\u7121\u4e0d\u540c","translate_comment":"","start":"211.844","dur":"2.501","is_scores":null,"created_at":"1522048724","updated_at":null},{"id":"27176980","caption_id":"127084","seq":"57","text":"\u6211\u5011\u80fd\u5f9e\u5927\u8166\u8ff4\u8def\u4f86\u9023\u7d50\u57fa\u56e0\u7d44\u548c\u7fd2\u6027\u7684\u95dc\u806f","translate_comment":"","start":"214.345","dur":"3.516","is_scores":null,"created_at":"1522048724","updated_at":null},{"id":"27176981","caption_id":"127084","seq":"58","text":"\u9019\u500b\u9023\u7d50\u5341\u5206\u8907\u96dc\uff0c\u4e5f\u6709\u8a31\u591a\u5608\u96dc\u7684\u8a0a\u865f\u5728\u4e0a\u9762\u6d41\u52d5","translate_comment":"","start":"217.861","dur":"2.782","is_scores":null,"created_at":"1522048724","updated_at":null},{"id":"27176982","caption_id":"127084","seq":"59","text":"\u800c\u4e14\u5b83\u4e0d\u662f\u4ee5\u300c\u4e00\u500b\u57fa\u56e0\u5c0d\u61c9\u5230\u4e00\u500b\u884c\u70ba\u300d\u9019\u6a23\u7684\u65b9\u5f0f\u505a\u9023\u7d50\uff0c\u4f46\u9019\u500b\u9023\u7d50\u78ba\u5be6\u5b58\u5728","translate_comment":"","start":"220.643","dur":"5.721","is_scores":null,"created_at":"1522048724","updated_at":null},{"id":"27176983","caption_id":"127084","seq":"60","text":"\u57fa\u56e0\u7d44\u4e2d\u542b\u6709\u80fd\u652f\u914d\u5927\u8166\u767c\u5c55\u7684\u86cb\u767d\u8cea\u5bc6\u78bc","translate_comment":"","start":"226.364","dur":"3.989","is_scores":null,"created_at":"1522048724","updated_at":null},{"id":"27176984","caption_id":"127084","seq":"61","text":"\u50cf\u662f\u5f15\u5c0e\u8ef8\u7a81\u8def\u5f91\u7684\u767c\u5c55\u5206\u5b50","translate_comment":"","start":"230.353","dur":"4.182","is_scores":null,"created_at":"1522048724","updated_at":null},{"id":"27176985","caption_id":"127084","seq":"62","text":"\u80fd\u5851\u9020\u7368\u7279\u7684\u8166\u8ff4\u8def","translate_comment":"","start":"234.535","dur":"2.129","is_scores":null,"created_at":"1522048724","updated_at":null},{"id":"27176986","caption_id":"127084","seq":"63","text":"\u9ce5\u5152\u7684\u5927\u8166\u6709\u6240\u8b02\u7684\u300c\u6b4c\u5531\u8ff4\u8def\u300d","translate_comment":"","start":"236.664","dur":"3.561","is_scores":null,"created_at":"1522048724","updated_at":null},{"id":"27176987","caption_id":"127084","seq":"64","text":"\u5728\u7260\u5011\u5531\u6b4c\u6642\uff0c\u9019\u500b\u8ff4\u8def\u6703\u6d3b\u8e8d\u8d77\u4f86","translate_comment":"","start":"240.225","dur":"2.649","is_scores":null,"created_at":"1522048724","updated_at":null},{"id":"27176988","caption_id":"127084","seq":"65","text":"\u6bd4\u8d77\u5176\u4ed6\u7a2e\u65cf\u9ce5\u985e\u7684\u6b4c\u8072\uff0c\u9019\u985e\u8ff4\u8def\u5c0d\u9ce5\u5152\u672c\u8eab\u7a2e\u65cf\u7684\u6b4c\u8072","translate_comment":"","start":"242.874","dur":"4.29","is_scores":null,"created_at":"1522048724","updated_at":null},{"id":"27176989","caption_id":"127084","seq":"66","text":"\u6709\u66f4\u5f37\u70c8\u7684\u53cd\u61c9","translate_comment":"","start":"247.164","dur":"2.97","is_scores":null,"created_at":"1522048724","updated_at":null},{"id":"27176990","caption_id":"127084","seq":"67","text":"\u56e0\u6b64\u9019\u500b\u7406\u8ad6\u8aaa\u660e\u4e86\uff1a\u9ce5\u985e\u7684\u57fa\u56e0\u6703\u5f15\u5c0e\u4ed6\u5011\u8166\u4e2d","translate_comment":"","start":"250.134","dur":"4.57","is_scores":null,"created_at":"1522048724","updated_at":null},{"id":"27176991","caption_id":"127084","seq":"68","text":"\u6709\u95dc\u5531\u6b4c\u548c\u5b78\u7fd2\u6b4c\u8072\u7684\u8ff4\u8def\u767c\u5c55","translate_comment":"","start":"254.705","dur":"3.68","is_scores":null,"created_at":"1522048724","updated_at":null},{"id":"27176992","caption_id":"127084","seq":"69","text":"\u518d\u4f86\uff0c\u66b4\u9732\u5728\u6b4c\u8072\u4e2d\u80fd\u5f62\u5851\u7260\u5011\u7684\u795e\u7d93\u8ff4\u8def","translate_comment":"","start":"258.385","dur":"3.54","is_scores":null,"created_at":"1522048724","updated_at":null},{"id":"27176993","caption_id":"127084","seq":"70","text":"\u4e26\u7522\u751f\u7260\u5011\u7a2e\u65cf\u5178\u578b\u7684\u6b4c\u8072","translate_comment":"","start":"261.925","dur":"4.379","is_scores":null,"created_at":"1522048724","updated_at":null},{"id":"27176994","caption_id":"127084","seq":"71","text":"\u57fa\u56e0\u7de8\u78bc\u6216\u5148\u5929\u884c\u70ba\u4e26\u4e0d\u7279\u5225\u767c\u751f\u5728\u9cf4\u79bd\u8eab\u4e0a","translate_comment":"","start":"266.304","dur":"4.3","is_scores":null,"created_at":"1522048724","updated_at":null},{"id":"27176995","caption_id":"127084","seq":"72","text":"\u9019\u4e9b\u6a5f\u5236\u4e5f\u5ee3\u6cdb\u7684\u6563\u4f48\u5728\u52d5\u7269\u4e16\u754c\u4e2d","translate_comment":"","start":"270.604","dur":"2.678","is_scores":null,"created_at":"1522048724","updated_at":null},{"id":"27176996","caption_id":"127084","seq":"73","text":"\u6bd4\u8f03\u5f15\u4eba\u6ce8\u76ee\u7684\u4f8b\u5b50\u6709","translate_comment":"","start":"273.283","dur":"1.711","is_scores":null,"created_at":"1522048724","updated_at":null},{"id":"27176997","caption_id":"127084","seq":"74","text":"\u6703\u9577\u8ddd\u96e2\u9077\u5f99\u7684\u5e1d\u738b\u6591\u8776\u548c\u9bad\u9b5a","translate_comment":"","start":"274.994","dur":"4.79","is_scores":null,"created_at":"1522048724","updated_at":null},{"id":"27176998","caption_id":"127084","seq":"75","text":"\u90a3\u9ebc\u9019\u4e9b\u73fe\u8c61\u5c0d\u4eba\u985e\u7684\u610f\u7fa9\u662f\u4ec0\u9ebc\u5462\uff1f","translate_comment":"","start":"279.784","dur":"2.1","is_scores":null,"created_at":"1522048724","updated_at":null},{"id":"27176999","caption_id":"127084","seq":"76","text":"\u6211\u5011\u662f\u5426\u4e5f\u5177\u6709\u5929\u751f\u9298\u523b\u5728\u6211\u5011\u57fa\u56e0\u7d44\u5167\u7684\u8a0a\u606f","translate_comment":"","start":"281.884","dur":"3.788","is_scores":null,"created_at":"1522048724","updated_at":null},{"id":"27177000","caption_id":"127084","seq":"77","text":"\u80fd\u5e6b\u52a9\u5f62\u5851\u6211\u5011\u7684\u795e\u7d93\u8ff4\u8def","translate_comment":"","start":"285.672","dur":"2.443","is_scores":null,"created_at":"1522048724","updated_at":null},{"id":"27177001","caption_id":"127084","seq":"78","text":"\u4e26\u5728\u6700\u5f8c\u5c0e\u81f4\u6211\u5011\u5df2\u77e5\u7684\u4e8b\u7269\u5462\uff1f","translate_comment":"","start":"288.115","dur":"3.47","is_scores":null,"created_at":"1522048724","updated_at":null},{"id":"27177002","caption_id":"127084","seq":"79","text":"\u662f\u5426\u53ef\u80fd\u6709\u90a3\u6a23\u4e00\u4e9b\u77e5\u8b58","translate_comment":"","start":"291.585","dur":"1.55","is_scores":null,"created_at":"1522048724","updated_at":null},{"id":"27177003","caption_id":"127084","seq":"80","text":"\u5c0d\u4eba\u985e\u9019\u500b\u7a2e\u65cf\u4f86\u8aaa\u662f\u7368\u7279\u548c\u5929\u751f\u7684\u5462\uff1f","translate_comment":"","start":"293.135","dur":"4.495","is_scores":null,"created_at":"1522048724","updated_at":null}]}