{"en":[{"id":"8556955","caption_id":"67468","seq":"1","text":"Hey everybody, this is Lauren from Trash is for Tossers and today","translate_comment":"","start":"0.13","dur":"4.33","is_scores":null,"created_at":"1441369254","updated_at":null},{"id":"8556956","caption_id":"67468","seq":"2","text":"I\u2019m going to show you how to make Zero Waste","translate_comment":"","start":"4.46","dur":"2.359","is_scores":null,"created_at":"1441369254","updated_at":null},{"id":"8556957","caption_id":"67468","seq":"3","text":"Toothpaste! I absolutely love this recipe.","translate_comment":"","start":"6.819","dur":"3.03","is_scores":null,"created_at":"1441369254","updated_at":null},{"id":"8556958","caption_id":"67468","seq":"4","text":"It's a great <a href=\"#post_comment_1\"><strong>alternative<\/strong><i class=\"icon-star\"><\/i><\/a> to buying toothpaste in tubes that are either","translate_comment":"","start":"9.849","dur":"3.231","is_scores":null,"created_at":"1441369254","updated_at":null},{"id":"8556959","caption_id":"67468","seq":"5","text":"difficult or impossible to recycle","translate_comment":"","start":"13.08","dur":"2.269","is_scores":null,"created_at":"1441369254","updated_at":null},{"id":"8556960","caption_id":"67468","seq":"6","text":"It also works extremely well! I\u2019ve been using it for years","translate_comment":"","start":"15.349","dur":"3.581","is_scores":null,"created_at":"1441369254","updated_at":null},{"id":"8556961","caption_id":"67468","seq":"7","text":"and I still have almost all of my teeth!","translate_comment":"","start":"18.93","dur":"4.8","is_scores":null,"created_at":"1441369254","updated_at":null},{"id":"8556962","caption_id":"67468","seq":"8","text":"And, its super quick and easy to make","translate_comment":"","start":"23.73","dur":"3.369","is_scores":null,"created_at":"1441369254","updated_at":null},{"id":"8556963","caption_id":"67468","seq":"9","text":"So...let's get started! All we have to do is <a href=\"#post_comment_2\"><strong>combine<\/strong><i class=\"icon-star\"><\/i><\/a> 2 tablespoons","translate_comment":"","start":"27.099","dur":"4.531","is_scores":null,"created_at":"1441369254","updated_at":null},{"id":"8556964","caption_id":"67468","seq":"10","text":"of organic coconut oil","translate_comment":"","start":"31.63","dur":"4.35","is_scores":null,"created_at":"1441369254","updated_at":null},{"id":"8556965","caption_id":"67468","seq":"11","text":"1 tablespoon of baking soda","translate_comment":"","start":"35.98","dur":"6.97","is_scores":null,"created_at":"1441369254","updated_at":null},{"id":"8556966","caption_id":"67468","seq":"12","text":"and fifteen to twenty drops of organic essential oil","translate_comment":"","start":"42.95","dur":"2.97","is_scores":null,"created_at":"1441369254","updated_at":null},{"id":"8556967","caption_id":"67468","seq":"13","text":"I like to use peppermint but you could also use anise, or cinnamon,","translate_comment":"","start":"45.92","dur":"4.65","is_scores":null,"created_at":"1441369254","updated_at":null},{"id":"8556968","caption_id":"67468","seq":"14","text":"or spearmint... it's really whatever you prefer.","translate_comment":"","start":"50.57","dur":"4.52","is_scores":null,"created_at":"1441369254","updated_at":null},{"id":"8556969","caption_id":"67468","seq":"15","text":"And then, all you do is <a href=\"#post_comment_3\"><strong>stir<\/strong><i class=\"icon-star\"><\/i><\/a> it together.","translate_comment":"","start":"55.09","dur":"3.36","is_scores":null,"created_at":"1441369254","updated_at":null},{"id":"8556970","caption_id":"67468","seq":"16","text":"I use this chopstick that I upcycled but you can use whatever you'd like.","translate_comment":"","start":"58.45","dur":"20.41","is_scores":null,"created_at":"1441369254","updated_at":null},{"id":"8556971","caption_id":"67468","seq":"17","text":"And there you have it! You just made toothpaste!","translate_comment":"","start":"78.86","dur":"3.56","is_scores":null,"created_at":"1441369254","updated_at":null},{"id":"8556972","caption_id":"67468","seq":"18","text":"And so to use it all you do is take your toothbrush,","translate_comment":"","start":"82.42","dur":"3.31","is_scores":null,"created_at":"1441369254","updated_at":null},{"id":"8556973","caption_id":"67468","seq":"19","text":"I like to use a compostable toothbrush, and a spoon","translate_comment":"","start":"85.73","dur":"5.11","is_scores":null,"created_at":"1441369254","updated_at":null},{"id":"8556974","caption_id":"67468","seq":"20","text":"and then you <a href=\"#post_comment_4\"><strong>scoop<\/strong><i class=\"icon-star\"><\/i><\/a> a little bit on there and you brush as you normally would.","translate_comment":"","start":"90.84","dur":"4.68","is_scores":null,"created_at":"1441369254","updated_at":null},{"id":"8556975","caption_id":"67468","seq":"21","text":"It's super, super simple. And you're done!","translate_comment":"","start":"95.52","dur":"4.3","is_scores":null,"created_at":"1441369254","updated_at":null},{"id":"8556976","caption_id":"67468","seq":"22","text":"So here are a few things to consider. This toothpaste isn't going to foam up","translate_comment":"","start":"99.82","dur":"3.58","is_scores":null,"created_at":"1441369254","updated_at":null},{"id":"8556977","caption_id":"67468","seq":"23","text":"and it might be a little bit saltier than you are used to.","translate_comment":"","start":"103.4","dur":"3.16","is_scores":null,"created_at":"1441369254","updated_at":null},{"id":"8556978","caption_id":"67468","seq":"24","text":"Also, since the melting point of coconut oil is about 76 degrees Fahrenheit","translate_comment":"","start":"106.56","dur":"4.64","is_scores":null,"created_at":"1441369254","updated_at":null},{"id":"8556979","caption_id":"67468","seq":"25","text":"or 24 degrees Celsius the <a href=\"#post_comment_5\"><strong>consistency<\/strong><i class=\"icon-star\"><\/i><\/a> might fluctuate a little bit.","translate_comment":"","start":"111.2","dur":"4.06","is_scores":null,"created_at":"1441369254","updated_at":null},{"id":"8556980","caption_id":"67468","seq":"26","text":"So if it's hard just put it under some warm water for a few minutes","translate_comment":"","start":"115.26","dur":"3.41","is_scores":null,"created_at":"1441369254","updated_at":null},{"id":"8556981","caption_id":"67468","seq":"27","text":"and if it's too liquid, just pop it in the freezer. Now you're ready to make Zero Waste toothpaste!","translate_comment":"","start":"118.67","dur":"6.43","is_scores":null,"created_at":"1441369254","updated_at":null},{"id":"8556982","caption_id":"67468","seq":"28","text":"Thank you so much for watching, head to my channel (Trash is for Tossers),","translate_comment":"","start":"125.1","dur":"3","is_scores":null,"created_at":"1441369254","updated_at":null},{"id":"8556983","caption_id":"67468","seq":"29","text":"or for more information head to my blog Trashisfortossers.com","translate_comment":"","start":"128.1","dur":"10","is_scores":null,"created_at":"1441369254","updated_at":null}],"zh-Hant":[{"id":"9894058","caption_id":"71801","seq":"1","text":"\u5927\u5bb6\u597d\uff0c\u6211\u662f\u863f\u502b\uff0c\u4f86\u81eaTrash is for Tossers","translate_comment":"","start":"0.13","dur":"4.33","is_scores":null,"created_at":"1447387202","updated_at":null},{"id":"9894059","caption_id":"71801","seq":"2","text":"\u4eca\u5929\u6211\u8981\u6559\u4f60\u5011\u600e\u9ebc\u505a\u74b0\u4fdd\u7259\u818f","translate_comment":"","start":"4.46","dur":"2.359","is_scores":null,"created_at":"1447387202","updated_at":null},{"id":"9894060","caption_id":"71801","seq":"3","text":"\u6211\u8d85\u559c\u6b61\u9019\u500b\u914d\u65b9\u7684","translate_comment":"","start":"6.819","dur":"3.03","is_scores":null,"created_at":"1447387202","updated_at":null},{"id":"9894061","caption_id":"71801","seq":"4","text":"\u9019\u6bd4\u53bb\u5916\u9762\u8cb7\u7ba1\u88dd\u7259\u818f\u9084\u8981\u597d\u5f97\u591a","translate_comment":"","start":"9.849","dur":"3.231","is_scores":null,"created_at":"1447387202","updated_at":null},{"id":"9894062","caption_id":"71801","seq":"5","text":"\u56e0\u70ba\u7ba1\u88dd\u7259\u818f\u5f88\u56f0\u96e3\u6216\u662f\u4e0d\u53ef\u80fd\u56de\u6536","translate_comment":"","start":"13.08","dur":"2.269","is_scores":null,"created_at":"1447387202","updated_at":null},{"id":"9894063","caption_id":"71801","seq":"6","text":"\u81ea\u88fd\u7259\u818f\u975e\u5e38\u597d\u7528\uff01\u6211\u5df2\u7d93\u7528\u4e86\u597d\u5e7e\u5e74\u4e86","translate_comment":"","start":"15.349","dur":"3.581","is_scores":null,"created_at":"1447387202","updated_at":null},{"id":"9894064","caption_id":"71801","seq":"7","text":"\u6211\u7684\u7259\u9f52\u5927\u90e8\u5206\u4e5f\u90fd\u9084\u5728","translate_comment":"","start":"18.93","dur":"4.8","is_scores":null,"created_at":"1447387202","updated_at":null},{"id":"9894065","caption_id":"71801","seq":"8","text":"\u800c\u4e14\u88fd\u4f5c\u65b9\u6cd5\u5feb\u901f\u53c8\u7c21\u55ae","translate_comment":"","start":"23.73","dur":"3.369","is_scores":null,"created_at":"1447387202","updated_at":null},{"id":"9894066","caption_id":"71801","seq":"9","text":"\u6240\u4ee5\u6211\u5011\u958b\u59cb\u505a\u5427\uff01\u6211\u5011\u9700\u8981\u52a0\u5165\u5169\u5927\u5319\u7684","translate_comment":"","start":"27.099","dur":"4.531","is_scores":null,"created_at":"1447387202","updated_at":null},{"id":"9894067","caption_id":"71801","seq":"10","text":"\u6709\u6a5f\u6930\u5b50\u6cb9","translate_comment":"","start":"31.63","dur":"4.35","is_scores":null,"created_at":"1447387202","updated_at":null},{"id":"9894068","caption_id":"71801","seq":"11","text":"\u4e00\u5927\u5319\u7684\u5c0f\u8607\u6253\u7c89","translate_comment":"","start":"35.98","dur":"6.97","is_scores":null,"created_at":"1447387202","updated_at":null},{"id":"9894069","caption_id":"71801","seq":"12","text":"\u9084\u6709\u5341\u4e94\u5230\u4e8c\u5341\u6ef4\u7684\u6709\u6a5f\u7cbe\u6cb9","translate_comment":"","start":"42.95","dur":"2.97","is_scores":null,"created_at":"1447387202","updated_at":null},{"id":"9894070","caption_id":"71801","seq":"13","text":"\u6211\u559c\u6b61\u7528\u80e1\u6912\u8584\u8377\u7684\uff0c\u4f46\u4f60\u4e5f\u53ef\u4ee5\u7528\u5927\u8334\u9999\u6216\u662f\u8089\u6842\u7684","translate_comment":"","start":"45.92","dur":"4.65","is_scores":null,"created_at":"1447387202","updated_at":null},{"id":"9894071","caption_id":"71801","seq":"14","text":"\u6216\u662f\u8377\u862d\u8584\u8377....\u9019\u5b8c\u5168\u662f\u770b\u4f60\u7684\u559c\u597d\u6c7a\u5b9a","translate_comment":"","start":"50.57","dur":"4.52","is_scores":null,"created_at":"1447387202","updated_at":null},{"id":"9894072","caption_id":"71801","seq":"15","text":"\u518d\u4f86\uff0c\u628a\u5b83\u5168\u90e8\u652a\u62cc\u6df7\u5408","translate_comment":"","start":"55.09","dur":"3.36","is_scores":null,"created_at":"1447387202","updated_at":null},{"id":"9894073","caption_id":"71801","seq":"16","text":"\u6211\u7528\u6211\u518d\u88fd\u7684\u7b77\u5b50\u652a\u62cc\uff0c\u4f46\u4f60\u53ef\u4ee5\u7528\u5176\u4ed6\u6771\u897f\u652a\u62cc","translate_comment":"","start":"58.45","dur":"20.41","is_scores":null,"created_at":"1447387202","updated_at":null},{"id":"9894074","caption_id":"71801","seq":"17","text":"\u7136\u5f8c\u5c31\u5b8c\u6210\u4e86\uff01\u4f60\u5b8c\u6210\u4e86\u81ea\u88fd\u7684\u7259\u818f\uff01","translate_comment":"","start":"78.86","dur":"3.56","is_scores":null,"created_at":"1447387202","updated_at":null},{"id":"9894075","caption_id":"71801","seq":"18","text":"\u7136\u5f8c\u8981\u7528\u7684\u6642\u5019\uff0c\u5c31\u62ff\u8d77\u4f60\u7684\u7259\u5237","translate_comment":"","start":"82.42","dur":"3.31","is_scores":null,"created_at":"1447387202","updated_at":null},{"id":"9894076","caption_id":"71801","seq":"19","text":"\u6211\u559c\u6b61\u7528\u751f\u7269\u53ef\u5206\u89e3\u7259\u5237\uff0c\u7136\u5f8c\u9084\u6709\u6e6f\u5319","translate_comment":"","start":"85.73","dur":"5.11","is_scores":null,"created_at":"1447387202","updated_at":null},{"id":"9894077","caption_id":"71801","seq":"20","text":"\u7136\u5f8c\u6316\u4e00\u5c0f\u5768\u5f04\u5728\u7259\u5237\u4e0a\uff0c\u7136\u5f8c\u5c31\u7167\u5e73\u5e38\u90a3\u6a23\u5237\u7259","translate_comment":"","start":"90.84","dur":"4.68","is_scores":null,"created_at":"1447387202","updated_at":null},{"id":"9894078","caption_id":"71801","seq":"21","text":"\u9019\u771f\u7684\u771f\u7684\u5f88\u7c21\u55ae\uff0c\u7136\u5f8c\u5c31\u5b8c\u6210\u4e86\uff01","translate_comment":"","start":"95.52","dur":"4.3","is_scores":null,"created_at":"1447387202","updated_at":null},{"id":"9894079","caption_id":"71801","seq":"22","text":"\u518d\u4f86\u6709\u5e7e\u9ede\u8981\u6ce8\u610f\u7684\u3002\u9019\u7a2e\u7259\u818f\u4e0d\u6703\u5237\u51fa\u6ce1\u6ce1","translate_comment":"","start":"99.82","dur":"3.58","is_scores":null,"created_at":"1447387202","updated_at":null},{"id":"9894080","caption_id":"71801","seq":"23","text":"\u4e5f\u53ef\u80fd\u6703\u6bd4\u4f60\u5e73\u5e38\u7528\u7684\u7259\u818f\u9084\u9e79","translate_comment":"","start":"103.4","dur":"3.16","is_scores":null,"created_at":"1447387202","updated_at":null},{"id":"9894081","caption_id":"71801","seq":"24","text":"\u7136\u5f8c\uff0c\u56e0\u70ba\u6930\u5b50\u6cb9\u7684\u7194\u9ede\u5927\u7d04\u662f\u83ef\u6c0f76\u5ea6","translate_comment":"","start":"106.56","dur":"4.64","is_scores":null,"created_at":"1447387202","updated_at":null},{"id":"9894082","caption_id":"71801","seq":"25","text":"\u6216\u662f\u651d\u6c0f24\u5ea6\uff0c\u6240\u4ee5\u9019\u7259\u818f\u7684\u8cea\u5730\u53ef\u80fd\u6703\u7a0d\u5fae\u6709\u8b8a\u5316","translate_comment":"","start":"111.2","dur":"4.06","is_scores":null,"created_at":"1447387202","updated_at":null},{"id":"9894083","caption_id":"71801","seq":"26","text":"\u6240\u4ee5\uff0c\u5982\u679c\u7259\u818f\u8b8a\u5f88\u786c\uff0c\u5c31\u7528\u6eab\u6c34\u6c96\u5e7e\u5206\u9418","translate_comment":"","start":"115.26","dur":"3.41","is_scores":null,"created_at":"1447387202","updated_at":null},{"id":"9894084","caption_id":"71801","seq":"27","text":"\u5982\u679c\u4ed6\u592a\u6db2\u614b\u4e86\uff0c\u5c31\u628a\u5b83\u653e\u5230\u51b7\u51cd\u5eab\u88e1\u3002\u73fe\u5728\u4f60\u5df2\u7d93\u77e5\u9053\u8981\u600e\u9ebc\u505a\u74b0\u4fdd\u7259\u818f\u4e86","translate_comment":"","start":"118.67","dur":"6.43","is_scores":null,"created_at":"1447387202","updated_at":null},{"id":"9894085","caption_id":"71801","seq":"28","text":"\u975e\u5e38\u8b1d\u8b1d\u4f60\u7684\u89c0\u8cde\uff0c\u53ef\u4ee5\u5230\u6211\u7684\u983b\u9053(Trash is for Tossers)","translate_comment":"","start":"125.1","dur":"3","is_scores":null,"created_at":"1447387202","updated_at":null},{"id":"9894086","caption_id":"71801","seq":"29","text":"\u6216\u662f\u5230\u6211\u7684\u90e8\u843d\u683cTrashisfortossers.com\u77ad\u89e3\u66f4\u591a\u8a0a\u606f","translate_comment":"","start":"128.1","dur":"10","is_scores":null,"created_at":"1447387202","updated_at":null}]}