{"en":[{"id":"27739969","caption_id":"129715","seq":"1","text":"Hi, so there's an urban legend saying that Taiwanese (people) doesn't (don't) like to speak English.","translate_comment":"","start":"1.77","dur":"4.94","is_scores":null,"created_at":"1522314797","updated_at":null},{"id":"27739970","caption_id":"129715","seq":"2","text":"So today I'm gonna trying (try) to find out with (the) Goodnight app to see whether it's true or not.","translate_comment":"","start":"7.4","dur":"4.29","is_scores":null,"created_at":"1522314797","updated_at":null},{"id":"27739971","caption_id":"129715","seq":"3","text":"So let me press the chatting (chat) button.","translate_comment":"","start":"11.99","dur":"2.99","is_scores":null,"created_at":"1522314797","updated_at":null},{"id":"27739972","caption_id":"129715","seq":"4","text":"Oh, I got connected.","translate_comment":"","start":"15.8","dur":"0.67","is_scores":null,"created_at":"1522314797","updated_at":null},{"id":"27739973","caption_id":"129715","seq":"5","text":"Hi.","translate_comment":"","start":"16.699","dur":"0.43","is_scores":null,"created_at":"1522314797","updated_at":null},{"id":"27739974","caption_id":"129715","seq":"6","text":"Hello, (hi).","translate_comment":"","start":"17.2","dur":"1.2","is_scores":null,"created_at":"1522314797","updated_at":null},{"id":"27739975","caption_id":"129715","seq":"7","text":"How are you?","translate_comment":"","start":"18.439","dur":"1","is_scores":null,"created_at":"1522314797","updated_at":null},{"id":"27739976","caption_id":"129715","seq":"8","text":"Fine, thank you.","translate_comment":"","start":"20.189","dur":"1.101","is_scores":null,"created_at":"1522314797","updated_at":null},{"id":"27739977","caption_id":"129715","seq":"9","text":"How's your day?","translate_comment":"","start":"21.99","dur":"0.71","is_scores":null,"created_at":"1522314797","updated_at":null},{"id":"27739978","caption_id":"129715","seq":"10","text":"Can you speak English?","translate_comment":"","start":"22.23","dur":"1.19","is_scores":null,"created_at":"1522314797","updated_at":null},{"id":"27739979","caption_id":"129715","seq":"11","text":"English... a little.","translate_comment":"","start":"24.46","dur":"0.84","is_scores":null,"created_at":"1522314797","updated_at":null},{"id":"27739980","caption_id":"129715","seq":"12","text":"Oh, very well.","translate_comment":"","start":"25.72","dur":"1.499","is_scores":null,"created_at":"1522314797","updated_at":null},{"id":"27739981","caption_id":"129715","seq":"13","text":"So how was your Chinese New Year?","translate_comment":"","start":"27.23","dur":"1.91","is_scores":null,"created_at":"1522314797","updated_at":null},{"id":"27739982","caption_id":"129715","seq":"14","text":"Did you eat a lot?","translate_comment":"","start":"29.29","dur":"0.92","is_scores":null,"created_at":"1522314797","updated_at":null},{"id":"27739983","caption_id":"129715","seq":"15","text":"Hello?","translate_comment":"","start":"30.389","dur":"0.47","is_scores":null,"created_at":"1522314797","updated_at":null},{"id":"27739984","caption_id":"129715","seq":"16","text":"Ah, so he hanged (hung) up on me.","translate_comment":"","start":"32.25","dur":"2.489","is_scores":null,"created_at":"1522314797","updated_at":null},{"id":"27739985","caption_id":"129715","seq":"17","text":"Hi, Happy New Year!","translate_comment":"","start":"34.9","dur":"1.99","is_scores":null,"created_at":"1522314797","updated_at":null},{"id":"27739986","caption_id":"129715","seq":"18","text":"Happy New Year, hehe.","translate_comment":"","start":"36.629","dur":"1.271","is_scores":null,"created_at":"1522314797","updated_at":null},{"id":"27739987","caption_id":"129715","seq":"19","text":"I can't speak English.","translate_comment":"","start":"37.98","dur":"1.02","is_scores":null,"created_at":"1522314797","updated_at":null},{"id":"27739988","caption_id":"129715","seq":"20","text":"Let's try, umm, how are you?","translate_comment":"","start":"39.8","dur":"2.92","is_scores":null,"created_at":"1522314797","updated_at":null},{"id":"27739989","caption_id":"129715","seq":"21","text":"How are you today?","translate_comment":"","start":"42.72","dur":"0.09","is_scores":null,"created_at":"1522314797","updated_at":null},{"id":"27739990","caption_id":"129715","seq":"22","text":"Hi, hello?","translate_comment":"","start":"43.6","dur":"0.23","is_scores":null,"created_at":"1522314797","updated_at":null},{"id":"27739991","caption_id":"129715","seq":"23","text":"Hello.","translate_comment":"","start":"44.54","dur":"0.42","is_scores":null,"created_at":"1522314797","updated_at":null},{"id":"27739992","caption_id":"129715","seq":"24","text":"Hi, who's this?","translate_comment":"","start":"45.16","dur":"0.689","is_scores":null,"created_at":"1522314797","updated_at":null},{"id":"27739993","caption_id":"129715","seq":"25","text":"You must be Taiwanese.","translate_comment":"","start":"45.849","dur":"1.151","is_scores":null,"created_at":"1522314797","updated_at":null},{"id":"27739994","caption_id":"129715","seq":"26","text":"No.","translate_comment":"","start":"47","dur":"1","is_scores":null,"created_at":"1522314797","updated_at":null},{"id":"27739995","caption_id":"129715","seq":"27","text":"Yes you are.","translate_comment":"","start":"48","dur":"1","is_scores":null,"created_at":"1522314797","updated_at":null},{"id":"27739997","caption_id":"129715","seq":"28","text":"Of course you understand what I'm saying, otherwise you wouldn't say \"no.\"","translate_comment":"","start":"49","dur":"0.94","is_scores":null,"created_at":"1522314797","updated_at":null},{"id":"27739998","caption_id":"129715","seq":"29","text":"- Hello.","translate_comment":"","start":"50.36","dur":"0.04","is_scores":null,"created_at":"1522314797","updated_at":null},{"id":"27739999","caption_id":"129715","seq":"30","text":"- Hello.","translate_comment":"","start":"51.53","dur":"0.45","is_scores":null,"created_at":"1522314797","updated_at":null},{"id":"27740000","caption_id":"129715","seq":"31","text":"- How's it going?","translate_comment":"","start":"52.869","dur":"0.65","is_scores":null,"created_at":"1522314797","updated_at":null},{"id":"27740001","caption_id":"129715","seq":"32","text":"How are you?","translate_comment":"","start":"53.57","dur":"1.12","is_scores":null,"created_at":"1522314797","updated_at":null},{"id":"27740002","caption_id":"129715","seq":"33","text":"- \"How are you?\"","translate_comment":"","start":"54.619","dur":"0.13","is_scores":null,"created_at":"1522314797","updated_at":null},{"id":"27740003","caption_id":"129715","seq":"34","text":"Are you pretending to be a foreigner?","translate_comment":"","start":"54.749","dur":"1.531","is_scores":null,"created_at":"1522314797","updated_at":null},{"id":"27740004","caption_id":"129715","seq":"35","text":"Where are you (come) from?","translate_comment":"","start":"56.28","dur":"0.62","is_scores":null,"created_at":"1522314797","updated_at":null},{"id":"27740005","caption_id":"129715","seq":"36","text":"- I'm from Taiwan.","translate_comment":"","start":"56.96","dur":"0.91","is_scores":null,"created_at":"1522314797","updated_at":null},{"id":"27740006","caption_id":"129715","seq":"37","text":"So how's your day?","translate_comment":"","start":"57.89","dur":"1.01","is_scores":null,"created_at":"1522314797","updated_at":null},{"id":"27740007","caption_id":"129715","seq":"38","text":"Fine.","translate_comment":"","start":"59","dur":"0.46","is_scores":null,"created_at":"1522314797","updated_at":null},{"id":"27740008","caption_id":"129715","seq":"39","text":"Good?","translate_comment":"","start":"59.68","dur":"0.32","is_scores":null,"created_at":"1522314797","updated_at":null},{"id":"27740009","caption_id":"129715","seq":"40","text":"Good day.","translate_comment":"","start":"60.1","dur":"1.3","is_scores":null,"created_at":"1522314797","updated_at":null},{"id":"27740010","caption_id":"129715","seq":"41","text":"But I wanna go to (a) restaurant.","translate_comment":"","start":"61.8","dur":"0.749","is_scores":null,"created_at":"1522314797","updated_at":null},{"id":"27740011","caption_id":"129715","seq":"42","text":"Which one would you recommend (to) me?","translate_comment":"","start":"62.559","dur":"1.29","is_scores":null,"created_at":"1522314797","updated_at":null},{"id":"27740012","caption_id":"129715","seq":"43","text":"(unintelligible) How do you say \"Shilin Night Market\"?","translate_comment":"","start":"64.389","dur":"5.611","is_scores":null,"created_at":"1522314797","updated_at":null},{"id":"27740013","caption_id":"129715","seq":"44","text":"Oh, of course I know it's \"night market\".","translate_comment":"","start":"70.1","dur":"4.55","is_scores":null,"created_at":"1522314797","updated_at":null},{"id":"27740014","caption_id":"129715","seq":"45","text":"Hello hello.","translate_comment":"","start":"74.7","dur":"0.81","is_scores":null,"created_at":"1522314797","updated_at":null},{"id":"27740015","caption_id":"129715","seq":"46","text":"Hi.","translate_comment":"","start":"75.69","dur":"0.81","is_scores":null,"created_at":"1522314797","updated_at":null},{"id":"27740016","caption_id":"129715","seq":"47","text":"Are you Ray?","translate_comment":"","start":"76.5","dur":"1.25","is_scores":null,"created_at":"1522314797","updated_at":null},{"id":"27740017","caption_id":"129715","seq":"48","text":"My English is very bad.","translate_comment":"","start":"77.91","dur":"1.09","is_scores":null,"created_at":"1522314797","updated_at":null},{"id":"27740018","caption_id":"129715","seq":"49","text":"Whoa, your English is very good! I can understand (you).","translate_comment":"","start":"79.1","dur":"3.3","is_scores":null,"created_at":"1522314797","updated_at":null},{"id":"27740020","caption_id":"129715","seq":"50","text":"- Do you have...? - Do I have what?","translate_comment":"","start":"82.36","dur":"1.1","is_scores":null,"created_at":"1522314797","updated_at":null},{"id":"27740021","caption_id":"129715","seq":"51","text":"L-I-N-E.","translate_comment":"","start":"83.5","dur":"1.2","is_scores":null,"created_at":"1522314797","updated_at":null},{"id":"27740022","caption_id":"129715","seq":"52","text":"Oh, LINE.","translate_comment":"","start":"84.73","dur":"0.629","is_scores":null,"created_at":"1522314797","updated_at":null},{"id":"27740023","caption_id":"129715","seq":"53","text":"Well, what's LINE?","translate_comment":"","start":"86.11","dur":"0.759","is_scores":null,"created_at":"1522314797","updated_at":null},{"id":"27740024","caption_id":"129715","seq":"54","text":"I don't really understand. What's Line?","translate_comment":"","start":"87.9","dur":"0.259","is_scores":null,"created_at":"1522314797","updated_at":null},{"id":"27740025","caption_id":"129715","seq":"55","text":"WeChat?","translate_comment":"","start":"88.68","dur":"0.04","is_scores":null,"created_at":"1522314797","updated_at":null},{"id":"27740026","caption_id":"129715","seq":"56","text":"We... WeChat.","translate_comment":"","start":"88.77","dur":"1.15","is_scores":null,"created_at":"1522314797","updated_at":null},{"id":"27740027","caption_id":"129715","seq":"57","text":"WeChat.","translate_comment":"","start":"94.13","dur":"0.16","is_scores":null,"created_at":"1522314797","updated_at":null},{"id":"27740028","caption_id":"129715","seq":"58","text":"Ah!","translate_comment":"","start":"94.35","dur":"0.16","is_scores":null,"created_at":"1522314797","updated_at":null},{"id":"27740029","caption_id":"129715","seq":"59","text":"Facebook?","translate_comment":"","start":"94.57","dur":"0.22","is_scores":null,"created_at":"1522314797","updated_at":null},{"id":"27740030","caption_id":"129715","seq":"60","text":"Let we make a friend. (Let's be friends.)","translate_comment":"","start":"95.23","dur":"3.88","is_scores":null,"created_at":"1522314797","updated_at":null},{"id":"27740031","caption_id":"129715","seq":"61","text":"Make a... see, now your English is very good.","translate_comment":"","start":"99.599","dur":"2.22","is_scores":null,"created_at":"1522314797","updated_at":null},{"id":"27740032","caption_id":"129715","seq":"62","text":"I thought you saying (said) your English is not good.","translate_comment":"","start":"101.82","dur":"2","is_scores":null,"created_at":"1522314797","updated_at":null},{"id":"27740033","caption_id":"129715","seq":"63","text":"It's actually very good.","translate_comment":"","start":"103.9","dur":"0.71","is_scores":null,"created_at":"1522314797","updated_at":null},{"id":"27740034","caption_id":"129715","seq":"64","text":"Okay, Happy Chinese New Year.","translate_comment":"","start":"104.65","dur":"1.12","is_scores":null,"created_at":"1522314797","updated_at":null},{"id":"27740035","caption_id":"129715","seq":"65","text":"Bye.","translate_comment":"","start":"106.18","dur":"0.58","is_scores":null,"created_at":"1522314797","updated_at":null},{"id":"27740036","caption_id":"129715","seq":"66","text":"Bye.","translate_comment":"","start":"107.29","dur":"-0.121","is_scores":null,"created_at":"1522314797","updated_at":null},{"id":"27740037","caption_id":"129715","seq":"67","text":"Hello?","translate_comment":"","start":"110.35","dur":"0.439","is_scores":null,"created_at":"1522314797","updated_at":null},{"id":"27740038","caption_id":"129715","seq":"68","text":"Hi.","translate_comment":"","start":"110.8","dur":"1.6","is_scores":null,"created_at":"1522314797","updated_at":null},{"id":"27740039","caption_id":"129715","seq":"69","text":"Hi, what's your name?","translate_comment":"","start":"112.5","dur":"0.6","is_scores":null,"created_at":"1522314797","updated_at":null},{"id":"27740040","caption_id":"129715","seq":"70","text":"Where do you live in Taipei now?","translate_comment":"","start":"113.66","dur":"1.2","is_scores":null,"created_at":"1522314797","updated_at":null},{"id":"27740041","caption_id":"129715","seq":"71","text":"So, I'm living in... near Xinyi,","translate_comment":"","start":"115.5","dur":"2.39","is_scores":null,"created_at":"1522314797","updated_at":null},{"id":"27740042","caption_id":"129715","seq":"72","text":"near (the) Taipei 101.","translate_comment":"","start":"117.95","dur":"1.44","is_scores":null,"created_at":"1522314797","updated_at":null},{"id":"27740043","caption_id":"129715","seq":"73","text":"Yeah, so I'm wondering if I want to visit some good restaurants at Taipei,","translate_comment":"","start":"119.889","dur":"5.311","is_scores":null,"created_at":"1522314797","updated_at":null},{"id":"27740044","caption_id":"129715","seq":"74","text":"where would you recommend?","translate_comment":"","start":"125.529","dur":"1.041","is_scores":null,"created_at":"1522314797","updated_at":null},{"id":"27740045","caption_id":"129715","seq":"75","text":"Maybe I can take you (somewhere) .","translate_comment":"","start":"127.15","dur":"1.09","is_scores":null,"created_at":"1522314797","updated_at":null},{"id":"27740046","caption_id":"129715","seq":"76","text":"Oh you can take me to the restaurant?","translate_comment":"","start":"128.65","dur":"1.45","is_scores":null,"created_at":"1522314797","updated_at":null},{"id":"27740047","caption_id":"129715","seq":"77","text":"That's very nice of you.","translate_comment":"","start":"130.1","dur":"1.14","is_scores":null,"created_at":"1522314797","updated_at":null},{"id":"27740048","caption_id":"129715","seq":"78","text":"Yes, it's my pleasure.","translate_comment":"","start":"131.3","dur":"1.05","is_scores":null,"created_at":"1522314797","updated_at":null},{"id":"27740049","caption_id":"129715","seq":"79","text":"Wow, thank you!","translate_comment":"","start":"132.81","dur":"1.44","is_scores":null,"created_at":"1522314797","updated_at":null},{"id":"27740050","caption_id":"129715","seq":"80","text":"How come your English is so good?","translate_comment":"","start":"134.429","dur":"1.84","is_scores":null,"created_at":"1522314797","updated_at":null},{"id":"27740051","caption_id":"129715","seq":"81","text":"Maybe I can learn English more (more English. A language exchange.","translate_comment":"","start":"136.52","dur":"2.48","is_scores":null,"created_at":"1522314797","updated_at":null},{"id":"27740052","caption_id":"129715","seq":"82","text":"Ah, yeah, that's actually a great idea.","translate_comment":"","start":"139.4","dur":"3.11","is_scores":null,"created_at":"1522314797","updated_at":null},{"id":"27740053","caption_id":"129715","seq":"83","text":"So I can also learn Mandarin.","translate_comment":"","start":"142.549","dur":"1.13","is_scores":null,"created_at":"1522314797","updated_at":null},{"id":"27740054","caption_id":"129715","seq":"84","text":"Yeah, you're a genius.","translate_comment":"","start":"143.75","dur":"1.649","is_scores":null,"created_at":"1522314797","updated_at":null},{"id":"27740055","caption_id":"129715","seq":"85","text":"Yeah, it's my pleasure.","translate_comment":"","start":"145.4","dur":"0.6","is_scores":null,"created_at":"1522314797","updated_at":null},{"id":"27740056","caption_id":"129715","seq":"86","text":"Do you have free time now?","translate_comment":"","start":"146.1","dur":"0.9","is_scores":null,"created_at":"1522314797","updated_at":null},{"id":"27740057","caption_id":"129715","seq":"87","text":"To meet?","translate_comment":"","start":"148","dur":"1","is_scores":null,"created_at":"1522314797","updated_at":null},{"id":"27740058","caption_id":"129715","seq":"88","text":"Now?","translate_comment":"","start":"149.9","dur":"0.1","is_scores":null,"created_at":"1522314797","updated_at":null},{"id":"27740059","caption_id":"129715","seq":"89","text":"I think it's a little bit (of a) short notice.","translate_comment":"","start":"150.1","dur":"4.6","is_scores":null,"created_at":"1522314797","updated_at":null},{"id":"27740060","caption_id":"129715","seq":"90","text":"Hi, hello.","translate_comment":"","start":"154.86","dur":"0.72","is_scores":null,"created_at":"1522314797","updated_at":null},{"id":"27740061","caption_id":"129715","seq":"91","text":"Hi, how are you?","translate_comment":"","start":"155.63","dur":"0.64","is_scores":null,"created_at":"1522314797","updated_at":null},{"id":"27740062","caption_id":"129715","seq":"92","text":"Can you speak Chinese?","translate_comment":"","start":"156.27","dur":"1.089","is_scores":null,"created_at":"1522314797","updated_at":null},{"id":"27740063","caption_id":"129715","seq":"93","text":"What's your name?","translate_comment":"","start":"157.84","dur":"0.77","is_scores":null,"created_at":"1522314797","updated_at":null},{"id":"27740064","caption_id":"129715","seq":"94","text":"My name is Jackie.","translate_comment":"","start":"159.25","dur":"0.98","is_scores":null,"created_at":"1522314797","updated_at":null},{"id":"27740065","caption_id":"129715","seq":"95","text":"Do you guys go to the bar, or restaurant(s), or night markets, or...?  - We will go to bar and club(s), to listen (to) some hip hop music,","translate_comment":"","start":"160.559","dur":"8.231","is_scores":null,"created_at":"1522314797","updated_at":null},{"id":"27740066","caption_id":"129715","seq":"96","text":"because i like (the) rap music.","translate_comment":"","start":"168.84","dur":"2.32","is_scores":null,"created_at":"1522314797","updated_at":null},{"id":"27740067","caption_id":"129715","seq":"97","text":"Do you want to hear some?","translate_comment":"","start":"171.16","dur":"1.34","is_scores":null,"created_at":"1522314797","updated_at":null},{"id":"27740068","caption_id":"129715","seq":"98","text":"Yeah, why not?","translate_comment":"","start":"173.53","dur":"0.07","is_scores":null,"created_at":"1522314797","updated_at":null},{"id":"27740069","caption_id":"129715","seq":"99","text":"That would be very good.","translate_comment":"","start":"173.679","dur":"0.921","is_scores":null,"created_at":"1522314797","updated_at":null},{"id":"27740070","caption_id":"129715","seq":"100","text":"Okay, okay.","translate_comment":"","start":"175.11","dur":"0.75","is_scores":null,"created_at":"1522314797","updated_at":null},{"id":"27740076","caption_id":"129715","seq":"101","text":"Yeah, that's my freestyle.","translate_comment":"","start":"187.9","dur":"0.32","is_scores":null,"created_at":"1522314797","updated_at":null},{"id":"27740077","caption_id":"129715","seq":"102","text":"Wow, very impressive!","translate_comment":"","start":"188.6","dur":"2.029","is_scores":null,"created_at":"1522314797","updated_at":null},{"id":"27740078","caption_id":"129715","seq":"103","text":"That's very good.","translate_comment":"","start":"190.67","dur":"1.019","is_scores":null,"created_at":"1522314797","updated_at":null},{"id":"27740079","caption_id":"129715","seq":"104","text":"Even though I don't really understand what you were talking about (saying).","translate_comment":"","start":"191.71","dur":"2.469","is_scores":null,"created_at":"1522314797","updated_at":null},{"id":"27740080","caption_id":"129715","seq":"105","text":"So (did) you like it?","translate_comment":"","start":"195.489","dur":"0.811","is_scores":null,"created_at":"1522314797","updated_at":null},{"id":"27740081","caption_id":"129715","seq":"106","text":"Yeah, yeah, very much.","translate_comment":"","start":"196.4","dur":"0.91","is_scores":null,"created_at":"1522314797","updated_at":null},{"id":"27740082","caption_id":"129715","seq":"107","text":"I think you should rap more.","translate_comment":"","start":"197.35","dur":"1.84","is_scores":null,"created_at":"1522314797","updated_at":null},{"id":"27740083","caption_id":"129715","seq":"108","text":"Thank you so much, bye.","translate_comment":"","start":"198.959","dur":"2.771","is_scores":null,"created_at":"1522314797","updated_at":null},{"id":"27740084","caption_id":"129715","seq":"109","text":"So that was a very interesting experience.","translate_comment":"","start":"204.1","dur":"2.529","is_scores":null,"created_at":"1522314797","updated_at":null},{"id":"27740085","caption_id":"129715","seq":"110","text":"Also the Taiwanese are really friendly,","translate_comment":"","start":"206.809","dur":"1.83","is_scores":null,"created_at":"1522314797","updated_at":null},{"id":"27740086","caption_id":"129715","seq":"111","text":"and they can communicate with me in English,","translate_comment":"","start":"208.7","dur":"3.08","is_scores":null,"created_at":"1522314797","updated_at":null},{"id":"27740087","caption_id":"129715","seq":"112","text":"so I definitely look forward to more experience (opportunities) to chat in person in (the) future.","translate_comment":"","start":"212.19","dur":"4.269","is_scores":null,"created_at":"1522314797","updated_at":null}],"zh-Hant":[{"id":"27743974","caption_id":"129718","seq":"1","text":"\u55e8\uff01\u6709\u500b\u90fd\u5e02\u50b3\u8aaa\u662f\uff0c\u53f0\u7063\u4eba\u4e0d\u559c\u6b61\u8b1b\u82f1\u6587","translate_comment":"","start":"1.77","dur":"4.94","is_scores":null,"created_at":"1522318780","updated_at":null},{"id":"27743975","caption_id":"129718","seq":"2","text":"\u6240\u4ee5\u6211\u4eca\u5929\u8981\u900f\u904e Goodnight \u9019\u500b app \u4f86\u770b\u770b\u9019\u662f\u4e0d\u662f\u771f\u7684","translate_comment":"","start":"7.4","dur":"4.29","is_scores":null,"created_at":"1522318780","updated_at":null},{"id":"27743976","caption_id":"129718","seq":"3","text":"\u90a3\u6211\u4f86\u6309\u4e0b\u300c\u804a\u5929\u300d\u9019\u500b\u6309\u9375","translate_comment":"","start":"11.99","dur":"2.99","is_scores":null,"created_at":"1522318780","updated_at":null},{"id":"27743977","caption_id":"129718","seq":"4","text":"\u5594\uff0c\u6211\u9023\u4e0a\u7dda\u4e86","translate_comment":"","start":"15.8","dur":"0.67","is_scores":null,"created_at":"1522318780","updated_at":null},{"id":"27743978","caption_id":"129718","seq":"5","text":"\u55e8","translate_comment":"","start":"16.699","dur":"0.43","is_scores":null,"created_at":"1522318780","updated_at":null},{"id":"27743979","caption_id":"129718","seq":"6","text":"\u54c8\u56c9\uff0c\u4f60\u597d","translate_comment":"","start":"17.2","dur":"1.2","is_scores":null,"created_at":"1522318780","updated_at":null},{"id":"27743980","caption_id":"129718","seq":"7","text":"\u4f60\u597d\u55ce\uff1f","translate_comment":"","start":"18.439","dur":"1","is_scores":null,"created_at":"1522318780","updated_at":null},{"id":"27743981","caption_id":"129718","seq":"8","text":"\u5f88\u597d\uff0c\u8b1d\u8b1d","translate_comment":"","start":"20.189","dur":"1.101","is_scores":null,"created_at":"1522318780","updated_at":null},{"id":"27743982","caption_id":"129718","seq":"9","text":"\u4f60\u4eca\u5929\u597d\u55ce\uff1f","translate_comment":"","start":"21.99","dur":"0.71","is_scores":null,"created_at":"1522318780","updated_at":null},{"id":"27743983","caption_id":"129718","seq":"10","text":"\u4f60\u6703\u8aaa\u82f1\u6587\u55ce\uff1f","translate_comment":"","start":"22.23","dur":"1.19","is_scores":null,"created_at":"1522318780","updated_at":null},{"id":"27743984","caption_id":"129718","seq":"11","text":"\u82f1\u6587\u22ef\u22ef\u4e00\u9ede\u9ede","translate_comment":"","start":"24.46","dur":"0.84","is_scores":null,"created_at":"1522318780","updated_at":null},{"id":"27743985","caption_id":"129718","seq":"12","text":"\u5594\uff0c\u975e\u5e38\u597d","translate_comment":"","start":"25.72","dur":"1.499","is_scores":null,"created_at":"1522318780","updated_at":null},{"id":"27743986","caption_id":"129718","seq":"13","text":"\u6240\u4ee5\u4f60\u65b0\u5e74\u904e\u5f97\u5982\u4f55\uff1f","translate_comment":"","start":"27.23","dur":"1.91","is_scores":null,"created_at":"1522318780","updated_at":null},{"id":"27743987","caption_id":"129718","seq":"14","text":"\u4f60\u6709\u5403\u5f88\u591a\u55ce\uff1f","translate_comment":"","start":"29.29","dur":"0.92","is_scores":null,"created_at":"1522318780","updated_at":null},{"id":"27743988","caption_id":"129718","seq":"15","text":"\u5582\uff1f","translate_comment":"","start":"30.389","dur":"0.47","is_scores":null,"created_at":"1522318780","updated_at":null},{"id":"27743989","caption_id":"129718","seq":"16","text":"\u55ef\uff0c\u4ed6\u639b\u65b7\u4e86","translate_comment":"","start":"32.25","dur":"2.489","is_scores":null,"created_at":"1522318780","updated_at":null},{"id":"27743990","caption_id":"129718","seq":"17","text":"\u55e8\uff0c\u65b0\u5e74\u5feb\u6a02\uff01","translate_comment":"","start":"34.9","dur":"1.99","is_scores":null,"created_at":"1522318780","updated_at":null},{"id":"27743991","caption_id":"129718","seq":"18","text":"\u65b0\u5e74\u5feb\u6a02\uff0c\u563f\u563f","translate_comment":"","start":"36.629","dur":"1.271","is_scores":null,"created_at":"1522318780","updated_at":null},{"id":"27743992","caption_id":"129718","seq":"19","text":"\u6211\u4e0d\u6703 English \u5566","translate_comment":"","start":"37.98","dur":"1.02","is_scores":null,"created_at":"1522318780","updated_at":null},{"id":"27743993","caption_id":"129718","seq":"20","text":"\u6211\u5011\u4f86\u8a66\u8a66\u770b\u3002\u4f60\u597d\u55ce\uff1f","translate_comment":"","start":"39.8","dur":"2.92","is_scores":null,"created_at":"1522318780","updated_at":null},{"id":"27743994","caption_id":"129718","seq":"21","text":"\u4f60\u4eca\u5929\u597d\u55ce\uff1f","translate_comment":"","start":"42.72","dur":"0.09","is_scores":null,"created_at":"1522318780","updated_at":null},{"id":"27743995","caption_id":"129718","seq":"22","text":"\u5582\uff1f","translate_comment":"","start":"43.6","dur":"0.23","is_scores":null,"created_at":"1522318780","updated_at":null},{"id":"27743996","caption_id":"129718","seq":"23","text":"\u5582","translate_comment":"","start":"44.54","dur":"0.42","is_scores":null,"created_at":"1522318780","updated_at":null},{"id":"27743997","caption_id":"129718","seq":"24","text":"\u55e8\uff0c\u8acb\u554f\u54ea\u4f4d\uff1f","translate_comment":"","start":"45.16","dur":"0.689","is_scores":null,"created_at":"1522318780","updated_at":null},{"id":"27743998","caption_id":"129718","seq":"25","text":"\u4f60\u7d55\u5c0d\u662f\u53f0\u7063\u4eba","translate_comment":"","start":"45.849","dur":"1.151","is_scores":null,"created_at":"1522318780","updated_at":null},{"id":"27743999","caption_id":"129718","seq":"26","text":"\u4e0d\u662f","translate_comment":"","start":"47","dur":"1","is_scores":null,"created_at":"1522318780","updated_at":null},{"id":"27744000","caption_id":"129718","seq":"27","text":"\u4f60\u662f\u53f0\u7063\u4eba","translate_comment":"","start":"48","dur":"1","is_scores":null,"created_at":"1522318780","updated_at":null},{"id":"27744002","caption_id":"129718","seq":"28","text":"\u4f60\u807d\u5f97\u61c2\u6211\u5728\u8b1b\u4ec0\u9ebc\u6240\u4ee5\u624d\u6703\u8aaa no","translate_comment":"","start":"49","dur":"0.94","is_scores":null,"created_at":"1522318780","updated_at":null},{"id":"27744003","caption_id":"129718","seq":"29","text":"\u54c8\u56c9","translate_comment":"","start":"50.36","dur":"0.04","is_scores":null,"created_at":"1522318780","updated_at":null},{"id":"27744004","caption_id":"129718","seq":"30","text":"\u54c8\u56c9","translate_comment":"","start":"51.53","dur":"0.45","is_scores":null,"created_at":"1522318780","updated_at":null},{"id":"27744005","caption_id":"129718","seq":"31","text":"- \u4f60\u597d\u55ce\uff1f","translate_comment":"","start":"52.869","dur":"0.65","is_scores":null,"created_at":"1522318780","updated_at":null},{"id":"27744006","caption_id":"129718","seq":"32","text":"\u55ef\uff1f","translate_comment":"","start":"53.57","dur":"1.12","is_scores":null,"created_at":"1522318780","updated_at":null},{"id":"27744007","caption_id":"129718","seq":"33","text":"- \"How are you?\"","translate_comment":"","start":"54.619","dur":"0.13","is_scores":null,"created_at":"1522318780","updated_at":null},{"id":"27744008","caption_id":"129718","seq":"34","text":"\u4f60\u81ea\u4ee5\u70ba\u662f\u5916\u570b\u4eba\u55ce\uff1f","translate_comment":"","start":"54.749","dur":"1.531","is_scores":null,"created_at":"1522318780","updated_at":null},{"id":"27744009","caption_id":"129718","seq":"35","text":"\u4f60\u662f\u5f9e\u54ea\u88e1\u4f86\u7684\uff1f","translate_comment":"","start":"56.28","dur":"0.62","is_scores":null,"created_at":"1522318780","updated_at":null},{"id":"27744010","caption_id":"129718","seq":"36","text":"- \u6211\u662f\u5f9e\u53f0\u7063\u4f86\u7684","translate_comment":"","start":"56.96","dur":"0.91","is_scores":null,"created_at":"1522318780","updated_at":null},{"id":"27744011","caption_id":"129718","seq":"37","text":"\u6240\u4ee5\u4f60\u4eca\u5929\u597d\u55ce\uff1f","translate_comment":"","start":"57.89","dur":"1.01","is_scores":null,"created_at":"1522318780","updated_at":null},{"id":"27744012","caption_id":"129718","seq":"38","text":"\u5f88\u597d","translate_comment":"","start":"59","dur":"0.46","is_scores":null,"created_at":"1522318780","updated_at":null},{"id":"27744013","caption_id":"129718","seq":"39","text":"\u771f\u7684\uff1f","translate_comment":"","start":"59.68","dur":"0.32","is_scores":null,"created_at":"1522318780","updated_at":null},{"id":"27744014","caption_id":"129718","seq":"40","text":"\u4f60\u597d","translate_comment":"","start":"60.1","dur":"1.3","is_scores":null,"created_at":"1522318780","updated_at":null},{"id":"27744015","caption_id":"129718","seq":"41","text":"\u6211\u60f3\u53bb\u4e00\u9593\u9910\u5ef3","translate_comment":"","start":"61.8","dur":"0.749","is_scores":null,"created_at":"1522318780","updated_at":null},{"id":"27744016","caption_id":"129718","seq":"42","text":"\u4f60\u63a8\u85a6\u54ea\u9593\uff1f","translate_comment":"","start":"62.559","dur":"1.29","is_scores":null,"created_at":"1522318780","updated_at":null},{"id":"27744017","caption_id":"129718","seq":"43","text":"\u58eb\u6797\u591c\u5e02\u7684\u82f1\u6587\u600e\u9ebc\u8b1b\uff1f","translate_comment":"","start":"64.389","dur":"5.611","is_scores":null,"created_at":"1522318780","updated_at":null},{"id":"27744018","caption_id":"129718","seq":"44","text":"\u5ee2\u8a71\uff0c\u6211\u7576\u7136\u77e5\u9053\u662f night market","translate_comment":"","start":"70.1","dur":"4.55","is_scores":null,"created_at":"1522318780","updated_at":null},{"id":"27744019","caption_id":"129718","seq":"45","text":"\u54c8\u56c9\u54c8\u56c9","translate_comment":"","start":"74.7","dur":"0.81","is_scores":null,"created_at":"1522318780","updated_at":null},{"id":"27744020","caption_id":"129718","seq":"46","text":"\u55e8","translate_comment":"","start":"75.69","dur":"0.81","is_scores":null,"created_at":"1522318780","updated_at":null},{"id":"27744021","caption_id":"129718","seq":"47","text":"\u4f60\u662f Ray \u55ce\uff1f","translate_comment":"","start":"76.5","dur":"1.25","is_scores":null,"created_at":"1522318780","updated_at":null},{"id":"27744022","caption_id":"129718","seq":"48","text":"\u6211\u7684\u82f1\u6587\u5f88\u721b","translate_comment":"","start":"77.91","dur":"1.09","is_scores":null,"created_at":"1522318780","updated_at":null},{"id":"27744023","caption_id":"129718","seq":"49","text":"\u54c7\uff0c\u4f60\u7684\u82f1\u6587\u5f88\u68d2\uff01","translate_comment":"","start":"79.1","dur":"3.3","is_scores":null,"created_at":"1522318780","updated_at":null},{"id":"27744025","caption_id":"129718","seq":"50","text":"- \u4f60\u6709\u6c92\u6709\u22ef\u22ef\uff1f - \u6211\u6709\u6c92\u6709\u4ec0\u9ebc\uff1f","translate_comment":"","start":"82.36","dur":"1.1","is_scores":null,"created_at":"1522318780","updated_at":null},{"id":"27744026","caption_id":"129718","seq":"51","text":"L-I-N-E","translate_comment":"","start":"83.5","dur":"1.2","is_scores":null,"created_at":"1522318780","updated_at":null},{"id":"27744027","caption_id":"129718","seq":"52","text":"\u5594\uff0c\u4f60\u662f\u8aaa LINE","translate_comment":"","start":"84.73","dur":"0.629","is_scores":null,"created_at":"1522318780","updated_at":null},{"id":"27744028","caption_id":"129718","seq":"53","text":"Line \u662f\u4ec0\u9ebc\uff1f","translate_comment":"","start":"86.11","dur":"0.759","is_scores":null,"created_at":"1522318780","updated_at":null},{"id":"27744029","caption_id":"129718","seq":"54","text":"\u6211\u4e0d\u77e5\u9053\u90a3\u662f\u4ec0\u9ebc\uff0cLINE \u662f\u4ec0\u9ebc\u6771\u897f\uff1f","translate_comment":"","start":"87.9","dur":"0.259","is_scores":null,"created_at":"1522318780","updated_at":null},{"id":"27744030","caption_id":"129718","seq":"55","text":"WeChat?","translate_comment":"","start":"88.68","dur":"0.04","is_scores":null,"created_at":"1522318780","updated_at":null},{"id":"27744031","caption_id":"129718","seq":"56","text":"We... WeChat","translate_comment":"","start":"88.77","dur":"1.15","is_scores":null,"created_at":"1522318780","updated_at":null},{"id":"27744032","caption_id":"129718","seq":"57","text":"WeChat","translate_comment":"","start":"94.13","dur":"0.16","is_scores":null,"created_at":"1522318780","updated_at":null},{"id":"27744033","caption_id":"129718","seq":"58","text":"\u5594\uff01","translate_comment":"","start":"94.35","dur":"0.16","is_scores":null,"created_at":"1522318780","updated_at":null},{"id":"27744034","caption_id":"129718","seq":"59","text":"Facebook \u5462\uff1f","translate_comment":"","start":"94.57","dur":"0.22","is_scores":null,"created_at":"1522318780","updated_at":null},{"id":"27744035","caption_id":"129718","seq":"60","text":"\u6211\u5011\u4f86\u7576\u670b\u53cb","translate_comment":"","start":"95.23","dur":"3.88","is_scores":null,"created_at":"1522318780","updated_at":null},{"id":"27744036","caption_id":"129718","seq":"61","text":"\u4ea4\u22ef\u22ef\u5c0d\u5440\uff0c\u4f60\u73fe\u5728\u82f1\u6587\u5f88\u597d\u554a\uff01","translate_comment":"","start":"99.599","dur":"2.22","is_scores":null,"created_at":"1522318780","updated_at":null},{"id":"27744037","caption_id":"129718","seq":"62","text":"\u6211\u4ee5\u70ba\u4f60\u8aaa\u4f60\u82f1\u6587\u4e0d\u597d","translate_comment":"","start":"101.82","dur":"2","is_scores":null,"created_at":"1522318780","updated_at":null},{"id":"27744038","caption_id":"129718","seq":"63","text":"\u5176\u5be6\u9084\u4e0d\u932f","translate_comment":"","start":"103.9","dur":"0.71","is_scores":null,"created_at":"1522318780","updated_at":null},{"id":"27744039","caption_id":"129718","seq":"64","text":"\u55ef\uff0c\u65b0\u5e74\u5feb\u6a02","translate_comment":"","start":"104.65","dur":"1.12","is_scores":null,"created_at":"1522318780","updated_at":null},{"id":"27744040","caption_id":"129718","seq":"65","text":"Bye","translate_comment":"","start":"106.18","dur":"0.58","is_scores":null,"created_at":"1522318780","updated_at":null},{"id":"27744041","caption_id":"129718","seq":"66","text":"Bye","translate_comment":"","start":"107.29","dur":"-0.121","is_scores":null,"created_at":"1522318780","updated_at":null},{"id":"27744042","caption_id":"129718","seq":"67","text":"\u5582\uff1f","translate_comment":"","start":"110.35","dur":"0.439","is_scores":null,"created_at":"1522318780","updated_at":null},{"id":"27744043","caption_id":"129718","seq":"68","text":"\u55e8","translate_comment":"","start":"110.8","dur":"1.6","is_scores":null,"created_at":"1522318780","updated_at":null},{"id":"27744044","caption_id":"129718","seq":"69","text":"\u55e8\uff0c\u4f60\u53eb\u4ec0\u9ebc\u540d\u5b57\uff1f","translate_comment":"","start":"112.5","dur":"0.6","is_scores":null,"created_at":"1522318780","updated_at":null},{"id":"27744045","caption_id":"129718","seq":"70","text":"\u4f60\u73fe\u5728\u5728\u4f4f\u53f0\u5317\u54ea\u88e1\uff1f","translate_comment":"","start":"113.66","dur":"1.2","is_scores":null,"created_at":"1522318780","updated_at":null},{"id":"27744046","caption_id":"129718","seq":"71","text":"\u6211\u4f4f\u5728\u4fe1\u7fa9\u5340\u9644\u8fd1","translate_comment":"","start":"115.5","dur":"2.39","is_scores":null,"created_at":"1522318780","updated_at":null},{"id":"27744047","caption_id":"129718","seq":"72","text":"\u53f0\u5317 101 \u9644\u8fd1","translate_comment":"","start":"117.95","dur":"1.44","is_scores":null,"created_at":"1522318780","updated_at":null},{"id":"27744048","caption_id":"129718","seq":"73","text":"\u55ef\uff0c\u6211\u5728\u60f3\uff0c\u5982\u679c\u6211\u60f3\u53bb\u53f0\u5317\u4e0d\u932f\u7684\u9910\u5ef3\uff0c","translate_comment":"","start":"119.889","dur":"5.311","is_scores":null,"created_at":"1522318780","updated_at":null},{"id":"27744049","caption_id":"129718","seq":"74","text":"\u4f60\u6703\u63a8\u85a6\u54ea\u88e1\uff1f","translate_comment":"","start":"125.529","dur":"1.041","is_scores":null,"created_at":"1522318780","updated_at":null},{"id":"27744050","caption_id":"129718","seq":"75","text":"\u6216\u8a31\u6211\u53ef\u4ee5\u5e36\u59b3\u53bb","translate_comment":"","start":"127.15","dur":"1.09","is_scores":null,"created_at":"1522318780","updated_at":null},{"id":"27744051","caption_id":"129718","seq":"76","text":"\u4f60\u53ef\u4ee5\u5e36\u6211\u53bb\u90a3\u9593\u9910\u5ef3\u55ce\uff1f","translate_comment":"","start":"128.65","dur":"1.45","is_scores":null,"created_at":"1522318780","updated_at":null},{"id":"27744052","caption_id":"129718","seq":"77","text":"\u4f60\u4eba\u771f\u597d","translate_comment":"","start":"130.1","dur":"1.14","is_scores":null,"created_at":"1522318780","updated_at":null},{"id":"27744053","caption_id":"129718","seq":"78","text":"\u55ef\uff0c\u6211\u5f88\u6a02\u610f","translate_comment":"","start":"131.3","dur":"1.05","is_scores":null,"created_at":"1522318780","updated_at":null},{"id":"27744054","caption_id":"129718","seq":"79","text":"\u54c7\uff0c\u8b1d\u8b1d\u4f60\uff01","translate_comment":"","start":"132.81","dur":"1.44","is_scores":null,"created_at":"1522318780","updated_at":null},{"id":"27744055","caption_id":"129718","seq":"80","text":"\u4f60\u7684\u82f1\u6587\u600e\u9ebc\u9019\u9ebc\u597d\uff1f","translate_comment":"","start":"134.429","dur":"1.84","is_scores":null,"created_at":"1522318780","updated_at":null},{"id":"27744056","caption_id":"129718","seq":"81","text":"\u6216\u8a31\u6211\u53ef\u4ee5\u900f\u904e\u8a9e\u8a00\u4ea4\u63db\u5b78\u66f4\u591a\u82f1\u6587","translate_comment":"","start":"136.52","dur":"2.48","is_scores":null,"created_at":"1522318780","updated_at":null},{"id":"27744057","caption_id":"129718","seq":"82","text":"\u55ef\uff0c\u5c0d\u5440\uff01\u9019\u4e3b\u610f\u4e0d\u932f","translate_comment":"","start":"139.4","dur":"3.11","is_scores":null,"created_at":"1522318780","updated_at":null},{"id":"27744058","caption_id":"129718","seq":"83","text":"\u6211\u4e5f\u53ef\u4ee5\u5b78\u4e2d\u6587","translate_comment":"","start":"142.549","dur":"1.13","is_scores":null,"created_at":"1522318780","updated_at":null},{"id":"27744059","caption_id":"129718","seq":"84","text":"\u4f60\u771f\u8070\u660e","translate_comment":"","start":"143.75","dur":"1.649","is_scores":null,"created_at":"1522318780","updated_at":null},{"id":"27744060","caption_id":"129718","seq":"85","text":"\u55ef\uff0c\u662f\u6211\u7684\u69ae\u5e78","translate_comment":"","start":"145.4","dur":"0.6","is_scores":null,"created_at":"1522318780","updated_at":null},{"id":"27744061","caption_id":"129718","seq":"86","text":"\u4f60\u73fe\u5728\u6709\u7a7a\u55ce\uff1f","translate_comment":"","start":"146.1","dur":"0.9","is_scores":null,"created_at":"1522318780","updated_at":null},{"id":"27744062","caption_id":"129718","seq":"87","text":"\u8ddf\u6211\u898b\u9762","translate_comment":"","start":"148","dur":"1","is_scores":null,"created_at":"1522318780","updated_at":null},{"id":"27744063","caption_id":"129718","seq":"88","text":"\u73fe\u5728\u55ce\uff1f","translate_comment":"","start":"149.9","dur":"0.1","is_scores":null,"created_at":"1522318780","updated_at":null},{"id":"27744064","caption_id":"129718","seq":"89","text":"\u6211\u89ba\u5f97\u6709\u9ede\u592a\u8d95\u4e86","translate_comment":"","start":"150.1","dur":"4.6","is_scores":null,"created_at":"1522318780","updated_at":null},{"id":"27744065","caption_id":"129718","seq":"90","text":"\u5582\uff0c\u4f60\u597d","translate_comment":"","start":"154.86","dur":"0.72","is_scores":null,"created_at":"1522318780","updated_at":null},{"id":"27744066","caption_id":"129718","seq":"91","text":"\u55e8\uff0c\u4f60\u597d\u55ce\uff1f","translate_comment":"","start":"155.63","dur":"0.64","is_scores":null,"created_at":"1522318780","updated_at":null},{"id":"27744067","caption_id":"129718","seq":"92","text":"\u4f60\u6703\u8aaa\u4e2d\u6587\u55ce\uff1f","translate_comment":"","start":"156.27","dur":"1.089","is_scores":null,"created_at":"1522318780","updated_at":null},{"id":"27744068","caption_id":"129718","seq":"93","text":"\u4f60\u53eb\u4ec0\u9ebc\uff1f","translate_comment":"","start":"157.84","dur":"0.77","is_scores":null,"created_at":"1522318780","updated_at":null},{"id":"27744069","caption_id":"129718","seq":"94","text":"\u6211\u53eb Jackie","translate_comment":"","start":"159.25","dur":"0.98","is_scores":null,"created_at":"1522318780","updated_at":null},{"id":"27744070","caption_id":"129718","seq":"95","text":"\u4f60\u5011\u6703\u53bb\u9152\u5427\u6216\u9910\u5ef3\u6216\u591c\u5e02\u55ce\uff1f- \u6211\u5011\u6703\u53bb\u9152\u5427\u3001\u591c\u5e97\u807d\u563b\u54c8","translate_comment":"","start":"160.559","dur":"8.231","is_scores":null,"created_at":"1522318780","updated_at":null},{"id":"27744071","caption_id":"129718","seq":"96","text":"\u56e0\u70ba\u6211\u559c\u6b61\u807d\u9952\u820c\u6a02","translate_comment":"","start":"168.84","dur":"2.32","is_scores":null,"created_at":"1522318780","updated_at":null},{"id":"27744072","caption_id":"129718","seq":"97","text":"\u4f60\u60f3\u807d\u55ce\uff1f","translate_comment":"","start":"171.16","dur":"1.34","is_scores":null,"created_at":"1522318780","updated_at":null},{"id":"27744073","caption_id":"129718","seq":"98","text":"\u597d\u554a\uff0c\u70ba\u4f55\u4e0d\uff1f","translate_comment":"","start":"173.53","dur":"0.07","is_scores":null,"created_at":"1522318780","updated_at":null},{"id":"27744074","caption_id":"129718","seq":"99","text":"\u90a3\u4e0d\u932f","translate_comment":"","start":"173.679","dur":"0.921","is_scores":null,"created_at":"1522318780","updated_at":null},{"id":"27744075","caption_id":"129718","seq":"100","text":"\u597d\u5594","translate_comment":"","start":"175.11","dur":"0.75","is_scores":null,"created_at":"1522318780","updated_at":null},{"id":"27744076","caption_id":"129718","seq":"101","text":"\u55ef\uff0c\u90a3\u662f\u6211\u7684 freestyle","translate_comment":"","start":"187.9","dur":"0.32","is_scores":null,"created_at":"1522318780","updated_at":null},{"id":"27744078","caption_id":"129718","seq":"102","text":"\u54c7\uff0c\u597d\u53b2\u5bb3\uff01","translate_comment":"","start":"188.6","dur":"2.029","is_scores":null,"created_at":"1522318780","updated_at":null},{"id":"27744080","caption_id":"129718","seq":"103","text":"\u771f\u7684\u5f88\u68d2","translate_comment":"","start":"190.67","dur":"1.019","is_scores":null,"created_at":"1522318780","updated_at":null},{"id":"27744082","caption_id":"129718","seq":"104","text":"\u96d6\u7136\u6211\u807d\u4e0d\u61c2\u4f60\u525b\u5728\u8b1b\u4ec0\u9ebc","translate_comment":"","start":"191.71","dur":"2.469","is_scores":null,"created_at":"1522318780","updated_at":null},{"id":"27744084","caption_id":"129718","seq":"105","text":"\u6240\u4ee5\u4f60\u559c\u6b61\u55ce\uff1f","translate_comment":"","start":"195.489","dur":"0.811","is_scores":null,"created_at":"1522318780","updated_at":null},{"id":"27744086","caption_id":"129718","seq":"106","text":"\u55ef\uff0c\u975e\u5e38\u559c\u6b61","translate_comment":"","start":"196.4","dur":"0.91","is_scores":null,"created_at":"1522318780","updated_at":null},{"id":"27744194","caption_id":"129718","seq":"107","text":"\u6211\u89ba\u5f97\u4f60\u61c9\u8a72\u591a rap","translate_comment":"","start":"197.35","dur":"1.84","is_scores":null,"created_at":"1522318783","updated_at":null},{"id":"27744195","caption_id":"129718","seq":"108","text":"\u8b1d\u8b1d\u4f60\u5594\uff0c\u518d\u898b","translate_comment":"","start":"198.959","dur":"2.771","is_scores":null,"created_at":"1522318783","updated_at":null},{"id":"27744196","caption_id":"129718","seq":"109","text":"\u525b\u624d\u7684\u7d93\u9a57\u771f\u7684\u5f88\u6709\u8da3","translate_comment":"","start":"204.1","dur":"2.529","is_scores":null,"created_at":"1522318783","updated_at":null},{"id":"27744197","caption_id":"129718","seq":"110","text":"\u800c\u4e14\u53f0\u7063\u4eba\u90fd\u5f88\u53cb\u5584","translate_comment":"","start":"206.809","dur":"1.83","is_scores":null,"created_at":"1522318783","updated_at":null},{"id":"27744198","caption_id":"129718","seq":"111","text":"\u4ed6\u5011\u90fd\u80fd\u7528\u82f1\u6587\u8ddf\u6211\u6e9d\u901a","translate_comment":"","start":"208.7","dur":"3.08","is_scores":null,"created_at":"1522318783","updated_at":null},{"id":"27744199","caption_id":"129718","seq":"112","text":"\u6240\u4ee5\u6211\u771f\u7684\u5f88\u671f\u5f85\u672a\u4f86\u53ef\u4ee5\u8ddf\u66f4\u591a\u4eba\u7576\u9762\u804a\u5929","translate_comment":"","start":"212.19","dur":"4.269","is_scores":null,"created_at":"1522318783","updated_at":null}]}