{"en":[{"id":"27643533","caption_id":"129338","seq":"1","text":"All right.  Hey, everybody.","translate_comment":"","start":"1.116","dur":"1.667","is_scores":null,"created_at":"1522145795","updated_at":null},{"id":"27643534","caption_id":"129338","seq":"2","text":"You know, our mission is that everyone can belong anywhere.","translate_comment":"","start":"4.919","dur":"3.21","is_scores":null,"created_at":"1522145795","updated_at":null},{"id":"27643535","caption_id":"129338","seq":"3","text":"We've done the anywhere part.","translate_comment":"","start":"9.841","dur":"1.349","is_scores":null,"created_at":"1522145795","updated_at":null},{"id":"27643536","caption_id":"129338","seq":"4","text":"But Airbnb is still, for some,","translate_comment":"","start":"11.746","dur":"2.555","is_scores":null,"created_at":"1522145795","updated_at":null},{"id":"27643537","caption_id":"129338","seq":"5","text":"an alternative way of traveling...","translate_comment":"","start":"14.301","dur":"2.072","is_scores":null,"created_at":"1522145795","updated_at":null},{"id":"27643538","caption_id":"129338","seq":"6","text":"...until today.","translate_comment":"","start":"17.409","dur":"1.215","is_scores":null,"created_at":"1522145795","updated_at":null},{"id":"27643539","caption_id":"129338","seq":"7","text":"Today, we will show you Airbnb is for everyone.","translate_comment":"","start":"19.161","dur":"4","is_scores":null,"created_at":"1522145795","updated_at":null},{"id":"27643540","caption_id":"129338","seq":"8","text":"We have the perfect home for every guest.","translate_comment":"","start":"23.776","dur":"2.22","is_scores":null,"created_at":"1522145795","updated_at":null},{"id":"27643541","caption_id":"129338","seq":"9","text":"You just can't find it.","translate_comment":"","start":"25.996","dur":"1.596","is_scores":null,"created_at":"1522145795","updated_at":null},{"id":"27643542","caption_id":"129338","seq":"10","text":"So we are introducing new categories.","translate_comment":"","start":"28.146","dur":"2.443","is_scores":null,"created_at":"1522145795","updated_at":null},{"id":"27643543","caption_id":"129338","seq":"11","text":"But how would you find not just the perfect home for you,","translate_comment":"","start":"31.169","dur":"2.581","is_scores":null,"created_at":"1522145795","updated_at":null},{"id":"27643544","caption_id":"129338","seq":"12","text":"but the right home for the right type of trip?","translate_comment":"","start":"34.367","dur":"2.454","is_scores":null,"created_at":"1522145795","updated_at":null},{"id":"27643545","caption_id":"129338","seq":"13","text":"Airbnb collections.","translate_comment":"","start":"38.137","dur":"2.102","is_scores":null,"created_at":"1522145795","updated_at":null},{"id":"27643546","caption_id":"129338","seq":"14","text":"Many of our hosts are going above and beyond","translate_comment":"","start":"43.76","dur":"2.796","is_scores":null,"created_at":"1522145795","updated_at":null},{"id":"27643547","caption_id":"129338","seq":"15","text":"even the super host standard.","translate_comment":"","start":"46.556","dur":"1.798","is_scores":null,"created_at":"1522145795","updated_at":null},{"id":"27643548","caption_id":"129338","seq":"16","text":"I'm excited to announce Airbnb Plus.","translate_comment":"","start":"48.354","dur":"4.162","is_scores":null,"created_at":"1522145795","updated_at":null},{"id":"27643549","caption_id":"129338","seq":"17","text":"All the comforts of home...plus more.","translate_comment":"","start":"53.495","dur":"2.832","is_scores":null,"created_at":"1522145795","updated_at":null},{"id":"27643550","caption_id":"129338","seq":"18","text":"Every single one of these homes are verified for quality.","translate_comment":"","start":"58.22","dur":"3.408","is_scores":null,"created_at":"1522145795","updated_at":null},{"id":"27643551","caption_id":"129338","seq":"19","text":"But, what if...","translate_comment":"","start":"65.25","dur":"2.033","is_scores":null,"created_at":"1522145795","updated_at":null},{"id":"27643552","caption_id":"129338","seq":"20","text":"...we even went...","translate_comment":"","start":"69.433","dur":"0.974","is_scores":null,"created_at":"1522145795","updated_at":null},{"id":"27643553","caption_id":"129338","seq":"21","text":"...beyond?","translate_comment":"","start":"72.713","dur":"1.024","is_scores":null,"created_at":"1522145795","updated_at":null},{"id":"27643554","caption_id":"129338","seq":"22","text":"So today, we showed you five things.","translate_comment":"","start":"74.611","dur":"2.846","is_scores":null,"created_at":"1522145795","updated_at":null},{"id":"27643555","caption_id":"129338","seq":"23","text":"And when you put these five things together,","translate_comment":"","start":"77.457","dur":"2.507","is_scores":null,"created_at":"1522145795","updated_at":null},{"id":"27643556","caption_id":"129338","seq":"24","text":"we finally do have a home for everyone.","translate_comment":"","start":"79.964","dur":"4.472","is_scores":null,"created_at":"1522145795","updated_at":null},{"id":"27643557","caption_id":"129338","seq":"25","text":"Our hosts have been leading the way,","translate_comment":"","start":"84.436","dur":"3.019","is_scores":null,"created_at":"1522145795","updated_at":null},{"id":"27643558","caption_id":"129338","seq":"26","text":"and in the process, redefine what it means to be home.","translate_comment":"","start":"87.455","dur":"4.653","is_scores":null,"created_at":"1522145795","updated_at":null},{"id":"27643559","caption_id":"129338","seq":"27","text":"Thank you.","translate_comment":"","start":"94.129","dur":"1.376","is_scores":null,"created_at":"1522145795","updated_at":null}],"zh-Hant":[{"id":"27686039","caption_id":"129351","seq":"1","text":"\u597d\u7684\uff01\u55e8\uff0c\u5927\u5bb6\u597d","translate_comment":"","start":"1.116","dur":"1.667","is_scores":null,"created_at":"1522146787","updated_at":null},{"id":"27686040","caption_id":"129351","seq":"2","text":"\u4f60\u5011\u77e5\u9053\uff0c\u6211\u5011\u7684\u4f7f\u547d\u662f\u8981\u8b93\u5927\u5bb6\u7121\u8ad6\u8eab\u8655\u4f55\u8655\u90fd\u6709\u6b78\u5c6c","translate_comment":"","start":"4.919","dur":"3.21","is_scores":null,"created_at":"1522146787","updated_at":null},{"id":"27686041","caption_id":"129351","seq":"3","text":"\u6211\u5011\u5df2\u7d93\u5b8c\u6210\u4e86\u300c\u8eab\u8655\u4f55\u8655\u300d\u9019\u500b\u90e8\u5206","translate_comment":"","start":"9.841","dur":"1.349","is_scores":null,"created_at":"1522146787","updated_at":null},{"id":"27686042","caption_id":"129351","seq":"4","text":"\u4f46 Airbnb \u5c0d\u4e00\u4e9b\u4eba\u4f86\u8aaa","translate_comment":"","start":"11.746","dur":"2.555","is_scores":null,"created_at":"1522146787","updated_at":null},{"id":"27686043","caption_id":"129351","seq":"5","text":"\u4ecd\u662f\u65c5\u884c\u53e6\u985e\u7684\u65b9\u5f0f","translate_comment":"","start":"14.301","dur":"2.072","is_scores":null,"created_at":"1522146787","updated_at":null},{"id":"27686044","caption_id":"129351","seq":"6","text":"...\u76f4\u5230\u4eca\u5929","translate_comment":"","start":"17.409","dur":"1.215","is_scores":null,"created_at":"1522146787","updated_at":null},{"id":"27686045","caption_id":"129351","seq":"7","text":"\u4eca\u5929\uff0c\u6211\u5011\u8981\u8b49\u660e\u7d66\u4f60\u770b Airbnb \u662f\u5c6c\u65bc\u6240\u6709\u4eba\u7684\u5bb6","translate_comment":"","start":"19.161","dur":"4","is_scores":null,"created_at":"1522146787","updated_at":null},{"id":"27686046","caption_id":"129351","seq":"8","text":"\u6211\u5011\u91dd\u5c0d\u6bcf\u4e00\u4f4d\u5ba2\u4eba\uff0c\u63d0\u4f9b\u5b8c\u7f8e\u7684\u4f4f\u5bbf","translate_comment":"","start":"23.776","dur":"2.22","is_scores":null,"created_at":"1522146787","updated_at":null},{"id":"27686047","caption_id":"129351","seq":"9","text":"\u53ea\u662f\u4f60\u627e\u4e0d\u5230\u800c\u5df2","translate_comment":"","start":"25.996","dur":"1.596","is_scores":null,"created_at":"1522146787","updated_at":null},{"id":"27686048","caption_id":"129351","seq":"10","text":"\u6240\u4ee5\u6211\u5011\u5411\u60a8\u4ecb\u7d39\u65b0\u7684\u985e\u5225","translate_comment":"","start":"28.146","dur":"2.443","is_scores":null,"created_at":"1522146787","updated_at":null},{"id":"27686049","caption_id":"129351","seq":"11","text":"\u4f46\u662f\u4f60\u8981\u5982\u4f55\u627e\u5230\u4e00\u500b\u4e0d\u50c5\u5b8c\u7f8e","translate_comment":"","start":"31.169","dur":"2.581","is_scores":null,"created_at":"1522146787","updated_at":null},{"id":"27686050","caption_id":"129351","seq":"12","text":"\u9084\u8981\u80fd\u5408\u4e4e\u9019\u8d9f\u65c5\u7a0b\u7684\u5408\u9069\u4f4f\u5bbf\u5462\uff1f","translate_comment":"","start":"34.367","dur":"2.454","is_scores":null,"created_at":"1522146787","updated_at":null},{"id":"27686051","caption_id":"129351","seq":"13","text":"Airbnb \u7d93\u5178\u6536\u85cf","translate_comment":"","start":"38.137","dur":"2.102","is_scores":null,"created_at":"1522146787","updated_at":null},{"id":"27686052","caption_id":"129351","seq":"14","text":"\u8a31\u591a\u6211\u5011\u7684\u5c4b\u4e3b\u7cbe\u76ca\u6c42\u7cbe","translate_comment":"","start":"43.76","dur":"2.796","is_scores":null,"created_at":"1522146787","updated_at":null},{"id":"27686053","caption_id":"129351","seq":"15","text":"\u751a\u81f3\u8d85\u8d8a\u4e86\u8d85\u8b9a\u623f\u6771\u7684\u6a19\u6e96","translate_comment":"","start":"46.556","dur":"1.798","is_scores":null,"created_at":"1522146787","updated_at":null},{"id":"27686054","caption_id":"129351","seq":"16","text":"\u6211\u5f88\u8208\u596e\u5730\u9686\u91cd\u4ecb\u7d39 Airbnb Plus","translate_comment":"","start":"48.354","dur":"4.162","is_scores":null,"created_at":"1522146787","updated_at":null},{"id":"27686055","caption_id":"129351","seq":"17","text":"\u6240\u6709\u4e00\u500b\u5bb6\u8a72\u6709\u7684\u8212\u9069...\u9084\u6709\u66f4\u591a","translate_comment":"","start":"53.495","dur":"2.832","is_scores":null,"created_at":"1522146787","updated_at":null},{"id":"27686056","caption_id":"129351","seq":"18","text":"\u9019\u4e4b\u4e2d\u7684\u6bcf\u4e00\u500b\u623f\u5c4b\u90fd\u662f\u7d93\u904e\u54c1\u8cea\u8a8d\u8b49","translate_comment":"","start":"58.22","dur":"3.408","is_scores":null,"created_at":"1522146787","updated_at":null},{"id":"27686057","caption_id":"129351","seq":"19","text":"\u4f46\u662f\uff0c\u5982\u679c...","translate_comment":"","start":"65.25","dur":"2.033","is_scores":null,"created_at":"1522146787","updated_at":null},{"id":"27686058","caption_id":"129351","seq":"20","text":"\u6211\u5011\u751a\u81f3","translate_comment":"","start":"69.433","dur":"0.974","is_scores":null,"created_at":"1522146787","updated_at":null},{"id":"27686059","caption_id":"129351","seq":"21","text":"\u8d85\u8d8a\u81ea\u6211\uff1f","translate_comment":"","start":"72.713","dur":"1.024","is_scores":null,"created_at":"1522146787","updated_at":null},{"id":"27686060","caption_id":"129351","seq":"22","text":"\u6240\u4ee5\u4eca\u5929\uff0c\u6211\u5011\u5411\u60a8\u4ecb\u7d39\u4e86\u4e94\u9805\u65b0\u7684\u670d\u52d9","translate_comment":"","start":"74.611","dur":"2.846","is_scores":null,"created_at":"1522146787","updated_at":null},{"id":"27686061","caption_id":"129351","seq":"23","text":"\u7576\u4f60\u628a\u9019\u4e94\u9805\u670d\u52d9\u653e\u5728\u4e00\u8d77","translate_comment":"","start":"77.457","dur":"2.507","is_scores":null,"created_at":"1522146787","updated_at":null},{"id":"27686062","caption_id":"129351","seq":"24","text":"\u6211\u5011\u7d42\u65bc\u6709\u4e86\u4e00\u500b\u5c6c\u65bc\u6240\u6709\u4eba\u7684\u5bb6","translate_comment":"","start":"79.964","dur":"4.472","is_scores":null,"created_at":"1522146787","updated_at":null},{"id":"27686063","caption_id":"129351","seq":"25","text":"\u6211\u5011\u7684\u5c4b\u4e3b\u4e00\u76f4\u5f15\u9818\u8457\u6211\u5011\u66f4\u9032\u6b65","translate_comment":"","start":"84.436","dur":"3.019","is_scores":null,"created_at":"1522146787","updated_at":null},{"id":"27686064","caption_id":"129351","seq":"26","text":"\u800c\u5728\u9019\u500b\u904e\u7a0b\u4e2d\uff0c\u91cd\u65b0\u5b9a\u7fa9\u4e86\u300c\u5bb6\u300d\u7684\u6982\u5ff5","translate_comment":"","start":"87.455","dur":"4.653","is_scores":null,"created_at":"1522146787","updated_at":null},{"id":"27686065","caption_id":"129351","seq":"27","text":"\u8b1d\u8b1d","translate_comment":"","start":"94.129","dur":"1.376","is_scores":null,"created_at":"1522146787","updated_at":null}]}