{"en":[{"id":"24095455","caption_id":"115947","seq":"1","text":"Humans are biologically programmed to feel anxiety.","translate_comment":"","start":"0.14","dur":"3.09","is_scores":null,"created_at":"1510714993","updated_at":null},{"id":"24095456","caption_id":"115947","seq":"2","text":"It's important.","translate_comment":"","start":"3.25","dur":"0.75","is_scores":null,"created_at":"1510714993","updated_at":null},{"id":"24095457","caption_id":"115947","seq":"3","text":"It can keep us alive, but it can also be a huge issue.","translate_comment":"","start":"4.01","dur":"3.25","is_scores":null,"created_at":"1510714993","updated_at":null},{"id":"24095458","caption_id":"115947","seq":"4","text":"There's 7 million people diagnosed with generalized anxiety disorder","translate_comment":"","start":"7.27","dur":"3.609","is_scores":null,"created_at":"1510714993","updated_at":null},{"id":"24095880","caption_id":"115947","seq":"5","text":"which means that they feel excessive anxiety more days than not for six months.","translate_comment":"","start":"10.9","dur":"4","is_scores":null,"created_at":"1510717484","updated_at":null},{"id":"24095459","caption_id":"115947","seq":"6","text":"We have not been diagnosed with generalized anxiety disorder.","translate_comment":"","start":"15.8","dur":"1.63","is_scores":null,"created_at":"1510714993","updated_at":null},{"id":"24095460","caption_id":"115947","seq":"7","text":"And we do not think that we have it, but we still feel anxious as does everyone.","translate_comment":"","start":"17.43","dur":"3.77","is_scores":null,"created_at":"1510714993","updated_at":null},{"id":"24095461","caption_id":"115947","seq":"8","text":"So, these are the ways that we deal with our anxiety.","translate_comment":"","start":"21.2","dur":"2.1","is_scores":null,"created_at":"1510714993","updated_at":null},{"id":"24095462","caption_id":"115947","seq":"9","text":"If I'm really anxious I can often look back on two particular substances.","translate_comment":"","start":"23.33","dur":"3.92","is_scores":null,"created_at":"1510714993","updated_at":null},{"id":"24095881","caption_id":"115947","seq":"10","text":"which are caffeine and alcohol which tend to affect my mood.","translate_comment":"","start":"27.3","dur":"4.3","is_scores":null,"created_at":"1510717484","updated_at":null},{"id":"24095463","caption_id":"115947","seq":"11","text":"So, alcohol.","translate_comment":"","start":"31.75","dur":"0.779","is_scores":null,"created_at":"1510714993","updated_at":null},{"id":"24095464","caption_id":"115947","seq":"12","text":"You know, if I've drank a lot on the weekend, we call it the Sunday blues.","translate_comment":"","start":"32.559","dur":"3.52","is_scores":null,"created_at":"1510714993","updated_at":null},{"id":"24095882","caption_id":"115947","seq":"13","text":"Because you're often <a href=\"#post_comment_1\">hungover<i class=\"icon-star\"><\/i><\/a> and I tend to, you know, when I'm hungover I get more anxious.","translate_comment":"","start":"36.1","dur":"3.6","is_scores":null,"created_at":"1510717484","updated_at":null},{"id":"24095465","caption_id":"115947","seq":"14","text":"And, so, sometimes, A, not having the alcohol, or if you are just knowing that that may happen,","translate_comment":"","start":"39.78","dur":"4.779","is_scores":null,"created_at":"1510714993","updated_at":null},{"id":"24096079","caption_id":"115947","seq":"15","text":"and when it does happen you can acknowledge it.","translate_comment":"","start":"44.6","dur":"1.9","is_scores":null,"created_at":"1510718176","updated_at":null},{"id":"24095466","caption_id":"115947","seq":"16","text":"It is really helpful. Caffeine for me.","translate_comment":"","start":"46.559","dur":"2.261","is_scores":null,"created_at":"1510714993","updated_at":null},{"id":"24095467","caption_id":"115947","seq":"17","text":"I find if I am too caffeinated, even if nothing is going, wrong I just like my heart's racing it.","translate_comment":"","start":"48.82","dur":"5.6","is_scores":null,"created_at":"1510714993","updated_at":null},{"id":"24095468","caption_id":"115947","seq":"18","text":"Just makes your blood pump, and it makes you have adrenaline.","translate_comment":"","start":"54.42","dur":"2.47","is_scores":null,"created_at":"1510714993","updated_at":null},{"id":"24095469","caption_id":"115947","seq":"19","text":"And for me, that interprets in my mind is like you're anxious something's like wrong!","translate_comment":"","start":"56.89","dur":"3.82","is_scores":null,"created_at":"1510714993","updated_at":null},{"id":"24095470","caption_id":"115947","seq":"20","text":"What's happening!","translate_comment":"","start":"60.72","dur":"0.699","is_scores":null,"created_at":"1510714993","updated_at":null},{"id":"24095471","caption_id":"115947","seq":"21","text":"The substances that you eat and drink do affect you.","translate_comment":"","start":"61.519","dur":"3.141","is_scores":null,"created_at":"1510714993","updated_at":null},{"id":"24095472","caption_id":"115947","seq":"22","text":"And, so, it's a good place to think and start when you're feeling overly anxious.","translate_comment":"","start":"64.66","dur":"3.669","is_scores":null,"created_at":"1510714993","updated_at":null},{"id":"24095473","caption_id":"115947","seq":"23","text":"This one is super easy, and it's to breathe deep.","translate_comment":"","start":"68.38","dur":"2.43","is_scores":null,"created_at":"1510714993","updated_at":null},{"id":"24095474","caption_id":"115947","seq":"24","text":"I go to yoga and they do deep breathing there.","translate_comment":"","start":"70.85","dur":"1.98","is_scores":null,"created_at":"1510714993","updated_at":null},{"id":"24095475","caption_id":"115947","seq":"25","text":"It's like breathe down like into your like ankles or whatever.","translate_comment":"","start":"72.83","dur":"3.11","is_scores":null,"created_at":"1510714993","updated_at":null},{"id":"24095476","caption_id":"115947","seq":"26","text":"I don't know what they exactly say, but I picture it like breathing deep down into my butt.","translate_comment":"","start":"75.94","dur":"3.33","is_scores":null,"created_at":"1510714993","updated_at":null},{"id":"24095477","caption_id":"115947","seq":"27","text":"And, so, I breathe really really deeply in, and I hold it, and I breathe out and yoga.","translate_comment":"","start":"79.63","dur":"3.59","is_scores":null,"created_at":"1510714993","updated_at":null},{"id":"24095478","caption_id":"115947","seq":"28","text":"And I do that in life when I'm feeling really anxious.","translate_comment":"","start":"83.219","dur":"2.31","is_scores":null,"created_at":"1510714993","updated_at":null},{"id":"24095479","caption_id":"115947","seq":"29","text":"And it actually increases the relaxation processes in your body.","translate_comment":"","start":"85.539","dur":"3.05","is_scores":null,"created_at":"1510714993","updated_at":null},{"id":"24095481","caption_id":"115947","seq":"30","text":"There's a scientific aspect.","translate_comment":"","start":"88.59","dur":"1.129","is_scores":null,"created_at":"1510714993","updated_at":null},{"id":"24095482","caption_id":"115947","seq":"31","text":"And it can decrease that fight-or-flight response that you're feeling when you have anxiety.","translate_comment":"","start":"89.73","dur":"4.029","is_scores":null,"created_at":"1510714993","updated_at":null},{"id":"24095483","caption_id":"115947","seq":"32","text":"Going on a walk, or simply getting out of the space that you're in right now.","translate_comment":"","start":"93.78","dur":"4.38","is_scores":null,"created_at":"1510714993","updated_at":null},{"id":"24095484","caption_id":"115947","seq":"33","text":"I also find is so crucial. It doesn't necessarily fix everything,","translate_comment":"","start":"98.19","dur":"4.33","is_scores":null,"created_at":"1510714993","updated_at":null},{"id":"24096184","caption_id":"115947","seq":"34","text":"but getting out there and doing some sense of like physical activity,","translate_comment":"","start":"102.6","dur":"3.3","is_scores":null,"created_at":"1510719521","updated_at":null},{"id":"24096292","caption_id":"115947","seq":"35","text":"and escaping the space that might be associated with your anxiety helps me a ton.","translate_comment":"","start":"105.9","dur":"4.6","is_scores":null,"created_at":"1510720154","updated_at":null},{"id":"24095485","caption_id":"115947","seq":"36","text":"If I'm feeling really anxious,","translate_comment":"","start":"110.58","dur":"0.82","is_scores":null,"created_at":"1510714993","updated_at":null},{"id":"24096293","caption_id":"115947","seq":"37","text":"just get up, go out, walk even for 10 minutes can help to sort of ease that anxiety.","translate_comment":"","start":"111.4","dur":"5.7","is_scores":null,"created_at":"1510720154","updated_at":null},{"id":"24095486","caption_id":"115947","seq":"38","text":"Something that is super beneficial for all aspects of my mental health is therapy.","translate_comment":"","start":"117.13","dur":"3.829","is_scores":null,"created_at":"1510714993","updated_at":null},{"id":"24095487","caption_id":"115947","seq":"39","text":"And there is a huge <a href=\"#post_comment_2\">stigma<i class=\"icon-star\"><\/i><\/a> around therapy.","translate_comment":"","start":"120.969","dur":"2.181","is_scores":null,"created_at":"1510714993","updated_at":null},{"id":"24096294","caption_id":"115947","seq":"40","text":"as if it's something that you only go to or need if you're feeling weak or down or vulnerable.","translate_comment":"","start":"123.2","dur":"4.7","is_scores":null,"created_at":"1510720154","updated_at":null},{"id":"24095488","caption_id":"115947","seq":"41","text":"And, yes, in many cases, that's why people go; that's why I went.","translate_comment":"","start":"127.9","dur":"2.42","is_scores":null,"created_at":"1510714993","updated_at":null},{"id":"24095489","caption_id":"115947","seq":"42","text":"Our life is very stressful.","translate_comment":"","start":"130.35","dur":"1.37","is_scores":null,"created_at":"1510714993","updated_at":null},{"id":"24095490","caption_id":"115947","seq":"43","text":"This job can be very stressful.","translate_comment":"","start":"131.72","dur":"1.53","is_scores":null,"created_at":"1510714993","updated_at":null},{"id":"24095491","caption_id":"115947","seq":"44","text":"And so I decided to go to therapy, and it was really scary at first.","translate_comment":"","start":"133.25","dur":"3.299","is_scores":null,"created_at":"1510714993","updated_at":null},{"id":"24095492","caption_id":"115947","seq":"45","text":"And it's an interesting thing that it has such this <a href=\"#post_comment_3\">connotation<i class=\"icon-star\"><\/i><\/a> with being weak.","translate_comment":"","start":"136.639","dur":"3.07","is_scores":null,"created_at":"1510714993","updated_at":null},{"id":"24096930","caption_id":"115947","seq":"46","text":"when really it takes a lot of strength and a lot of courage to even go there in the first place to admit that maybe something's wrong.","translate_comment":"","start":"139.7","dur":"6.4","is_scores":null,"created_at":"1510727576","updated_at":null},{"id":"24095493","caption_id":"115947","seq":"47","text":"One way of thinking about therapy is like going to the gym for your mind.","translate_comment":"","start":"146.19","dur":"3.25","is_scores":null,"created_at":"1510714993","updated_at":null},{"id":"24095494","caption_id":"115947","seq":"48","text":"Your mind is obviously really important.","translate_comment":"","start":"149.44","dur":"1.8","is_scores":null,"created_at":"1510714993","updated_at":null},{"id":"24095495","caption_id":"115947","seq":"49","text":"We all go to the gym and eat healthy for our bodies.","translate_comment":"","start":"151.25","dur":"2.339","is_scores":null,"created_at":"1510714993","updated_at":null},{"id":"24095496","caption_id":"115947","seq":"50","text":"Our mind controls every way that we perceive the whole world around us.","translate_comment":"","start":"153.7","dur":"3.039","is_scores":null,"created_at":"1510714993","updated_at":null},{"id":"24095497","caption_id":"115947","seq":"51","text":"So, why would we not want to work that out. If you have the means to go to therapy, or if it's covered,","translate_comment":"","start":"156.74","dur":"4.569","is_scores":null,"created_at":"1510714993","updated_at":null},{"id":"24095498","caption_id":"115947","seq":"52","text":"for example, by your work or something like that, just do it. It does not mean that you're weak.","translate_comment":"","start":"161.309","dur":"3.921","is_scores":null,"created_at":"1510714993","updated_at":null},{"id":"24095499","caption_id":"115947","seq":"53","text":"It would help and benefit everyone.","translate_comment":"","start":"165.41","dur":"1.79","is_scores":null,"created_at":"1510714993","updated_at":null},{"id":"24095500","caption_id":"115947","seq":"54","text":"It would really help with any anxiety that you have around your life.","translate_comment":"","start":"167.2","dur":"2.58","is_scores":null,"created_at":"1510714993","updated_at":null},{"id":"24095501","caption_id":"115947","seq":"55","text":"I always try to identify what is making me anxious in the first place.","translate_comment":"","start":"169.88","dur":"4","is_scores":null,"created_at":"1510714993","updated_at":null},{"id":"24095502","caption_id":"115947","seq":"56","text":"Sometimes there's just a lot going on. You're just feeling anxious for a variety of reasons.","translate_comment":"","start":"173.889","dur":"4.111","is_scores":null,"created_at":"1510714993","updated_at":null},{"id":"24096931","caption_id":"115947","seq":"57","text":"But every now and then this weird thing happens where a specific event gives me anxiety.","translate_comment":"","start":"178","dur":"3.9","is_scores":null,"created_at":"1510727576","updated_at":null},{"id":"24095503","caption_id":"115947","seq":"58","text":"And then the day goes on.","translate_comment":"","start":"182.1","dur":"1.1","is_scores":null,"created_at":"1510714993","updated_at":null},{"id":"24095504","caption_id":"115947","seq":"59","text":"And I kind of forget that it triggered me, but I still have anxiety.","translate_comment":"","start":"183.2","dur":"3.2","is_scores":null,"created_at":"1510714993","updated_at":null},{"id":"24095505","caption_id":"115947","seq":"60","text":"I'm just like I don't know why I feel this way.","translate_comment":"","start":"186.4","dur":"1.899","is_scores":null,"created_at":"1510714993","updated_at":null},{"id":"24095506","caption_id":"115947","seq":"61","text":"I just feel crappy. So now I can start to think about are there any steps I can take","translate_comment":"","start":"188.3","dur":"4.11","is_scores":null,"created_at":"1510714993","updated_at":null},{"id":"24096932","caption_id":"115947","seq":"62","text":"to fix that, make my anxiety go away about it.","translate_comment":"","start":"192.5","dur":"3","is_scores":null,"created_at":"1510727576","updated_at":null},{"id":"24095507","caption_id":"115947","seq":"63","text":"But simply knowing that that is what's causing it, often gives me a sense of autonomy.","translate_comment":"","start":"195.54","dur":"4.43","is_scores":null,"created_at":"1510714993","updated_at":null},{"id":"24095508","caption_id":"115947","seq":"64","text":"This next one was talking about my friend Jess,","translate_comment":"","start":"199.99","dur":"1.67","is_scores":null,"created_at":"1510714993","updated_at":null},{"id":"24095509","caption_id":"115947","seq":"65","text":"and it is so helpful when you're having anxiety.","translate_comment":"","start":"201.68","dur":"1.85","is_scores":null,"created_at":"1510714993","updated_at":null},{"id":"24095510","caption_id":"115947","seq":"66","text":"You think \"HALT\".","translate_comment":"","start":"203.53","dur":"1.06","is_scores":null,"created_at":"1510714993","updated_at":null},{"id":"24095511","caption_id":"115947","seq":"67","text":"Are you hungry, angry, lonely or tired.","translate_comment":"","start":"204.79","dur":"3.659","is_scores":null,"created_at":"1510714993","updated_at":null},{"id":"24095512","caption_id":"115947","seq":"68","text":"Cause' honestly, every time I'm feeling anxious, a lot of time I can clock it up to one of those things.","translate_comment":"","start":"208.599","dur":"4.341","is_scores":null,"created_at":"1510714993","updated_at":null},{"id":"24095513","caption_id":"115947","seq":"69","text":"If I'm hungry, it helps make something I can actually do.","translate_comment":"","start":"212.95","dur":"2.32","is_scores":null,"created_at":"1510714993","updated_at":null},{"id":"24096933","caption_id":"115947","seq":"70","text":"Like make a sandwich and I feel better.","translate_comment":"","start":"215.3","dur":"1.9","is_scores":null,"created_at":"1510727576","updated_at":null},{"id":"24095514","caption_id":"115947","seq":"71","text":"And one that I always sort of disregard but happens a lot is being lonely.","translate_comment":"","start":"217.36","dur":"4.08","is_scores":null,"created_at":"1510714993","updated_at":null},{"id":"24095515","caption_id":"115947","seq":"72","text":"Sometimes you're working a lot, you're eyeing computer, and you're doing lots of tasks in the day.","translate_comment":"","start":"221.49","dur":"3.35","is_scores":null,"created_at":"1510714993","updated_at":null},{"id":"24095516","caption_id":"115947","seq":"73","text":"And you're feeling anxious.","translate_comment":"","start":"224.84","dur":"0.87","is_scores":null,"created_at":"1510714993","updated_at":null},{"id":"24095517","caption_id":"115947","seq":"74","text":"And you realize you just need to hang out with someone. Whether it's laughs, whether it's just like get a coffee,","translate_comment":"","start":"226.4","dur":"3.709","is_scores":null,"created_at":"1510714993","updated_at":null},{"id":"24095518","caption_id":"115947","seq":"75","text":"even just call someone, you can make it feel so much better.","translate_comment":"","start":"230.12","dur":"2.57","is_scores":null,"created_at":"1510714993","updated_at":null},{"id":"24095519","caption_id":"115947","seq":"76","text":"And you're also then building relationships in your life which always feels good.","translate_comment":"","start":"232.69","dur":"3.73","is_scores":null,"created_at":"1510714993","updated_at":null},{"id":"24095520","caption_id":"115947","seq":"77","text":"I call this next one micro tasking your day.","translate_comment":"","start":"236.57","dur":"2.83","is_scores":null,"created_at":"1510714993","updated_at":null},{"id":"24095521","caption_id":"115947","seq":"78","text":"So, for me, I find if I'm anxious,","translate_comment":"","start":"239.42","dur":"2.029","is_scores":null,"created_at":"1510714993","updated_at":null},{"id":"24096934","caption_id":"115947","seq":"79","text":"it's often because there's just a lot going on, and I don't really know where to start.","translate_comment":"","start":"241.5","dur":"3.7","is_scores":null,"created_at":"1510727576","updated_at":null},{"id":"24095522","caption_id":"115947","seq":"80","text":"And so, if I take something like editing video, it's actually for me like","translate_comment":"","start":"245.429","dur":"4.171","is_scores":null,"created_at":"1510714993","updated_at":null},{"id":"24096935","caption_id":"115947","seq":"81","text":"tons of little steps of things I have to do that don't require a lot of mental energy but take up a lot of time.","translate_comment":"","start":"249.6","dur":"5.8","is_scores":null,"created_at":"1510727576","updated_at":null},{"id":"24095523","caption_id":"115947","seq":"82","text":"So in a sense, I'm just doing tons little micro transactions for my mind to distract me.","translate_comment":"","start":"255.4","dur":"3.79","is_scores":null,"created_at":"1510714993","updated_at":null},{"id":"24095524","caption_id":"115947","seq":"83","text":"Where instead of thinking big, where you're like \"oh gosh, everything's so overwhelming!\"","translate_comment":"","start":"259.23","dur":"3.489","is_scores":null,"created_at":"1510714993","updated_at":null},{"id":"24096936","caption_id":"115947","seq":"84","text":"Try and find a task that you know is simple enough for you to do that will take some time,","translate_comment":"","start":"262.8","dur":"3.9","is_scores":null,"created_at":"1510727576","updated_at":null},{"id":"24099504","caption_id":"115947","seq":"85","text":"just so you can distract your brain from it.","translate_comment":"","start":"266.8","dur":"1.6","is_scores":null,"created_at":"1510731716","updated_at":null},{"id":"24095525","caption_id":"115947","seq":"86","text":"This next one that I do when I'm anxious is really important to only do when you're anxious","translate_comment":"","start":"268.43","dur":"3.62","is_scores":null,"created_at":"1510714993","updated_at":null},{"id":"24099505","caption_id":"115947","seq":"87","text":"because it can also cause anxiety.","translate_comment":"","start":"272.1","dur":"1.8","is_scores":null,"created_at":"1510731716","updated_at":null},{"id":"24095526","caption_id":"115947","seq":"88","text":"And that is to <a href=\"#post_comment_4\">zoom out<i class=\"icon-star\"><\/i><\/a> and look at the big picture,","translate_comment":"","start":"273.89","dur":"2.14","is_scores":null,"created_at":"1510714993","updated_at":null},{"id":"24099506","caption_id":"115947","seq":"89","text":"and realize how insignificant we actually are.","translate_comment":"","start":"276.1","dur":"2.4","is_scores":null,"created_at":"1510731716","updated_at":null},{"id":"24095527","caption_id":"115947","seq":"90","text":"As someone who believes and love science, I do think of myself as just an organism of a bunch of trillions of atoms,","translate_comment":"","start":"278.51","dur":"7.4","is_scores":null,"created_at":"1510714993","updated_at":null},{"id":"24099507","caption_id":"115947","seq":"91","text":"that is very complex and amazing, but I have a finite amount of time to exist in this sort of physical capacity.","translate_comment":"","start":"286","dur":"6.8","is_scores":null,"created_at":"1510731716","updated_at":null},{"id":"24095528","caption_id":"115947","seq":"92","text":"And so in many ways if I'm having a lot of anxiety, to zoom out,","translate_comment":"","start":"293.4","dur":"2.47","is_scores":null,"created_at":"1510714993","updated_at":null},{"id":"24095529","caption_id":"115947","seq":"93","text":"and to think that I'm just this insignificant thing on this tiny little planet in this giant expansive universe is helpful.","translate_comment":"","start":"295.87","dur":"6.66","is_scores":null,"created_at":"1510714993","updated_at":null},{"id":"24099508","caption_id":"115947","seq":"94","text":"Because that situation then becomes very small, and that issue then becomes a lot easier to deal with.","translate_comment":"","start":"302.6","dur":"5.8","is_scores":null,"created_at":"1510731716","updated_at":null},{"id":"24095530","caption_id":"115947","seq":"95","text":"But, there are also other times, especially if I'm a little bit stoned where I think about these things,","translate_comment":"","start":"308.46","dur":"4.01","is_scores":null,"created_at":"1510714993","updated_at":null},{"id":"24099509","caption_id":"115947","seq":"96","text":"I'm gonna have a panic attack. So, you know, do this one with like a bit of measure.","translate_comment":"","start":"312.5","dur":"4.4","is_scores":null,"created_at":"1510731716","updated_at":null},{"id":"24095531","caption_id":"115947","seq":"97","text":"Just don't beat yourself up.","translate_comment":"","start":"316.98","dur":"1.73","is_scores":null,"created_at":"1510714993","updated_at":null},{"id":"24095532","caption_id":"115947","seq":"98","text":"Not all anxiety can be gone in a day.","translate_comment":"","start":"318.719","dur":"2.541","is_scores":null,"created_at":"1510714993","updated_at":null},{"id":"24095533","caption_id":"115947","seq":"99","text":"These tips may not work for you.","translate_comment":"","start":"321.469","dur":"1.51","is_scores":null,"created_at":"1510714993","updated_at":null},{"id":"24095534","caption_id":"115947","seq":"100","text":"You might have to experiment with yourself.","translate_comment":"","start":"322.99","dur":"1.54","is_scores":null,"created_at":"1510714993","updated_at":null},{"id":"24095535","caption_id":"115947","seq":"101","text":"Sometimes I find, you know, \"Let's just get a good night's sleep and wait for tomorrow.\" That doesn't always solve it either.","translate_comment":"","start":"324.8","dur":"5.679","is_scores":null,"created_at":"1510714993","updated_at":null},{"id":"24095536","caption_id":"115947","seq":"102","text":"But in general, just accept that. People, you know, go through hard times.","translate_comment":"","start":"330.58","dur":"3.3","is_scores":null,"created_at":"1510714993","updated_at":null},{"id":"24099510","caption_id":"115947","seq":"103","text":"And sometimes they're gonna have ups, and sometimes we're gonna have downs.","translate_comment":"","start":"333.9","dur":"2.6","is_scores":null,"created_at":"1510731716","updated_at":null},{"id":"24095537","caption_id":"115947","seq":"104","text":"And so, don't beat yourself up for just, you know, feeling a very human way in the first place.","translate_comment":"","start":"336.79","dur":"4.539","is_scores":null,"created_at":"1510714993","updated_at":null},{"id":"24095538","caption_id":"115947","seq":"105","text":"This last one is really challenging especially for me.","translate_comment":"","start":"341.35","dur":"3.15","is_scores":null,"created_at":"1510714993","updated_at":null},{"id":"24095539","caption_id":"115947","seq":"106","text":"And that is that, if you're having anxiety, be vulnerable, and talk to someone about it.","translate_comment":"","start":"344.13","dur":"4.38","is_scores":null,"created_at":"1510714993","updated_at":null},{"id":"24095540","caption_id":"115947","seq":"107","text":"I think there's nothing that I have not realized more from therapy.","translate_comment":"","start":"348.59","dur":"3.949","is_scores":null,"created_at":"1510714993","updated_at":null},{"id":"24095541","caption_id":"115947","seq":"108","text":"And I'm learning about myself that I find really hard, which is, to be vulnerable.","translate_comment":"","start":"352.54","dur":"2.86","is_scores":null,"created_at":"1510714993","updated_at":null},{"id":"24095542","caption_id":"115947","seq":"109","text":"I spent a lot of my life, you know, trying to appear as a very strong person.","translate_comment":"","start":"355.4","dur":"4.299","is_scores":null,"created_at":"1510714993","updated_at":null},{"id":"24095543","caption_id":"115947","seq":"110","text":"I am a strong person.","translate_comment":"","start":"359.699","dur":"1.011","is_scores":null,"created_at":"1510714993","updated_at":null},{"id":"24095544","caption_id":"115947","seq":"111","text":"I've always, I've had to build up resiliency because I've just been like a flaming kid forever.","translate_comment":"","start":"360.71","dur":"3.699","is_scores":null,"created_at":"1510714993","updated_at":null},{"id":"24095545","caption_id":"115947","seq":"112","text":"I think it's one of the main reasons.","translate_comment":"","start":"364.59","dur":"1.07","is_scores":null,"created_at":"1510714993","updated_at":null},{"id":"24095546","caption_id":"115947","seq":"113","text":"And so, I have a <a href=\"#post_comment_5\">resilience<i class=\"icon-star\"><\/i><\/a> within me and I always, you know, act and want people around me to be having fun.","translate_comment":"","start":"365.96","dur":"4.98","is_scores":null,"created_at":"1510714993","updated_at":null},{"id":"24095547","caption_id":"115947","seq":"114","text":"And I want people to perceive me as fun.","translate_comment":"","start":"370.94","dur":"1.7","is_scores":null,"created_at":"1510714993","updated_at":null},{"id":"24095548","caption_id":"115947","seq":"115","text":"But being vulnerable and being weak, those are the times when people really connect with you, and when people really see you.","translate_comment":"","start":"372.639","dur":"5.83","is_scores":null,"created_at":"1510714993","updated_at":null},{"id":"24095549","caption_id":"115947","seq":"116","text":"Thank you so much for watching as always.","translate_comment":"","start":"378.52","dur":"1.88","is_scores":null,"created_at":"1510714993","updated_at":null},{"id":"24095550","caption_id":"115947","seq":"117","text":"If you want to leave your tips of how you deal with anxiety in the comments below.","translate_comment":"","start":"380.42","dur":"2.99","is_scores":null,"created_at":"1510714993","updated_at":null},{"id":"24095551","caption_id":"115947","seq":"118","text":"We'd love to check them out.","translate_comment":"","start":"383.41","dur":"0.889","is_scores":null,"created_at":"1510714993","updated_at":null},{"id":"24095552","caption_id":"115947","seq":"119","text":"I'm sure other viewers would also love to see other people's strategies or how to deal with both short-term and long-term anxiety.","translate_comment":"","start":"384.31","dur":"5.79","is_scores":null,"created_at":"1510714993","updated_at":null},{"id":"24095553","caption_id":"115947","seq":"120","text":"Otherwise make sure you subscribe.","translate_comment":"","start":"390.17","dur":"1.319","is_scores":null,"created_at":"1510714993","updated_at":null},{"id":"24095554","caption_id":"115947","seq":"121","text":"You can follow us both on Instagram and Twitter with the handles below, and we'll see you next time. Peace","translate_comment":"","start":"391.509","dur":"3.22","is_scores":null,"created_at":"1510714993","updated_at":null}],"zh-Hant":[{"id":"24095883","caption_id":"115949","seq":"1","text":"\u4eba\u985e\u6703\u611f\u53d7\u5230\u7126\u616e\u662f\u4f86\u81ea\u65bc\u6211\u5011\u7684\u751f\u7269\u6a5f\u5236","translate_comment":"","start":"0.14","dur":"3.09","is_scores":null,"created_at":"1510717534","updated_at":null},{"id":"24095884","caption_id":"115949","seq":"2","text":"\u9019\u975e\u5e38\u91cd\u8981","translate_comment":"","start":"3.25","dur":"0.75","is_scores":null,"created_at":"1510717534","updated_at":null},{"id":"24095885","caption_id":"115949","seq":"3","text":"\u5b83\u53ef\u4ee5\u4fdd\u4f4f\u6211\u5011\u7684\u5c0f\u547d\uff0c\u4f46\u4ed6\u4e5f\u53ef\u80fd\u8b8a\u6210\u4e00\u500b\u91cd\u5927\u7684\u8ab2\u984c","translate_comment":"","start":"4.01","dur":"3.25","is_scores":null,"created_at":"1510717534","updated_at":null},{"id":"24095886","caption_id":"115949","seq":"4","text":"\u6709\u4e03\u767e\u842c\u4eba\u88ab\u8a3a\u65b7\u51fa\u6709\u5ee3\u6cdb\u6027\u7126\u616e\u75c7","translate_comment":"","start":"7.27","dur":"3.609","is_scores":null,"created_at":"1510717534","updated_at":null},{"id":"24095887","caption_id":"115949","seq":"5","text":"\u4ee3\u8868\u8aaa\u4ed6\u5011\u9023\u7e8c\u516d\u500b\u6708\u6709\u8d85\u904e\u4e00\u534a\u7684\u6642\u9593\u90fd\u611f\u53d7\u5230\u5f37\u70c8\u7684\u7126\u616e","translate_comment":"","start":"10.9","dur":"4","is_scores":null,"created_at":"1510717534","updated_at":null},{"id":"24095888","caption_id":"115949","seq":"6","text":"\u6211\u5011\u6c92\u6709\u88ab\u8a3a\u65b7\u51fa\u5ee3\u6cdb\u6027\u7126\u616e\u75c7","translate_comment":"","start":"15.8","dur":"1.63","is_scores":null,"created_at":"1510717534","updated_at":null},{"id":"24095889","caption_id":"115949","seq":"7","text":"\u6211\u5011\u4e5f\u4e0d\u89ba\u5f97\u6211\u5011\u6709\uff0c\u4f46\u6211\u5011\u9084\u662f\u6703\u8ddf\u5927\u5bb6\u4e00\u6a23\u611f\u5230\u7126\u616e","translate_comment":"","start":"17.43","dur":"3.77","is_scores":null,"created_at":"1510717534","updated_at":null},{"id":"24095890","caption_id":"115949","seq":"8","text":"\u6240\u4ee5\u9019\u908a\u63d0\u4f9b\u5e7e\u500b\u8655\u7406\u7126\u616e\u7684\u65b9\u6cd5","translate_comment":"","start":"21.2","dur":"2.1","is_scores":null,"created_at":"1510717534","updated_at":null},{"id":"24095891","caption_id":"115949","seq":"9","text":"\u5982\u679c\u6211\u5f88\u7126\u616e\uff0c\u6211\u901a\u5e38\u6703\u7279\u5225\u56de\u53bb\u6aa2\u67e5\u5169\u6a23\u6771\u897f","translate_comment":"","start":"23.33","dur":"3.92","is_scores":null,"created_at":"1510717534","updated_at":null},{"id":"24095892","caption_id":"115949","seq":"10","text":"\u90a3\u5c31\u662f\u6703\u5f71\u97ff\u6211\u60c5\u7dd2\u7684\u5496\u5561\u56e0\u8ddf\u9152\u7cbe","translate_comment":"","start":"27.3","dur":"4.3","is_scores":null,"created_at":"1510717534","updated_at":null},{"id":"24095893","caption_id":"115949","seq":"11","text":"\u597d\uff0c\u9152\u7cbe","translate_comment":"","start":"31.75","dur":"0.779","is_scores":null,"created_at":"1510717534","updated_at":null},{"id":"24095894","caption_id":"115949","seq":"12","text":"\u4f60\u77e5\u9053\uff0c\u5982\u679c\u6211\u5468\u672b\u559d\u591a\u4e86\uff0c\u90a3\u6211\u5011\u6703\u7a31\u4e4b\u70ba\u5468\u65e5\u6182\u9b31","translate_comment":"","start":"32.559","dur":"3.52","is_scores":null,"created_at":"1510717534","updated_at":null},{"id":"24095895","caption_id":"115949","seq":"13","text":"\u56e0\u70ba\u7576\u4f60\u5bbf\u9189\u7684\u6642\u5019\uff0c\u6211\u901a\u5e38\u6703\uff0c\u4f60\u77e5\u9053\u7684\uff0c\u7576\u6211\u5bbf\u9189\u6642\u6211\u6703\u611f\u5230\u66f4\u6182\u616e","translate_comment":"","start":"36.1","dur":"3.6","is_scores":null,"created_at":"1510717534","updated_at":null},{"id":"24095896","caption_id":"115949","seq":"14","text":"\u6240\u4ee5\uff0c\u6709\u6642\u5019\uff0cA\uff1a\u4e0d\u8981\u559d\u9152\uff0c\u6216\u662f\u5982\u679c\u4f60\u77e5\u9053\u9019\u8981\u767c\u751f\u4e86","translate_comment":"","start":"39.78","dur":"4.779","is_scores":null,"created_at":"1510717534","updated_at":null},{"id":"24096080","caption_id":"115949","seq":"15","text":"\u90a3\u5b83\u767c\u751f\u7684\u6642\u5019\u4f60\u5c31\u6703\u6709\u81ea\u89ba","translate_comment":"","start":"44.6","dur":"1.9","is_scores":null,"created_at":"1510718176","updated_at":null},{"id":"24095897","caption_id":"115949","seq":"16","text":"\u9019\u771f\u7684\u5f88\u6709\u6548\u3002\u5496\u5561\u56e0\u5c0d\u6211\u4f86\u8aaa","translate_comment":"","start":"46.559","dur":"2.261","is_scores":null,"created_at":"1510717534","updated_at":null},{"id":"24095898","caption_id":"115949","seq":"17","text":"\u6211\u767c\u73fe\u5982\u679c\u6211\u651d\u53d6\u904e\u591a\u5496\u5561\u56e0\uff0c\u5c31\u7b97\u6c92\u4ec0\u9ebc\u554f\u984c\u767c\u751f\u6211\u4e5f\u6703\u611f\u89ba\u6211\u7684\u5fc3\u81df\u6025\u901f\u8df3\u52d5","translate_comment":"","start":"48.82","dur":"5.6","is_scores":null,"created_at":"1510717534","updated_at":null},{"id":"24095899","caption_id":"115949","seq":"18","text":"\u8b93\u4f60\u7684\u8840\u6db2\u5feb\u901f\u88ab\u9001\u51fa\uff0c\u4e5f\u8b93\u4f60\u814e\u4e0a\u817a\u7d20\u5206\u6ccc","translate_comment":"","start":"54.42","dur":"2.47","is_scores":null,"created_at":"1510717534","updated_at":null},{"id":"24095900","caption_id":"115949","seq":"19","text":"\u6211\u7684\u8a71\uff0c\u90a3\u611f\u89ba\u5c31\u50cf\u4f60\u5f88\u7126\u616e\uff0c\u597d\u50cf\u4ec0\u9ebc\u554f\u984c\u767c\u751f\u4e86","translate_comment":"","start":"56.89","dur":"3.82","is_scores":null,"created_at":"1510717534","updated_at":null},{"id":"24095901","caption_id":"115949","seq":"20","text":"\u600e\u9ebc\u4e86\uff01","translate_comment":"","start":"60.72","dur":"0.699","is_scores":null,"created_at":"1510717534","updated_at":null},{"id":"24095902","caption_id":"115949","seq":"21","text":"\u4f60\u5403\u7684\u3001\u559d\u7684\u6771\u897f\u78ba\u5be6\u6703\u5f71\u97ff\u5230\u4f60","translate_comment":"","start":"61.519","dur":"3.141","is_scores":null,"created_at":"1510717534","updated_at":null},{"id":"24095903","caption_id":"115949","seq":"22","text":"\u6240\u4ee5\u9019\u662f\u4f60\u611f\u5230\u683c\u5916\u7126\u616e\u6642\u53ef\u4ee5\u7559\u610f\u7684\u5730\u65b9","translate_comment":"","start":"64.66","dur":"3.669","is_scores":null,"created_at":"1510717534","updated_at":null},{"id":"24095904","caption_id":"115949","seq":"23","text":"\u9019\u500b\u5f88\u7c21\u55ae\uff0c\u6df1\u547c\u5438","translate_comment":"","start":"68.38","dur":"2.43","is_scores":null,"created_at":"1510717534","updated_at":null},{"id":"24095905","caption_id":"115949","seq":"24","text":"\u6211\u53bb\u4e0a\u745c\u73c8\u8ab2\uff0c\u4ed6\u5011\u90a3\u908a\u5e38\u505a\u6df1\u547c\u5438","translate_comment":"","start":"70.85","dur":"1.98","is_scores":null,"created_at":"1510717534","updated_at":null},{"id":"24095906","caption_id":"115949","seq":"25","text":"\u9019\u5c31\u50cf\u662f\u4f60\u8981\u628a\u7a7a\u6c23\u4e00\u8def\u5438\u5230\u4f60\u7684\u8173\u8e1d\u4e4b\u985e\u7684","translate_comment":"","start":"72.83","dur":"3.11","is_scores":null,"created_at":"1510717534","updated_at":null},{"id":"24095907","caption_id":"115949","seq":"26","text":"\u6211\u4e0d\u78ba\u5b9a\u4ed6\u5011\u78ba\u5207\u7684\u8b1b\u6cd5\uff0c\u4f46\u6211\u628a\u5b83\u60f3\u50cf\u6210\u5c07\u7a7a\u6c23\u6df1\u6df1\u5438\u5230\u5c41\u80a1","translate_comment":"","start":"75.94","dur":"3.33","is_scores":null,"created_at":"1510717534","updated_at":null},{"id":"24095908","caption_id":"115949","seq":"27","text":"\u6211\u5c31\u5438\u6c23\u5438\u5f88\u6df1\uff0c\u7dad\u6301\u4f4f\u5b83\u7136\u5f8c\u5410\u51fa\u4f86\uff0c\u7136\u5f8c\u505a\u745c\u73c8","translate_comment":"","start":"79.63","dur":"3.59","is_scores":null,"created_at":"1510717534","updated_at":null},{"id":"24095909","caption_id":"115949","seq":"28","text":"\u7576\u6211\u611f\u5230\u5f88\u7126\u616e\u6642\u6211\u771f\u7684\u6703\u9019\u9ebc\u505a","translate_comment":"","start":"83.219","dur":"2.31","is_scores":null,"created_at":"1510717534","updated_at":null},{"id":"24095910","caption_id":"115949","seq":"29","text":"\u9019\u771f\u7684\u6703\u52a0\u901f\u4f60\u8eab\u9ad4\u7684\u653e\u9b06\u9032\u7a0b","translate_comment":"","start":"85.539","dur":"3.05","is_scores":null,"created_at":"1510717534","updated_at":null},{"id":"24095912","caption_id":"115949","seq":"30","text":"\u9019\u662f\u6709\u79d1\u5b78\u6839\u64da\u7684","translate_comment":"","start":"88.59","dur":"1.129","is_scores":null,"created_at":"1510717534","updated_at":null},{"id":"24095913","caption_id":"115949","seq":"31","text":"\u9019\u6703\u6e1b\u4f4e\u6211\u5011\u5728\u611f\u5230\u7126\u616e\u6642\u7684\u300c\u6230\u6216\u9003\u53cd\u61c9\u300d","translate_comment":"","start":"89.73","dur":"4.029","is_scores":null,"created_at":"1510717534","updated_at":null},{"id":"24095914","caption_id":"115949","seq":"32","text":"\u51fa\u53bb\u8d70\u8d70\uff0c\u6216\u55ae\u7d14\u96e2\u958b\u4f60\u73fe\u5728\u5728\u7684\u5730\u65b9","translate_comment":"","start":"93.78","dur":"4.38","is_scores":null,"created_at":"1510717534","updated_at":null},{"id":"24095915","caption_id":"115949","seq":"33","text":"\u6211\u540c\u6a23\u89ba\u5f97\u9019\u8d85\u91cd\u8981\u3002\u5b83\u4e0d\u5fc5\u7136\u6703\u89e3\u6c7a\u6240\u6709\u4e8b\u60c5","translate_comment":"","start":"98.19","dur":"4.33","is_scores":null,"created_at":"1510717534","updated_at":null},{"id":"24096185","caption_id":"115949","seq":"34","text":"\u4f46\u8d70\u51fa\u53bb\uff0c\u505a\u4e00\u4e9b\u8eab\u9ad4\u4e0a\u7684\u6d3b\u52d5","translate_comment":"","start":"102.6","dur":"3.3","is_scores":null,"created_at":"1510719521","updated_at":null},{"id":"24096295","caption_id":"115949","seq":"35","text":"\u9003\u96e2\u90a3\u500b\u8b93\u4f60\u611f\u5230\u7126\u616e\u7684\u5730\u65b9\uff0c\u9019\u5c0d\u6211\u7684\u5e6b\u52a9\u5f88\u5927","translate_comment":"","start":"105.9","dur":"4.6","is_scores":null,"created_at":"1510720154","updated_at":null},{"id":"24095916","caption_id":"115949","seq":"36","text":"\u5982\u679c\u6211\u771f\u7684\u611f\u5230\u7126\u8e81","translate_comment":"","start":"110.58","dur":"0.82","is_scores":null,"created_at":"1510717534","updated_at":null},{"id":"24096296","caption_id":"115949","seq":"37","text":"\u5c31\u7ad9\u8d77\u4f86\u8d70\u8d70\uff0c\u5341\u5206\u9418\u4e5f\u597d\uff0c\u5c31\u53ef\u4ee5\u5e6b\u52a9\u6211\u5011\u6e1b\u8f15\u6182\u616e","translate_comment":"","start":"111.4","dur":"5.7","is_scores":null,"created_at":"1510720154","updated_at":null},{"id":"24095917","caption_id":"115949","seq":"38","text":"\u6709\u4ef6\u5c0d\u6211\u8eab\u5fc3\u5065\u5eb7\u5404\u500b\u5c64\u9762\u7684\u8d85\u597d\u7684\u4e8b\u60c5\u662f\u7642\u7a0b","translate_comment":"","start":"117.13","dur":"3.829","is_scores":null,"created_at":"1510717534","updated_at":null},{"id":"24095918","caption_id":"115949","seq":"39","text":"\u4e00\u822c\u4eba\u5c0d\u7642\u7a0b\u5370\u8c61\u5f88\u5dee","translate_comment":"","start":"120.969","dur":"2.181","is_scores":null,"created_at":"1510717534","updated_at":null},{"id":"24096297","caption_id":"115949","seq":"40","text":"\u597d\u50cf\u662f\u53ea\u6709\u4f60\u5728\u611f\u5230\u5f88\u865b\u5f31\u3001\u7d55\u671b\u3001\u8106\u5f31\u6642\u624d\u6703\u505a\uff0c\u624d\u6703\u9700\u8981\u7684\u4e8b","translate_comment":"","start":"123.2","dur":"4.7","is_scores":null,"created_at":"1510720154","updated_at":null},{"id":"24095919","caption_id":"115949","seq":"41","text":"\u7684\u78ba\u5f88\u591a\u6642\u5019\uff0c\u90a3\u662f\u5f88\u591a\u4eba\u53bb\u63a5\u53d7\u7642\u7a0b\u7684\u539f\u56e0\uff0c\u4e5f\u662f\u6211\u53bb\u63a5\u53d7\u7642\u7a0b\u7684\u539f\u56e0","translate_comment":"","start":"127.9","dur":"2.42","is_scores":null,"created_at":"1510717534","updated_at":null},{"id":"24095920","caption_id":"115949","seq":"42","text":"\u6211\u5011\u7684\u751f\u6d3b\u6709\u5f88\u591a\u58d3\u529b","translate_comment":"","start":"130.35","dur":"1.37","is_scores":null,"created_at":"1510717534","updated_at":null},{"id":"24095921","caption_id":"115949","seq":"43","text":"\u9019\u4efd\u5de5\u4f5c\u53ef\u4ee5\u8b93\u4eba\u5099\u611f\u58d3\u529b","translate_comment":"","start":"131.72","dur":"1.53","is_scores":null,"created_at":"1510717534","updated_at":null},{"id":"24095922","caption_id":"115949","seq":"44","text":"\u6240\u4ee5\u6211\u6c7a\u5b9a\u53bb\u505a\u6cbb\u7642\uff0c\u4e00\u958b\u59cb\u7684\u6642\u5019\u6eff\u53ef\u6015\u7684","translate_comment":"","start":"133.25","dur":"3.299","is_scores":null,"created_at":"1510717534","updated_at":null},{"id":"24095923","caption_id":"115949","seq":"45","text":"\u6cbb\u7642\u8207\u865b\u5f31\u639b\u52fe\u662f\u5f88\u6709\u8da3\u7684\u4e00\u4ef6\u4e8b","translate_comment":"","start":"136.639","dur":"3.07","is_scores":null,"created_at":"1510717534","updated_at":null},{"id":"24096937","caption_id":"115949","seq":"46","text":"\u55ae\u55ae\u662f\u9996\u5148\u8981\u53bb\u5230\u90a3\u88e1\uff0c\u5c31\u9700\u8981\u5f88\u5927\u7684\u529b\u6c23\u8ddf\u52c7\u6c23\uff0c\u5225\u8aaa\u9084\u8981\u627f\u8a8d\u81ea\u5df1\u4f3c\u4e4e\u6709\u4e9b\u4e8b\u60c5\u51fa\u932f\u4e86","translate_comment":"","start":"139.7","dur":"6.4","is_scores":null,"created_at":"1510727576","updated_at":null},{"id":"24095924","caption_id":"115949","seq":"47","text":"\u4e00\u500b\u5c0d\u9032\u884c\u7642\u7a0b\u7684\u60f3\u6cd5\u662f\uff0c\u628a\u5b83\u60f3\u6210\u53bb\u5065\u8eab\u623f","translate_comment":"","start":"146.19","dur":"3.25","is_scores":null,"created_at":"1510717534","updated_at":null},{"id":"24095925","caption_id":"115949","seq":"48","text":"\u4f60\u600e\u9ebc\u60f3\u986f\u7136\u662f\u5f88\u91cd\u8981\u7684","translate_comment":"","start":"149.44","dur":"1.8","is_scores":null,"created_at":"1510717534","updated_at":null},{"id":"24095926","caption_id":"115949","seq":"49","text":"\u6211\u5011\u6703\u70ba\u4e86\u8eab\u9ad4\u4e0a\u5065\u8eab\u623f\u3001\u5403\u5065\u5eb7\u7684\u98df\u7269","translate_comment":"","start":"151.25","dur":"2.339","is_scores":null,"created_at":"1510717534","updated_at":null},{"id":"24095927","caption_id":"115949","seq":"50","text":"\u6211\u5011\u7684\u5927\u8166\u638c\u63a7\u4e86\u6211\u5011\u5c0d\u9019\u500b\u4e16\u754c\u7684\u6240\u6709\u8a8d\u77e5","translate_comment":"","start":"153.7","dur":"3.039","is_scores":null,"created_at":"1510717534","updated_at":null},{"id":"24095928","caption_id":"115949","seq":"51","text":"\u6240\u4ee5\u6211\u5011\u4f55\u4e0d\u597d\u597d\u8655\u7406\u5462\uff1f\u5982\u679c\u4f60\u6709\u7ba1\u9053\u53bb\u6cbb\u7642\uff0c\u6216\u662f\u8aaa\u5982\u679c\u9019\u662f\u7531","translate_comment":"","start":"156.74","dur":"4.569","is_scores":null,"created_at":"1510717534","updated_at":null},{"id":"24095929","caption_id":"115949","seq":"52","text":"\u6bd4\u65b9\u8aaa\uff0c\u4f60\u7684\u5de5\u4f5c\u6216\u5176\u4ed6\u985e\u4f3c\u7684\u4e8b\u7269\u6240\u8ca0\u64d4\uff0c\u5c31\u53bb\u505a\u5427\uff01\u9019\u4e26\u4e0d\u8868\u793a\u4f60\u5f88\u905c","translate_comment":"","start":"161.309","dur":"3.921","is_scores":null,"created_at":"1510717534","updated_at":null},{"id":"24095930","caption_id":"115949","seq":"53","text":"\u5b83\u6703\u5e6b\u52a9\u5230\u6240\u6709\u4eba","translate_comment":"","start":"165.41","dur":"1.79","is_scores":null,"created_at":"1510717534","updated_at":null},{"id":"24095931","caption_id":"115949","seq":"54","text":"\u9019\u5c0d\u751f\u6d3b\u4e2d\u7684\u6182\u616e\u771f\u7684\u5f88\u6709\u5e6b\u52a9","translate_comment":"","start":"167.2","dur":"2.58","is_scores":null,"created_at":"1510717534","updated_at":null},{"id":"24095932","caption_id":"115949","seq":"55","text":"\u6211\u7e3d\u662f\u6703\u5148\u53bb\u60f3\uff0c\u5230\u5e95\u662f\u751a\u9ebc\u8b93\u6211\u611f\u5230\u7126\u8e81","translate_comment":"","start":"169.88","dur":"4","is_scores":null,"created_at":"1510717534","updated_at":null},{"id":"24095933","caption_id":"115949","seq":"56","text":"\u6709\u6642\u5019\u6709\u5f88\u591a\u4e8b\u60c5\u4e00\u8d77\u767c\u751f\uff0c\u4f60\u56e0\u70ba\u5f88\u591a\u4e8b\u611f\u5230\u6182\u616e","translate_comment":"","start":"173.889","dur":"4.111","is_scores":null,"created_at":"1510717534","updated_at":null},{"id":"24096938","caption_id":"115949","seq":"57","text":"\u4f46\u6642\u4e0d\u6642\u6703\u767c\u751f\u9019\u7a2e\u72c0\u6cc1\uff1a\u67d0\u7279\u5b9a\u4e8b\u4ef6\u7684\u767c\u751f\u8b93\u6211\u611f\u5230\u7126\u616e","translate_comment":"","start":"178","dur":"3.9","is_scores":null,"created_at":"1510727576","updated_at":null},{"id":"24095934","caption_id":"115949","seq":"58","text":"\u65e5\u5b50\u4e00\u904e","translate_comment":"","start":"182.1","dur":"1.1","is_scores":null,"created_at":"1510717534","updated_at":null},{"id":"24095935","caption_id":"115949","seq":"59","text":"\u6211\u5c31\u6709\u9ede\u5fd8\u8a18\u5b83\u4e86\uff0c\u4f46\u6211\u4ecd\u7136\u611f\u5230\u7126\u616e","translate_comment":"","start":"183.2","dur":"3.2","is_scores":null,"created_at":"1510717534","updated_at":null},{"id":"24095936","caption_id":"115949","seq":"60","text":"\u9019\u5c31\u50cf\u662f\uff1a\u6211\u4e0d\u77e5\u9053\u6211\u5728\u7126\u616e\u4ec0\u9ebc","translate_comment":"","start":"186.4","dur":"1.899","is_scores":null,"created_at":"1510717534","updated_at":null},{"id":"24095937","caption_id":"115949","seq":"61","text":"\u4f46\u6211\u5c31\u662f\u611f\u89ba\u5f88\u7cdf\u3002\u6240\u4ee5\u6211\u958b\u59cb\u53bb\u60f3\u4e00\u4e9b\u53ef\u4ee5\u63a1\u53d6\u7684\u6b65\u9a5f\u4ee5","translate_comment":"","start":"188.3","dur":"4.11","is_scores":null,"created_at":"1510717534","updated_at":null},{"id":"24096939","caption_id":"115949","seq":"62","text":"\u4fee\u6b63\u6b64\u4e8b\uff0c\u8b93\u6211\u7684\u6182\u6101\u7159\u6d88\u96f2\u6563","translate_comment":"","start":"192.5","dur":"3","is_scores":null,"created_at":"1510727576","updated_at":null},{"id":"24095938","caption_id":"115949","seq":"63","text":"\u4f46\u50c5\u50c5\u662f\u77e5\u9053\u662f\u751a\u9ebc\u9020\u6210\u6182\u616e\uff0c\u5c31\u5e38\u5e38\u53ef\u4ee5\u8b93\u6211\u611f\u53d7\u5230\u81ea\u5df1\u63e1\u6709\u81ea\u4e3b\u6b0a","translate_comment":"","start":"195.54","dur":"4.43","is_scores":null,"created_at":"1510717534","updated_at":null},{"id":"24095939","caption_id":"115949","seq":"64","text":"\u4e0b\u4e00\u500b\u662f\u5728\u8b1b\u6211\u7684\u670b\u53cb Jess","translate_comment":"","start":"199.99","dur":"1.67","is_scores":null,"created_at":"1510717534","updated_at":null},{"id":"24095940","caption_id":"115949","seq":"65","text":"\u9019\u62db\u9762\u5c0d\u6182\u616e\u6642\u8d85\u6709\u7528","translate_comment":"","start":"201.68","dur":"1.85","is_scores":null,"created_at":"1510717534","updated_at":null},{"id":"24095941","caption_id":"115949","seq":"66","text":"\u4f60\u53bb\u60f3 \"HALT\"","translate_comment":"","start":"203.53","dur":"1.06","is_scores":null,"created_at":"1510717534","updated_at":null},{"id":"24095942","caption_id":"115949","seq":"67","text":"\u4f60\u662f\u5426\u611f\u5230\u98e2\u9913\u3001\u751f\u6c23\u3001\u5bc2\u5bde\u3001\u75b2\u5026","translate_comment":"","start":"204.79","dur":"3.659","is_scores":null,"created_at":"1510717534","updated_at":null},{"id":"24095943","caption_id":"115949","seq":"68","text":"\u56e0\u70ba\u8001\u5be6\u8aaa\uff0c\u6bcf\u7576\u6211\u611f\u5230\u7169\u5fc3\uff0c\u6211\u901a\u5e38\u90fd\u53ef\u4ee5\u5c0d\u61c9\u5230\u4e0a\u8ff0\u5e7e\u4ef6\u4e8b","translate_comment":"","start":"208.599","dur":"4.341","is_scores":null,"created_at":"1510717534","updated_at":null},{"id":"24095944","caption_id":"115949","seq":"69","text":"\u5982\u679c\u6211\u5f88\u9913\u7684\u8a71\uff0c\u90a3\u6211\u5c31\u6703\u53bb\u505a\u4e00\u4e9b\u6211\u80fd\u505a\u7684\u4e8b","translate_comment":"","start":"212.95","dur":"2.32","is_scores":null,"created_at":"1510717534","updated_at":null},{"id":"24096940","caption_id":"115949","seq":"70","text":"\u50cf\u662f\u505a\u500b\u4e09\u660e\u6cbb\uff0c\u7136\u5f8c\u6211\u5c31\u6703\u597d\u4e9b","translate_comment":"","start":"215.3","dur":"1.9","is_scores":null,"created_at":"1510727576","updated_at":null},{"id":"24095945","caption_id":"115949","seq":"71","text":"\u5e38\u88ab\u5ffd\u7565\u4f46\u537b\u5f88\u5e38\u767c\u751f\u7684\u662f\u5bc2\u5bde","translate_comment":"","start":"217.36","dur":"4.08","is_scores":null,"created_at":"1510717534","updated_at":null},{"id":"24095946","caption_id":"115949","seq":"72","text":"\u6709\u6642\u5019\u4f60\u4e0d\u505c\u5de5\u4f5c\uff0c\u4f60\u4e00\u76f4\u6ce8\u8996\u8457\u96fb\u8166\u3002\u4f60\u4e00\u5929\u8655\u7406\u5f88\u591a\u4e8b","translate_comment":"","start":"221.49","dur":"3.35","is_scores":null,"created_at":"1510717534","updated_at":null},{"id":"24095947","caption_id":"115949","seq":"73","text":"\u7136\u5f8c\u4f60\u611f\u5230\u7126\u616e","translate_comment":"","start":"224.84","dur":"0.87","is_scores":null,"created_at":"1510717534","updated_at":null},{"id":"24095948","caption_id":"115949","seq":"74","text":"\u4f60\u767c\u89ba\u4f60\u53ea\u662f\u9700\u8981\u8ddf\u5225\u4eba\u51fa\u53bb\u6643\u6643\u3002\u4e0d\u7ba1\u662f\u53bb\u7b11\u7b11\u9084\u662f\u53ea\u662f\u559d\u676f\u5496\u5561","translate_comment":"","start":"226.4","dur":"3.709","is_scores":null,"created_at":"1510717534","updated_at":null},{"id":"24095949","caption_id":"115949","seq":"75","text":"\u751a\u81f3\u53ea\u662f\u6253\u901a\u96fb\u8a71\u90fd\u80fd\u8b93\u4f60\u611f\u89ba\u597d\u591a\u4e86","translate_comment":"","start":"230.12","dur":"2.57","is_scores":null,"created_at":"1510717534","updated_at":null},{"id":"24095950","caption_id":"115949","seq":"76","text":"\u9019\u540c\u6642\u4e5f\u5728\u5e6b\u4f60\u5efa\u7acb\u4eba\u969b\u95dc\u4fc2\uff0c\u597d\u7684\u4eba\u969b\u95dc\u4fc2\u7e3d\u662f\u8b93\u4eba\u611f\u5230\u5f88\u68d2","translate_comment":"","start":"232.69","dur":"3.73","is_scores":null,"created_at":"1510717534","updated_at":null},{"id":"24095951","caption_id":"115949","seq":"77","text":"\u6211\u90fd\u7ba1\u63a5\u4e0b\u4f86\u9019\u500b\u53eb\u300c\u5fae\u5de5\u4f5c\u300d","translate_comment":"","start":"236.57","dur":"2.83","is_scores":null,"created_at":"1510717534","updated_at":null},{"id":"24095952","caption_id":"115949","seq":"78","text":"\u5c0d\u6211\u4f86\u8aaa\uff0c\u6211\u767c\u73fe\u81ea\u5df1\u611f\u5230\u7126\u616e","translate_comment":"","start":"239.42","dur":"2.029","is_scores":null,"created_at":"1510717534","updated_at":null},{"id":"24096941","caption_id":"115949","seq":"79","text":"\u5f88\u5e38\u662f\u56e0\u70ba\u5f88\u591a\u4e8b\u60c5\u540c\u6642\u9032\u884c\u800c\u4e0d\u77e5\u5f9e\u4f55\u4e0b\u624b","translate_comment":"","start":"241.5","dur":"3.7","is_scores":null,"created_at":"1510727576","updated_at":null},{"id":"24095953","caption_id":"115949","seq":"80","text":"\u6240\u4ee5\u5982\u679c\u6211\u505a\u4e00\u4e9b\u4e8b\u60c5\u50cf\u662f\u526a\u8f2f\u5f71\u7247\uff0c\u5c0d\u6211\u4f86\u8aaa\u5c31\u50cf","translate_comment":"","start":"245.429","dur":"4.171","is_scores":null,"created_at":"1510717534","updated_at":null},{"id":"24096942","caption_id":"115949","seq":"81","text":"\u5f88\u591a\u500b\u4e0d\u71d2\u8166\u4f46\u82b1\u6642\u9593\u7684\u5c0f\u6b65\u9a5f","translate_comment":"","start":"249.6","dur":"5.8","is_scores":null,"created_at":"1510727576","updated_at":null},{"id":"24095954","caption_id":"115949","seq":"82","text":"\u6240\u4ee5\u611f\u89ba\u4e0a\u5c31\u50cf\u6211\u5728\u70ba\u6211\u7684\u5927\u8166\u8fa6\u7406\u4e00\u5806\u5c0f\u4e8b\u4f86\u8b93\u6211\u5f97\u4ee5\u5206\u5fc3","translate_comment":"","start":"255.4","dur":"3.79","is_scores":null,"created_at":"1510717534","updated_at":null},{"id":"24095955","caption_id":"115949","seq":"83","text":"\u8207\u5176\u628a\u4e8b\u60c5\u60f3\u5927\uff0c\u300c\u54c7\u5929\u554a\uff01\u6bcf\u4ef6\u4e8b\u90fd\u92ea\u5929\u84cb\u5730\u800c\u4f86\uff01\u300d","translate_comment":"","start":"259.23","dur":"3.489","is_scores":null,"created_at":"1510717534","updated_at":null},{"id":"24096943","caption_id":"115949","seq":"84","text":"\u53bb\u505a\u4e00\u4e9b\u4f60\u77e5\u9053\u6703\u82b1\u4f60\u4e00\u9ede\u6642\u9593\u7684\u4e8b","translate_comment":"","start":"262.8","dur":"3.9","is_scores":null,"created_at":"1510727576","updated_at":null},{"id":"24099511","caption_id":"115949","seq":"85","text":"\u6240\u4ee5\u4f60\u5c31\u53ef\u4ee5\u8b93\u4f60\u7684\u8166\u888b\u7a0d\u5fae\u5f9e\u6182\u616e\u4e2d\u5206\u5fc3\u958b\u4f86","translate_comment":"","start":"266.8","dur":"1.6","is_scores":null,"created_at":"1510731716","updated_at":null},{"id":"24095956","caption_id":"115949","seq":"86","text":"\u4e0b\u500b\u6771\u897f\u8981\u5f88\u6ce8\u610f\uff0c\u53ea\u6709\u5728\u7126\u616e\u6642\u53ef\u4ee5\u505a","translate_comment":"","start":"268.43","dur":"3.62","is_scores":null,"created_at":"1510717534","updated_at":null},{"id":"24099512","caption_id":"115949","seq":"87","text":"\u56e0\u70ba\u4ed6\u4e5f\u53ef\u80fd\u6703\u5e36\u4f86\u7126\u616e","translate_comment":"","start":"272.1","dur":"1.8","is_scores":null,"created_at":"1510731716","updated_at":null},{"id":"24095957","caption_id":"115949","seq":"88","text":"\u90a3\u5c31\u662f\u8df3\u812b\u51fa\u4f86\uff0c\u9060\u89c0\u5927\u5c40","translate_comment":"","start":"273.89","dur":"2.14","is_scores":null,"created_at":"1510717534","updated_at":null},{"id":"24099513","caption_id":"115949","seq":"89","text":"\u4e26\u4e14\u8a8d\u77e5\u5230\u6211\u5011\u662f\u591a\u9ebc\u6e3a\u5c0f","translate_comment":"","start":"276.1","dur":"2.4","is_scores":null,"created_at":"1510731716","updated_at":null},{"id":"24095958","caption_id":"115949","seq":"90","text":"\u6211\u662f\u500b\u76f8\u4fe1\u4e26\u71b1\u611b\u79d1\u5b78\u7684\u4eba\uff0c\u6211\u78ba\u5be6\u8a8d\u70ba\u81ea\u5df1\u53ea\u662f\u4e00\u5806\u5e7e\u5146\u500b\u539f\u5b50\u6240\u7d44\u6210\u7684\u6709\u6a5f\u9ad4","translate_comment":"","start":"278.51","dur":"7.4","is_scores":null,"created_at":"1510717534","updated_at":null},{"id":"24099514","caption_id":"115949","seq":"91","text":"\u975e\u5e38\u8907\u96dc\u4e14\u9a5a\u4eba\uff0c\u4f46\u6211\u53ea\u6709\u6709\u9650\u7684\u6642\u9593\u4f86\u6d3b\u5728\u9019\u7a2e\u7269\u7406\u7684\u8ec0\u6bbc\u88e1","translate_comment":"","start":"286","dur":"6.8","is_scores":null,"created_at":"1510731716","updated_at":null},{"id":"24095959","caption_id":"115949","seq":"92","text":"\u6240\u4ee5\u5982\u679c\u6211\u56e0\u70ba\u5404\u7a2e\u65b9\u5f0f\u800c\u7126\u616e\u7f69\u9802\u6642\uff0c\u6211\u6703\u8df3\u812b\u51fa\u4f86","translate_comment":"","start":"293.4","dur":"2.47","is_scores":null,"created_at":"1510717534","updated_at":null},{"id":"24095960","caption_id":"115949","seq":"93","text":"\u4e26\u60f3\u8aaa\u6211\u53ea\u662f\u5728\u9019\u500b\u6d69\u701a\u5b87\u5b99\u4e2d\u5c0f\u5c0f\u661f\u7403\u4e0a\u7684\u4e00\u500b\u6e3a\u5c0f\u7684\u5b58\u5728\uff0c\u9019\u6709\u5e6b\u52a9","translate_comment":"","start":"295.87","dur":"6.66","is_scores":null,"created_at":"1510717534","updated_at":null},{"id":"24099515","caption_id":"115949","seq":"94","text":"\u56e0\u70ba\u9019\u6703\u4f7f\u90a3\u72c0\u6cc1\u6703\u8b8a\u5f97\u5f88\u5c0f\uff0c\u4e14\u8b8a\u5f97\u6bd4\u8f03\u5bb9\u6613\u53bb\u8655\u7406","translate_comment":"","start":"302.6","dur":"5.8","is_scores":null,"created_at":"1510731716","updated_at":null},{"id":"24095961","caption_id":"115949","seq":"95","text":"\u4f46\u4e5f\u6709\u5176\u4ed6\u6642\u5019\uff0c\u5c24\u5176\u662f\u5728\u6211\u6709\u9ede\u5fae\u91ba\u7684\u6642\u5019\uff0c\u7576\u6211\u60f3\u5230\u9019\u4e9b","translate_comment":"","start":"308.46","dur":"4.01","is_scores":null,"created_at":"1510717534","updated_at":null},{"id":"24099516","caption_id":"115949","seq":"96","text":"\u6211\u6703\u5f88\u6050\u614c\u3002\u6240\u4ee5\u4f60\u8981\u5e36\u9ede\u6280\u5de7\u5730\u53bb\u7528\u9019\u500b\u65b9\u6cd5","translate_comment":"","start":"312.5","dur":"4.4","is_scores":null,"created_at":"1510731716","updated_at":null},{"id":"24095962","caption_id":"115949","seq":"97","text":"\u5225\u628a\u81ea\u5df1\u64ca\u5012\u4e86","translate_comment":"","start":"316.98","dur":"1.73","is_scores":null,"created_at":"1510717534","updated_at":null},{"id":"24095963","caption_id":"115949","seq":"98","text":"\u4e26\u4e0d\u662f\u6240\u6709\u7684\u7126\u616e\u90fd\u53ef\u4ee5\u5728\u4e00\u5929\u4e4b\u5167\u6d88\u5931","translate_comment":"","start":"318.719","dur":"2.541","is_scores":null,"created_at":"1510717534","updated_at":null},{"id":"24095964","caption_id":"115949","seq":"99","text":"\u9019\u4e9b\u6280\u5de7\u4e5f\u8a31\u5c0d\u4f60\u4e0d\u7ba1\u7528","translate_comment":"","start":"321.469","dur":"1.51","is_scores":null,"created_at":"1510717534","updated_at":null},{"id":"24095965","caption_id":"115949","seq":"100","text":"\u4f60\u5f97\u53bb\u81ea\u5df1\u505a\u500b\u5be6\u9a57","translate_comment":"","start":"322.99","dur":"1.54","is_scores":null,"created_at":"1510717534","updated_at":null},{"id":"24095966","caption_id":"115949","seq":"101","text":"\u6709\u6642\u5019\u6211\u767c\u73fe\u300c\u8b93\u6211\u5011\u7761\u500b\u597d\u89ba\uff0c\u660e\u5929\u518d\u4f86\u3002\u300d\u9019\u7a2e\u8a71\u4e5f\u4e26\u4e0d\u7e3d\u80fd\u89e3\u6c7a\u554f\u984c","translate_comment":"","start":"324.8","dur":"5.679","is_scores":null,"created_at":"1510717534","updated_at":null},{"id":"24095967","caption_id":"115949","seq":"102","text":"\u4f46\u5927\u9ad4\u4e0a\u4f86\u8aaa\uff0c\u5c31\u63a5\u53d7\u9019\u4e8b\u5be6\u5427\uff01\u4eba\u5011\u7e3d\u6703\u7d93\u6b77\u96e3\u95dc","translate_comment":"","start":"330.58","dur":"3.3","is_scores":null,"created_at":"1510717534","updated_at":null},{"id":"24099517","caption_id":"115949","seq":"103","text":"\u6703\u78b0\u5230\u9ad8\u5cf0\u8ddf\u4f4e\u8c37","translate_comment":"","start":"333.9","dur":"2.6","is_scores":null,"created_at":"1510731716","updated_at":null},{"id":"24095968","caption_id":"115949","seq":"104","text":"\u6240\u4ee5\u5225\u81ea\u5df1\u632b\u6298\u81ea\u5df1\u4e86\uff0c\u5c31\u7528\u5f88\u4e00\u822c\u4eba\u7684\u60f3\u6cd5\u53bb\u958b\u59cb\u60f3\u5c31\u5c0d\u4e86","translate_comment":"","start":"336.79","dur":"4.539","is_scores":null,"created_at":"1510717534","updated_at":null},{"id":"24095969","caption_id":"115949","seq":"105","text":"\u6700\u5f8c\u4e00\u500b\u5f88\u6709\u6311\u6230\u6027\uff0c\u5c24\u5176\u662f\u5c0d\u6211\u4f86\u8aaa","translate_comment":"","start":"341.35","dur":"3.15","is_scores":null,"created_at":"1510717534","updated_at":null},{"id":"24095970","caption_id":"115949","seq":"106","text":"\u7576\u4f60\u611f\u5230\u6182\u616e\u6642\uff0c\u5c31\u8b93\u81ea\u5df1\u8106\u5f31\uff0c\u53bb\u627e\u67d0\u4eba\u8ac7\u4e00\u8ac7\u5427\uff01","translate_comment":"","start":"344.13","dur":"4.38","is_scores":null,"created_at":"1510717534","updated_at":null},{"id":"24095971","caption_id":"115949","seq":"107","text":"\u6211\u89ba\u5f97\u7642\u7a0b\u8b93\u6211\u5c0d\u65bc\u5404\u65b9\u9762\u90fd\u66f4\u52a0\u7684\u4e86\u89e3","translate_comment":"","start":"348.59","dur":"3.949","is_scores":null,"created_at":"1510717534","updated_at":null},{"id":"24095972","caption_id":"115949","seq":"108","text":"\u8a8d\u8b58\u81ea\u6211\u4e5f\u662f\u3002\u6211\u767c\u73fe\u627f\u8a8d\u3001\u8868\u73fe\u51fa\u81ea\u5df1\u8106\u5f31\u7684\u4e00\u9762\u5f88\u96e3","translate_comment":"","start":"352.54","dur":"2.86","is_scores":null,"created_at":"1510717534","updated_at":null},{"id":"24095973","caption_id":"115949","seq":"109","text":"\u6211\u82b1\u4e86\u5f88\u591a\u6642\u9593\u4f86\u8b93\u81ea\u5df1\u770b\u8d77\u4f86\u5f88\u5805\u5f37","translate_comment":"","start":"355.4","dur":"4.299","is_scores":null,"created_at":"1510717534","updated_at":null},{"id":"24095974","caption_id":"115949","seq":"110","text":"\u6211\u662f\u4e00\u500b\u5805\u5f37\u7684\u4eba","translate_comment":"","start":"359.699","dur":"1.011","is_scores":null,"created_at":"1510717534","updated_at":null},{"id":"24095975","caption_id":"115949","seq":"111","text":"\u6211\u5fc5\u9808\u5efa\u7acb\u8d77\u5f48\u6027\uff0c\u56e0\u70ba\u6211\u4e00\u76f4\u4ee5\u4f86\u90fd\u50cf\u500b\u71b1\u60c5\u5982\u706b\u7684\u5b69\u5b50","translate_comment":"","start":"360.71","dur":"3.699","is_scores":null,"created_at":"1510717534","updated_at":null},{"id":"24095976","caption_id":"115949","seq":"112","text":"\u6211\u89ba\u5f97\u9019\u662f\u5176\u4e2d\u4e00\u500b\u539f\u56e0","translate_comment":"","start":"364.59","dur":"1.07","is_scores":null,"created_at":"1510717534","updated_at":null},{"id":"24095977","caption_id":"115949","seq":"113","text":"\u6240\u4ee5\u6211\u4fdd\u6709\u5f48\u6027\uff0c\u4e26\u4e14\u6211\u6c38\u9060\u60f3\u8b93\u8eab\u908a\u7684\u4eba\u611f\u5230\u958b\u5fc3","translate_comment":"","start":"365.96","dur":"4.98","is_scores":null,"created_at":"1510717534","updated_at":null},{"id":"24095978","caption_id":"115949","seq":"114","text":"\u6211\u60f3\u8981\u4ed6\u5011\u8a8d\u70ba\u6211\u662f\u6709\u8da3\u7684","translate_comment":"","start":"370.94","dur":"1.7","is_scores":null,"created_at":"1510717534","updated_at":null},{"id":"24095979","caption_id":"115949","seq":"115","text":"\u4f46\u8868\u73fe\u6613\u53d7\u50b7\u3001\u865b\u5f31\u7684\u4e00\u9762\uff0c\u662f\u8b93\u4eba\u771f\u6b63\u8207\u4f60\u642d\u8d77\u9023\u7d50\uff0c\u771f\u6b63\u770b\u898b\u4f60\u7684\u6642\u5019","translate_comment":"","start":"372.639","dur":"5.83","is_scores":null,"created_at":"1510717534","updated_at":null},{"id":"24095980","caption_id":"115949","seq":"116","text":"\u8b1d\u8b1d\u89c0\u8cde","translate_comment":"","start":"378.52","dur":"1.88","is_scores":null,"created_at":"1510717534","updated_at":null},{"id":"24095981","caption_id":"115949","seq":"117","text":"\u5982\u679c\u4f60\u60f3\u8981\u7559\u8a00\u5206\u4eab\u4f60\u8655\u7406\u6182\u616e\u7684\u5c0f\u6280\u5de7","translate_comment":"","start":"380.42","dur":"2.99","is_scores":null,"created_at":"1510717534","updated_at":null},{"id":"24095982","caption_id":"115949","seq":"118","text":"\u6211\u5011\u6703\u5f88\u6a02\u610f\u770b\u7684","translate_comment":"","start":"383.41","dur":"0.889","is_scores":null,"created_at":"1510717534","updated_at":null},{"id":"24095983","caption_id":"115949","seq":"119","text":"\u6211\u60f3\u5176\u4ed6\u89c0\u773e\u4e5f\u90fd\u6703\u5f88\u60f3\u770b\u5176\u4ed6\u4eba\u9762\u5c0d\u9577\u77ed\u671f\u7126\u616e\u7684\u7b56\u7565\u8207\u4f5c\u6cd5","translate_comment":"","start":"384.31","dur":"5.79","is_scores":null,"created_at":"1510717534","updated_at":null},{"id":"24095984","caption_id":"115949","seq":"120","text":"\u53e6\u5916\uff0c\u8acb\u78ba\u8a8d\u4f60\u5df2\u7d93\u8a02\u95b1","translate_comment":"","start":"390.17","dur":"1.319","is_scores":null,"created_at":"1510717534","updated_at":null},{"id":"24095985","caption_id":"115949","seq":"121","text":"\u4f60\u53ef\u4ee5\u7528\u4e0b\u9762\u7684\u5e33\u865f\u5728 Instagram\u3001\u63a8\u7279\u8ffd\u8e64\u6211\u5011\uff0c\u4e0b\u6b21\u898b\u3002\u548c\u5e73","translate_comment":"","start":"391.509","dur":"3.22","is_scores":null,"created_at":"1510717534","updated_at":null}]}