{"en":[{"id":"27030659","caption_id":"126899","seq":"1","text":"Closing your eyes helps you remember things.","translate_comment":"","start":"10.19","dur":"2.1","is_scores":null,"created_at":"1521185497","updated_at":null},{"id":"27030660","caption_id":"126899","seq":"2","text":"An article written by Psychology Today titled Why Do You Close Your Eyes to Remember","translate_comment":"","start":"14.2","dur":"4.5","is_scores":null,"created_at":"1521185497","updated_at":null},{"id":"27030661","caption_id":"126899","seq":"3","text":"does a very good job explaining why closing your eyes helps you remember things better.","translate_comment":"","start":"18.96","dur":"3.94","is_scores":null,"created_at":"1521185497","updated_at":null},{"id":"27030662","caption_id":"126899","seq":"4","text":"It says that closing your eyes prevents you from distractions that occupy your visual senses.","translate_comment":"","start":"23.66","dur":"4.639","is_scores":null,"created_at":"1521185497","updated_at":null},{"id":"27030663","caption_id":"126899","seq":"5","text":"It seems that your brain has a limited capacity when it comes to processing information related to specific senses.","translate_comment":"","start":"28.91","dur":"5.729","is_scores":null,"created_at":"1521185497","updated_at":null},{"id":"27030664","caption_id":"126899","seq":"6","text":"For example, you are only able to process so much visual information at once.","translate_comment":"","start":"35.379","dur":"4.36","is_scores":null,"created_at":"1521185497","updated_at":null},{"id":"27030665","caption_id":"126899","seq":"7","text":"When you ask somebody to recall a visual object,","translate_comment":"","start":"39.99","dur":"2.63","is_scores":null,"created_at":"1521185497","updated_at":null},{"id":"27030666","caption_id":"126899","seq":"8","text":"chances are they're going to close their eyes or look up.","translate_comment":"","start":"42.8","dur":"2.76","is_scores":null,"created_at":"1521185497","updated_at":null},{"id":"27030667","caption_id":"126899","seq":"9","text":"This helps minimalize visual distractions.","translate_comment":"","start":"46.9","dur":"1.609","is_scores":null,"created_at":"1521185497","updated_at":null},{"id":"27030668","caption_id":"126899","seq":"10","text":"It also appears that depending on what we're trying to remember,","translate_comment":"","start":"50.19","dur":"3.61","is_scores":null,"created_at":"1521185497","updated_at":null},{"id":"27030669","caption_id":"126899","seq":"11","text":"sound, sight, smell, taste, or touch,","translate_comment":"","start":"53.23","dur":"2.559","is_scores":null,"created_at":"1521185497","updated_at":null},{"id":"27030670","caption_id":"126899","seq":"12","text":"closing off distractions to those senses helps you remember better.","translate_comment":"","start":"56.15","dur":"3.15","is_scores":null,"created_at":"1521185497","updated_at":null},{"id":"27030671","caption_id":"126899","seq":"13","text":"We already used vision as an example.","translate_comment":"","start":"59.94","dur":"2.46","is_scores":null,"created_at":"1521185497","updated_at":null},{"id":"27030672","caption_id":"126899","seq":"14","text":"For sound, the article also touches upon a study that","translate_comment":"","start":"62.76","dur":"3.04","is_scores":null,"created_at":"1521185497","updated_at":null},{"id":"27030673","caption_id":"126899","seq":"15","text":"shows that blocking out sound related distractions when trying to remember a sound","translate_comment":"","start":"65.8","dur":"3.639","is_scores":null,"created_at":"1521185497","updated_at":null},{"id":"27030674","caption_id":"126899","seq":"16","text":"helps improve a call.","translate_comment":"","start":"69.67","dur":"1.129","is_scores":null,"created_at":"1521185497","updated_at":null},{"id":"27030675","caption_id":"126899","seq":"17","text":"At this point, this logic seems to make sense","translate_comment":"","start":"72.4","dur":"2.26","is_scores":null,"created_at":"1521185497","updated_at":null},{"id":"27030676","caption_id":"126899","seq":"18","text":"and perhaps truly applies to the other senses as well.","translate_comment":"","start":"74.7","dur":"2.71","is_scores":null,"created_at":"1521185497","updated_at":null},{"id":"27030677","caption_id":"126899","seq":"19","text":"I also remember as a part of a memory lab that I volunteered for.","translate_comment":"","start":"78.5","dur":"2.869","is_scores":null,"created_at":"1521185497","updated_at":null},{"id":"27030678","caption_id":"126899","seq":"20","text":"My supervisor had me research a little about memory and sensory processing.","translate_comment":"","start":"81.67","dur":"3.85","is_scores":null,"created_at":"1521185497","updated_at":null},{"id":"27030679","caption_id":"126899","seq":"21","text":"I forgot the name of the concept of the model.","translate_comment":"","start":"86.7","dur":"1.49","is_scores":null,"created_at":"1521185497","updated_at":null},{"id":"27030680","caption_id":"126899","seq":"22","text":"But it basically says that when you multitask you aren't actually multitasking.","translate_comment":"","start":"88.34","dur":"4.069","is_scores":null,"created_at":"1521185497","updated_at":null},{"id":"27030681","caption_id":"126899","seq":"23","text":"You are essentially dividing up your attention or resources to various tasks.","translate_comment":"","start":"93.109","dur":"3.611","is_scores":null,"created_at":"1521185497","updated_at":null},{"id":"27030682","caption_id":"126899","seq":"24","text":"This also means that when you multitask,","translate_comment":"","start":"97.53","dur":"2.02","is_scores":null,"created_at":"1521185497","updated_at":null},{"id":"27030683","caption_id":"126899","seq":"25","text":"your attention on each task aren't at their 100%.","translate_comment":"","start":"99.61","dur":"3.489","is_scores":null,"created_at":"1521185497","updated_at":null},{"id":"27124243","caption_id":"126899","seq":"26","text":"It supports the idea that our brains has a limited capacity when it comes to dealing with various senses.","translate_comment":"","start":"103","dur":"5","is_scores":null,"created_at":"1521688485","updated_at":null},{"id":"27030684","caption_id":"126899","seq":"27","text":"Another key point of the model was that","translate_comment":"","start":"110.449","dur":"2.101","is_scores":null,"created_at":"1521185497","updated_at":null},{"id":"27030685","caption_id":"126899","seq":"28","text":"if you perform two tasks that require the same sensory input and output","translate_comment":"","start":"112.63","dur":"3.629","is_scores":null,"created_at":"1521185497","updated_at":null},{"id":"27030686","caption_id":"126899","seq":"29","text":"you're more likely to divide up the resources for those activities.","translate_comment":"","start":"116.51","dur":"3.29","is_scores":null,"created_at":"1521185497","updated_at":null},{"id":"27030687","caption_id":"126899","seq":"30","text":"You're also more likely to have difficulties performing two or more tasks that require the same sense.","translate_comment":"","start":"120.39","dur":"4.71","is_scores":null,"created_at":"1521185497","updated_at":null},{"id":"27030688","caption_id":"126899","seq":"31","text":"What are your thoughts on this article?","translate_comment":"","start":"126.369","dur":"1.511","is_scores":null,"created_at":"1521185497","updated_at":null},{"id":"27030689","caption_id":"126899","seq":"32","text":"Do you have any strange stories regarding remembering things or multitasking?","translate_comment":"","start":"128.36","dur":"4.24","is_scores":null,"created_at":"1521185497","updated_at":null},{"id":"27030690","caption_id":"126899","seq":"33","text":"Let us know in the comments below.","translate_comment":"","start":"132.57","dur":"1.83","is_scores":null,"created_at":"1521185497","updated_at":null},{"id":"27030691","caption_id":"126899","seq":"34","text":"If you liked this video, check out our other social media for more content.","translate_comment":"","start":"135.5","dur":"3.049","is_scores":null,"created_at":"1521185497","updated_at":null},{"id":"27030692","caption_id":"126899","seq":"35","text":"And don't forget to subscribe!","translate_comment":"","start":"138.929","dur":"1.28","is_scores":null,"created_at":"1521185497","updated_at":null},{"id":"27030693","caption_id":"126899","seq":"36","text":"Thanks for watching.","translate_comment":"","start":"140.79","dur":"0.889","is_scores":null,"created_at":"1521185497","updated_at":null}],"zh-Hant":[{"id":"27031394","caption_id":"126900","seq":"1","text":"\u9589\u4e0a\u773c\u775b\u6709\u52a9\u65bc\u56de\u61b6\u4e8b\u60c5","translate_comment":"","start":"10.19","dur":"2.1","is_scores":null,"created_at":"1521186547","updated_at":null},{"id":"27031395","caption_id":"126900","seq":"2","text":"\u7f8e\u570b\u7db2\u7ad9 Psychology Today \u4e0a\u6709\u4e00\u7bc7\u6587\u7ae0\u300c\u70ba\u4ec0\u9ebc\u8981\u9589\u4e0a\u773c\u775b\u56de\u61b6\u300d","translate_comment":"","start":"14.2","dur":"4.5","is_scores":null,"created_at":"1521186547","updated_at":null},{"id":"27031396","caption_id":"126900","seq":"3","text":"\u6e05\u695a\u89e3\u91cb\u4e86\u70ba\u4f55\u9589\u4e0a\u773c\u775b\u6709\u52a9\u56de\u61b6","translate_comment":"","start":"18.96","dur":"3.94","is_scores":null,"created_at":"1521186547","updated_at":null},{"id":"27031397","caption_id":"126900","seq":"4","text":"\u9019\u7bc7\u6587\u7ae0\u8aaa\uff0c\u9589\u4e0a\u773c\u775b\u8b93\u4f60\u4e0d\u53d7\u5176\u4ed6\u8996\u89ba\u5e72\u64fe","translate_comment":"","start":"23.66","dur":"4.639","is_scores":null,"created_at":"1521186547","updated_at":null},{"id":"27031398","caption_id":"126900","seq":"5","text":"\u7576\u5927\u8166\u8981\u8655\u7406\u7279\u5b9a\u611f\u5b98\u8cc7\u8a0a\u6642\uff0c\u5bb9\u91cf\u4f3c\u4e4e\u6709\u9650","translate_comment":"","start":"28.91","dur":"5.729","is_scores":null,"created_at":"1521186547","updated_at":null},{"id":"27031399","caption_id":"126900","seq":"6","text":"\u8209\u4f8b\u4f86\u8aaa\uff0c\u4f60\u4e00\u6b21\u53ea\u80fd\u8655\u7406\u4e00\u5b9a\u4efd\u91cf\u7684\u8996\u89ba\u8cc7\u8a0a","translate_comment":"","start":"35.379","dur":"4.36","is_scores":null,"created_at":"1521186547","updated_at":null},{"id":"27031400","caption_id":"126900","seq":"7","text":"\u7576\u4f60\u8981\u6c42\u67d0\u4eba\u56de\u61b6\u8996\u89ba\u4e0a\u7684\u7269\u9ad4\uff0c","translate_comment":"","start":"39.99","dur":"2.63","is_scores":null,"created_at":"1521186547","updated_at":null},{"id":"27031401","caption_id":"126900","seq":"8","text":"\u4ed6\u5011\u5f88\u6709\u53ef\u80fd\u9589\u4e0a\u773c\u6216\u8005\u5411\u4e0a\u770b","translate_comment":"","start":"42.8","dur":"2.76","is_scores":null,"created_at":"1521186547","updated_at":null},{"id":"27031402","caption_id":"126900","seq":"9","text":"\u9019\u6709\u52a9\u65bc\u6e1b\u5c11\u8996\u89ba\u5e72\u64fe","translate_comment":"","start":"46.9","dur":"1.609","is_scores":null,"created_at":"1521186547","updated_at":null},{"id":"27031403","caption_id":"126900","seq":"10","text":"\u800c\u4e14\u6839\u64da\u6211\u5011\u60f3\u56de\u61b6\u7684\u6771\u897f\uff0c","translate_comment":"","start":"50.19","dur":"3.61","is_scores":null,"created_at":"1521186547","updated_at":null},{"id":"27031404","caption_id":"126900","seq":"11","text":"\u8272\u3001\u8072\u3001\u9999\u3001\u5473\u3001\u89f8\uff0c","translate_comment":"","start":"53.23","dur":"2.559","is_scores":null,"created_at":"1521186547","updated_at":null},{"id":"27031405","caption_id":"126900","seq":"12","text":"\u95dc\u9589\u9019\u4e9b\u611f\u5b98\u7684\u5e72\u64fe\u4f86\u6e90\u80fd\u5e6b\u52a9\u4f60\u56de\u61b6","translate_comment":"","start":"56.15","dur":"3.15","is_scores":null,"created_at":"1521186547","updated_at":null},{"id":"27031406","caption_id":"126900","seq":"13","text":"\u4e0a\u9762\u5df2\u7d93\u7528\u8996\u89ba\u4f5c\u70ba\u4f8b\u5b50","translate_comment":"","start":"59.94","dur":"2.46","is_scores":null,"created_at":"1521186547","updated_at":null},{"id":"27031407","caption_id":"126900","seq":"14","text":"\u807d\u89ba\u65b9\u9762\uff0c\u9019\u7bc7\u6587\u7ae0\u4e5f\u63d0\u5230\u4e00\u5247\u7814\u7a76","translate_comment":"","start":"62.76","dur":"3.04","is_scores":null,"created_at":"1521186547","updated_at":null},{"id":"27031408","caption_id":"126900","seq":"15","text":"\u7576\u4f60\u5617\u8a66\u56de\u61b6\u8072\u97f3\u6642\uff0c\u64cb\u4f4f\u5176\u4ed6\u8072\u97f3\u5e72\u64fe","translate_comment":"","start":"65.8","dur":"3.639","is_scores":null,"created_at":"1521186547","updated_at":null},{"id":"27031409","caption_id":"126900","seq":"16","text":"\u53ef\u4ee5\u5e6b\u52a9\u4f60\u56de\u60f3","translate_comment":"","start":"69.67","dur":"1.129","is_scores":null,"created_at":"1521186547","updated_at":null},{"id":"27031410","caption_id":"126900","seq":"17","text":"\u9019\u6a23\u5c31\u6709\u9053\u7406\u4e86","translate_comment":"","start":"72.4","dur":"2.26","is_scores":null,"created_at":"1521186547","updated_at":null},{"id":"27031411","caption_id":"126900","seq":"18","text":"\u800c\u4e14\u9019\u6982\u5ff5\u4e5f\u9069\u7528\u65bc\u5176\u4ed6\u611f\u5b98","translate_comment":"","start":"74.7","dur":"2.71","is_scores":null,"created_at":"1521186547","updated_at":null},{"id":"27031412","caption_id":"126900","seq":"19","text":"\u6211\u66fe\u53c3\u8207\u4e00\u500b\u8a18\u61b6\u5be6\u9a57\u5ba4","translate_comment":"","start":"78.5","dur":"2.869","is_scores":null,"created_at":"1521186547","updated_at":null},{"id":"27031413","caption_id":"126900","seq":"20","text":"\u6211\u7684\u6307\u5c0e\u6559\u6388\u8981\u6211\u7814\u7a76\u8a18\u61b6\u548c\u611f\u5b98\u7684\u9032\u884c\u904e\u7a0b","translate_comment":"","start":"81.67","dur":"3.85","is_scores":null,"created_at":"1521186547","updated_at":null},{"id":"27031414","caption_id":"126900","seq":"21","text":"\u6211\u5fd8\u8a18\u9019\u6a21\u578b\u6982\u5ff5\u7684\u540d\u7a31","translate_comment":"","start":"86.7","dur":"1.49","is_scores":null,"created_at":"1521186547","updated_at":null},{"id":"27031415","caption_id":"126900","seq":"22","text":"\u57fa\u672c\u4e0a\u5b83\u8aaa\u7576\u4f60\u4e00\u5fc3\u591a\u7528\u6642\uff0c\u4f60\u4e26\u4e0d\u662f\u771f\u7684\u5728\u505a\u591a\u4efb\u52d9\u8655\u7406","translate_comment":"","start":"88.34","dur":"4.069","is_scores":null,"created_at":"1521186547","updated_at":null},{"id":"27031416","caption_id":"126900","seq":"23","text":"\u4f60\u53ea\u662f\u628a\u5c08\u6ce8\u529b\u5206\u6563\u5230\u4e0d\u540c\u7684\u4efb\u52d9\u4e0a","translate_comment":"","start":"93.109","dur":"3.611","is_scores":null,"created_at":"1521186547","updated_at":null},{"id":"27031417","caption_id":"126900","seq":"24","text":"\u9019\u4ee3\u8868\u7576\u4f60\u4e00\u5fc3\u591a\u7528\u6642\uff0c","translate_comment":"","start":"97.53","dur":"2.02","is_scores":null,"created_at":"1521186547","updated_at":null},{"id":"27031418","caption_id":"126900","seq":"25","text":"\u4f60\u5c0d\u65bc\u6bcf\u4ef6\u4efb\u52d9\u4e0d\u662f\u5168\u795e\u8cab\u6ce8","translate_comment":"","start":"99.61","dur":"3.489","is_scores":null,"created_at":"1521186547","updated_at":null},{"id":"27124244","caption_id":"126900","seq":"26","text":"\u9019\u652f\u6301\u4e86\u4e00\u500b\u8ad6\u9ede\uff1a\u5927\u8166\u8655\u7406\u4e0d\u540c\u611f\u5b98\u6642\u7684\u80fd\u529b\u6709\u9650","translate_comment":"","start":"103","dur":"5","is_scores":null,"created_at":"1521688485","updated_at":null},{"id":"27031419","caption_id":"126900","seq":"27","text":"\u6a21\u578b\u7684\u53e6\u4e00\u500b\u91cd\u9ede\u662f","translate_comment":"","start":"110.449","dur":"2.101","is_scores":null,"created_at":"1521186547","updated_at":null},{"id":"27031420","caption_id":"126900","seq":"28","text":"\u5982\u679c\u4f60\u900f\u904e\u540c\u500b\u611f\u5b98\u540c\u6642\u8655\u7406\u5169\u4ef6\u4e8b","translate_comment":"","start":"112.63","dur":"3.629","is_scores":null,"created_at":"1521186547","updated_at":null},{"id":"27031421","caption_id":"126900","seq":"29","text":"\u4f60\u6703\u628a\u7cbe\u529b\u5206\u6563\u5230\u5169\u4ef6\u4e8b\u4e0a","translate_comment":"","start":"116.51","dur":"3.29","is_scores":null,"created_at":"1521186547","updated_at":null},{"id":"27031422","caption_id":"126900","seq":"30","text":"\u800c\u4e14\u4f7f\u7528\u540c\u500b\u611f\u5b98\u8655\u7406\u5169\u4ef6\u4ee5\u4e0a\u4efb\u52d9\u6703\u6bd4\u8f03\u56f0\u96e3","translate_comment":"","start":"120.39","dur":"4.71","is_scores":null,"created_at":"1521186547","updated_at":null},{"id":"27031423","caption_id":"126900","seq":"31","text":"\u4f60\u5c0d\u9019\u5f71\u7247\u6709\u4ec0\u9ebc\u60f3\u6cd5\uff1f","translate_comment":"","start":"126.369","dur":"1.511","is_scores":null,"created_at":"1521186547","updated_at":null},{"id":"27031424","caption_id":"126900","seq":"32","text":"\u4f60\u6709\u95dc\u65bc\u8a18\u61b6\u6216\u591a\u5de5\u8655\u7406\u7684\u7279\u6b8a\u7d93\u9a57\u55ce\uff1f","translate_comment":"","start":"128.36","dur":"4.24","is_scores":null,"created_at":"1521186547","updated_at":null},{"id":"27031425","caption_id":"126900","seq":"33","text":"\u7559\u8a00\u8b93\u6211\u5011\u77e5\u9053","translate_comment":"","start":"132.57","dur":"1.83","is_scores":null,"created_at":"1521186547","updated_at":null},{"id":"27031426","caption_id":"126900","seq":"34","text":"\u5982\u679c\u4f60\u559c\u6b61\u9019\u90e8\u5f71\u7247\uff0c\u53ef\u4ee5\u5230\u6211\u5011\u5176\u4ed6\u793e\u7fa4\u5a92\u9ad4\u770b\u66f4\u591a\u5167\u5bb9","translate_comment":"","start":"135.5","dur":"3.049","is_scores":null,"created_at":"1521186547","updated_at":null},{"id":"27031427","caption_id":"126900","seq":"35","text":"\u5225\u5fd8\u4e86\u8a02\u95b1\uff01","translate_comment":"","start":"138.929","dur":"1.28","is_scores":null,"created_at":"1521186547","updated_at":null},{"id":"27031428","caption_id":"126900","seq":"36","text":"\u8b1d\u8b1d\u6536\u770b","translate_comment":"","start":"140.79","dur":"0.889","is_scores":null,"created_at":"1521186547","updated_at":null}]}