{"en":[{"id":"25057337","caption_id":"119098","seq":"1","text":"It's a care package from my mom","translate_comment":"","start":"2.12","dur":"1.62","is_scores":null,"created_at":"1515548016","updated_at":null},{"id":"25057338","caption_id":"119098","seq":"2","text":"back home in Los Angeles.","translate_comment":"","start":"3.74","dur":"2.02","is_scores":null,"created_at":"1515548016","updated_at":null},{"id":"25057339","caption_id":"119098","seq":"3","text":"It's always filled with everyday items and a bunch of Filipino goodies.","translate_comment":"","start":"5.76","dur":"3.72","is_scores":null,"created_at":"1515548016","updated_at":null},{"id":"25057340","caption_id":"119098","seq":"4","text":"Instant noodles in here, sinigang soup packet,","translate_comment":"","start":"9.48","dur":"3.269","is_scores":null,"created_at":"1515548016","updated_at":null},{"id":"25057341","caption_id":"119098","seq":"5","text":"fruit from my mom's backyard, toothpaste","translate_comment":"","start":"12.749","dur":"4.851","is_scores":null,"created_at":"1515548016","updated_at":null},{"id":"25057342","caption_id":"119098","seq":"6","text":"But then there's this","translate_comment":"","start":"17.6","dur":"1.06","is_scores":null,"created_at":"1515548016","updated_at":null},{"id":"25057343","caption_id":"119098","seq":"7","text":"skin whitening products","translate_comment":"","start":"18.66","dur":"2.68","is_scores":null,"created_at":"1515548016","updated_at":null},{"id":"25057344","caption_id":"119098","seq":"8","text":"Skin whiteners are a big business.","translate_comment":"","start":"21.34","dur":"2.66","is_scores":null,"created_at":"1515548016","updated_at":null},{"id":"25057345","caption_id":"119098","seq":"9","text":"More than four hundred million dollars worth of","translate_comment":"","start":"24","dur":"1.98","is_scores":null,"created_at":"1515548016","updated_at":null},{"id":"25057346","caption_id":"119098","seq":"10","text":"skin whitening products is sold each year in India alone","translate_comment":"","start":"25.98","dur":"3.5","is_scores":null,"created_at":"1515548016","updated_at":null},{"id":"25057347","caption_id":"119098","seq":"11","text":"Eight out of ten women in Nigeria use skin lightening products,","translate_comment":"","start":"29.48","dur":"4","is_scores":null,"created_at":"1515548016","updated_at":null},{"id":"25057348","caption_id":"119098","seq":"12","text":"the world's highest percentage","translate_comment":"","start":"33.48","dur":"2.06","is_scores":null,"created_at":"1515548016","updated_at":null},{"id":"25057349","caption_id":"119098","seq":"13","text":"Skin lightening market in Asia-Pacific alone is valued at over 13 billion US dollars","translate_comment":"","start":"35.54","dur":"5.1","is_scores":null,"created_at":"1515548016","updated_at":null},{"id":"25057350","caption_id":"119098","seq":"14","text":"In 2015, the skin whitening industry","translate_comment":"","start":"40.68","dur":"2.51","is_scores":null,"created_at":"1515548016","updated_at":null},{"id":"25057351","caption_id":"119098","seq":"15","text":"was worth about $10 billion worldwide","translate_comment":"","start":"43.2","dur":"2.34","is_scores":null,"created_at":"1515548016","updated_at":null},{"id":"25057352","caption_id":"119098","seq":"16","text":"And by 2024 it is expected to","translate_comment":"","start":"45.54","dur":"2.65","is_scores":null,"created_at":"1515548016","updated_at":null},{"id":"25057353","caption_id":"119098","seq":"17","text":"more than triple to $31.2 billion","translate_comment":"","start":"48.2","dur":"3.78","is_scores":null,"created_at":"1515548016","updated_at":null},{"id":"25057354","caption_id":"119098","seq":"18","text":"These products have been around for a long time","translate_comment":"","start":"51.98","dur":"2.579","is_scores":null,"created_at":"1515548016","updated_at":null},{"id":"25057355","caption_id":"119098","seq":"19","text":"and have proven to be damaging","translate_comment":"","start":"54.56","dur":"2.18","is_scores":null,"created_at":"1515548016","updated_at":null},{"id":"25057356","caption_id":"119098","seq":"20","text":"physically and emotionally","translate_comment":"","start":"56.74","dur":"1.96","is_scores":null,"created_at":"1515548016","updated_at":null},{"id":"25057357","caption_id":"119098","seq":"21","text":"So what accounts for the growing popularity?","translate_comment":"","start":"58.7","dur":"4.82","is_scores":null,"created_at":"1515548016","updated_at":null},{"id":"25057358","caption_id":"119098","seq":"22","text":"For starters skin whitening products rely on advertisements like these","translate_comment":"","start":"64.4","dur":"4.2","is_scores":null,"created_at":"1515548016","updated_at":null},{"id":"25057359","caption_id":"119098","seq":"23","text":"\"Wow, you have the most beautiful, glowing skin\"","translate_comment":"","start":"68.62","dur":"2.6","is_scores":null,"created_at":"1515548016","updated_at":null},{"id":"25057360","caption_id":"119098","seq":"24","text":"\"Now, I have visibly fairer skin\"","translate_comment":"","start":"71.22","dur":"2.78","is_scores":null,"created_at":"1515548016","updated_at":null},{"id":"25057361","caption_id":"119098","seq":"25","text":"Skin color forms part of what gives us","translate_comment":"","start":"74","dur":"3.36","is_scores":null,"created_at":"1515548016","updated_at":null},{"id":"25057362","caption_id":"119098","seq":"26","text":"access and prestige in society","translate_comment":"","start":"77.36","dur":"2.6","is_scores":null,"created_at":"1515548016","updated_at":null},{"id":"25057363","caption_id":"119098","seq":"27","text":"All these negative associations that society has already","translate_comment":"","start":"79.96","dur":"3.599","is_scores":null,"created_at":"1515548016","updated_at":null},{"id":"25057364","caption_id":"119098","seq":"28","text":"imposed on dark skin","translate_comment":"","start":"83.56","dur":"2.04","is_scores":null,"created_at":"1515548016","updated_at":null},{"id":"25057365","caption_id":"119098","seq":"29","text":"You can't be happy. You can't find a man.","translate_comment":"","start":"85.6","dur":"2.76","is_scores":null,"created_at":"1515548016","updated_at":null},{"id":"25057366","caption_id":"119098","seq":"30","text":"You don't fit into society beauty ideals","translate_comment":"","start":"88.36","dur":"3.569","is_scores":null,"created_at":"1515548016","updated_at":null},{"id":"25057367","caption_id":"119098","seq":"31","text":"So the advertising is only reinforcing","translate_comment":"","start":"91.929","dur":"3.391","is_scores":null,"created_at":"1515548016","updated_at":null},{"id":"25057368","caption_id":"119098","seq":"32","text":"and exacerbating a sustained message","translate_comment":"","start":"95.32","dur":"3.9","is_scores":null,"created_at":"1515548016","updated_at":null},{"id":"25057369","caption_id":"119098","seq":"33","text":"Thanks to globalization, it's a message that's","translate_comment":"","start":"100.88","dur":"2.72","is_scores":null,"created_at":"1515548016","updated_at":null},{"id":"25057370","caption_id":"119098","seq":"34","text":"reaching more people every year","translate_comment":"","start":"103.6","dur":"2.62","is_scores":null,"created_at":"1515548016","updated_at":null},{"id":"25057371","caption_id":"119098","seq":"35","text":"The worldwide cosmetics market","translate_comment":"","start":"106.22","dur":"2","is_scores":null,"created_at":"1515548016","updated_at":null},{"id":"25057372","caption_id":"119098","seq":"36","text":"was worth about $293.5 billion last year","translate_comment":"","start":"108.22","dur":"4.28","is_scores":null,"created_at":"1515548016","updated_at":null},{"id":"25057373","caption_id":"119098","seq":"37","text":"and it is expected to grow","translate_comment":"","start":"112.5","dur":"2.64","is_scores":null,"created_at":"1515548016","updated_at":null},{"id":"25057374","caption_id":"119098","seq":"38","text":"That growth is <a href=\"#post_comment_1\">fueled<i class=\"icon-star\"><\/i><\/a> by a rising middle class","translate_comment":"","start":"115.14","dur":"3.1","is_scores":null,"created_at":"1515548016","updated_at":null},{"id":"25057375","caption_id":"119098","seq":"39","text":"especially in the Asia-Pacific region","translate_comment":"","start":"118.24","dur":"2.159","is_scores":null,"created_at":"1515548016","updated_at":null},{"id":"25057376","caption_id":"119098","seq":"40","text":"which has the biggest share of the cosmetics market","translate_comment":"","start":"120.4","dur":"3.48","is_scores":null,"created_at":"1515548016","updated_at":null},{"id":"25057377","caption_id":"119098","seq":"41","text":"But these products and the messages of these ads are destructive because they","translate_comment":"","start":"123.88","dur":"3.599","is_scores":null,"created_at":"1515548016","updated_at":null},{"id":"25057378","caption_id":"119098","seq":"42","text":"rely on a concept called \"colorism\"","translate_comment":"","start":"127.48","dur":"2.279","is_scores":null,"created_at":"1515548016","updated_at":null},{"id":"25057379","caption_id":"119098","seq":"43","text":"which sociologist Margaret Hunter defines as","translate_comment":"","start":"129.759","dur":"3.151","is_scores":null,"created_at":"1515548016","updated_at":null},{"id":"25057380","caption_id":"119098","seq":"44","text":"the process of discrimination that privileges light-skinned people of color","translate_comment":"","start":"132.91","dur":"3.51","is_scores":null,"created_at":"1515548016","updated_at":null},{"id":"25057381","caption_id":"119098","seq":"45","text":"over their dark-skinned counterparts.","translate_comment":"","start":"136.42","dur":"3","is_scores":null,"created_at":"1515548016","updated_at":null},{"id":"25057382","caption_id":"119098","seq":"46","text":"One study showed that lighter skinned black women in North Carolina","translate_comment":"","start":"139.42","dur":"3.22","is_scores":null,"created_at":"1515548016","updated_at":null},{"id":"25057383","caption_id":"119098","seq":"47","text":"received shorter prison sentences than their darker peers","translate_comment":"","start":"142.64","dur":"4.159","is_scores":null,"created_at":"1515548016","updated_at":null},{"id":"25057384","caption_id":"119098","seq":"48","text":"Another study found that white interviewers deemed light-skinned blacks","translate_comment":"","start":"146.8","dur":"3.2","is_scores":null,"created_at":"1515548016","updated_at":null},{"id":"25057385","caption_id":"119098","seq":"49","text":"and Hispanics more intelligent than dark-skinned people","translate_comment":"","start":"150","dur":"2.92","is_scores":null,"created_at":"1515548016","updated_at":null},{"id":"25057386","caption_id":"119098","seq":"50","text":"who had identical educational achievements.","translate_comment":"","start":"152.92","dur":"3.259","is_scores":null,"created_at":"1515548016","updated_at":null},{"id":"25057387","caption_id":"119098","seq":"51","text":"They also reinforce centuries-old ideas about","translate_comment":"","start":"156.18","dur":"3.42","is_scores":null,"created_at":"1515548016","updated_at":null},{"id":"25057388","caption_id":"119098","seq":"52","text":"race and hygiene.","translate_comment":"","start":"159.6","dur":"0.86","is_scores":null,"created_at":"1515548016","updated_at":null},{"id":"25057389","caption_id":"119098","seq":"53","text":"Check out these old soap ads.","translate_comment":"","start":"160.46","dur":"2.48","is_scores":null,"created_at":"1515548016","updated_at":null},{"id":"25057390","caption_id":"119098","seq":"54","text":"This was part of a larger project","translate_comment":"","start":"162.94","dur":"4.639","is_scores":null,"created_at":"1515548016","updated_at":null},{"id":"25057391","caption_id":"119098","seq":"55","text":"of presenting white civilization,","translate_comment":"","start":"167.58","dur":"2.98","is_scores":null,"created_at":"1515548016","updated_at":null},{"id":"25057392","caption_id":"119098","seq":"56","text":"European civilization","translate_comment":"","start":"170.56","dur":"1.9","is_scores":null,"created_at":"1515548016","updated_at":null},{"id":"25057393","caption_id":"119098","seq":"57","text":"as superior","translate_comment":"","start":"172.46","dur":"1.44","is_scores":null,"created_at":"1515548016","updated_at":null},{"id":"25057394","caption_id":"119098","seq":"58","text":"and here, the association is that","translate_comment":"","start":"173.94","dur":"2.86","is_scores":null,"created_at":"1515548016","updated_at":null},{"id":"25057395","caption_id":"119098","seq":"59","text":"blackness is a form of","translate_comment":"","start":"176.8","dur":"1.42","is_scores":null,"created_at":"1515548016","updated_at":null},{"id":"25057396","caption_id":"119098","seq":"60","text":"uncleanliness","translate_comment":"","start":"178.22","dur":"1.68","is_scores":null,"created_at":"1515548016","updated_at":null},{"id":"25057397","caption_id":"119098","seq":"61","text":"that can be wiped away","translate_comment":"","start":"179.9","dur":"2.2","is_scores":null,"created_at":"1515548016","updated_at":null},{"id":"25057398","caption_id":"119098","seq":"62","text":"But it's also, in many ways,","translate_comment":"","start":"182.1","dur":"1.419","is_scores":null,"created_at":"1515548016","updated_at":null},{"id":"25057399","caption_id":"119098","seq":"63","text":"simply a very blatantly racist ad.","translate_comment":"","start":"183.52","dur":"3.18","is_scores":null,"created_at":"1515548016","updated_at":null},{"id":"25057400","caption_id":"119098","seq":"64","text":"During the civil rights era, the Black Power movement","translate_comment":"","start":"187","dur":"2.86","is_scores":null,"created_at":"1515548016","updated_at":null},{"id":"25057401","caption_id":"119098","seq":"65","text":"sought to counter this idea with messages like \"Black is beautiful\"","translate_comment":"","start":"189.86","dur":"4.74","is_scores":null,"created_at":"1515548016","updated_at":null},{"id":"25057402","caption_id":"119098","seq":"66","text":"but that message","translate_comment":"","start":"194.1","dur":"1.04","is_scores":null,"created_at":"1515548016","updated_at":null},{"id":"25057403","caption_id":"119098","seq":"67","text":"hasn't undone the damage wrought by centuries of colorism","translate_comment":"","start":"195.14","dur":"3.74","is_scores":null,"created_at":"1515548016","updated_at":null},{"id":"25057404","caption_id":"119098","seq":"68","text":"Cause this looks lighter than this one","translate_comment":"","start":"205.48","dur":"1.639","is_scores":null,"created_at":"1515548016","updated_at":null},{"id":"25057405","caption_id":"119098","seq":"69","text":"Cause this looks nasty for some reasons, but I don't know what reason, that's all...","translate_comment":"","start":"214.74","dur":"1.66","is_scores":null,"created_at":"1515548016","updated_at":null},{"id":"25057406","caption_id":"119098","seq":"70","text":"These products are also","translate_comment":"","start":"223.74","dur":"1.08","is_scores":null,"created_at":"1515548016","updated_at":null},{"id":"25057407","caption_id":"119098","seq":"71","text":"dangerous because they can physically damage the skin","translate_comment":"","start":"224.829","dur":"3.151","is_scores":null,"created_at":"1515548016","updated_at":null},{"id":"25057408","caption_id":"119098","seq":"72","text":"I've seen very intense cystic acne","translate_comment":"","start":"227.98","dur":"4.46","is_scores":null,"created_at":"1515548016","updated_at":null},{"id":"25057409","caption_id":"119098","seq":"73","text":"I've seen irreversible skin thinning","translate_comment":"","start":"232.44","dur":"3.72","is_scores":null,"created_at":"1515548016","updated_at":null},{"id":"25057410","caption_id":"119098","seq":"74","text":"From using high-strength hydroquinone","translate_comment":"","start":"236.16","dur":"2.12","is_scores":null,"created_at":"1515548016","updated_at":null},{"id":"25057411","caption_id":"119098","seq":"75","text":"I've seen ochronosis,","translate_comment":"","start":"238.28","dur":"1.34","is_scores":null,"created_at":"1515548016","updated_at":null},{"id":"25057412","caption_id":"119098","seq":"76","text":"which is a <a href=\"#post_comment_2\">paradoxical<i class=\"icon-star\"><\/i><\/a> darkening of the skin.","translate_comment":"","start":"239.62","dur":"3.7","is_scores":null,"created_at":"1515548016","updated_at":null},{"id":"25057413","caption_id":"119098","seq":"77","text":"Aside from creams and soaps,","translate_comment":"","start":"243.32","dur":"1.66","is_scores":null,"created_at":"1515548016","updated_at":null},{"id":"25057414","caption_id":"119098","seq":"78","text":"there's a wide variety of ways","translate_comment":"","start":"244.98","dur":"1.699","is_scores":null,"created_at":"1515548016","updated_at":null},{"id":"25057415","caption_id":"119098","seq":"79","text":"people are lightening their skin","translate_comment":"","start":"246.68","dur":"1.58","is_scores":null,"created_at":"1515548016","updated_at":null},{"id":"25057416","caption_id":"119098","seq":"80","text":"like getting chemical peels","translate_comment":"","start":"248.26","dur":"1.74","is_scores":null,"created_at":"1515548016","updated_at":null},{"id":"25057417","caption_id":"119098","seq":"81","text":"using glutathione injections or pills","translate_comment":"","start":"250","dur":"3.24","is_scores":null,"created_at":"1515548016","updated_at":null},{"id":"25057418","caption_id":"119098","seq":"82","text":"or even applying cleaning bleach to their face and body","translate_comment":"","start":"253.24","dur":"4","is_scores":null,"created_at":"1515548016","updated_at":null},{"id":"25057419","caption_id":"119098","seq":"83","text":"Hydroquinone is a highly toxic chemical used in photo processing,","translate_comment":"","start":"258.1","dur":"3.72","is_scores":null,"created_at":"1515548016","updated_at":null},{"id":"25057420","caption_id":"119098","seq":"84","text":"rubber manufacturing and hair dyes","translate_comment":"","start":"261.82","dur":"2.98","is_scores":null,"created_at":"1515548016","updated_at":null},{"id":"25057421","caption_id":"119098","seq":"85","text":"but it is also one of the most commonly used ingredients for skin whitening","translate_comment":"","start":"264.8","dur":"3.419","is_scores":null,"created_at":"1515548016","updated_at":null},{"id":"25057422","caption_id":"119098","seq":"86","text":"It's regulated in the U.S.","translate_comment":"","start":"268.22","dur":"1.62","is_scores":null,"created_at":"1515548016","updated_at":null},{"id":"25057423","caption_id":"119098","seq":"87","text":"and banned in certain countries abroad","translate_comment":"","start":"269.84","dur":"1.959","is_scores":null,"created_at":"1515548016","updated_at":null},{"id":"25057424","caption_id":"119098","seq":"88","text":"but consumers get their hands","translate_comment":"","start":"271.8","dur":"1.92","is_scores":null,"created_at":"1515548016","updated_at":null},{"id":"25057425","caption_id":"119098","seq":"89","text":"on high concentrations of it","translate_comment":"","start":"273.72","dur":"1.48","is_scores":null,"created_at":"1515548016","updated_at":null},{"id":"25057426","caption_id":"119098","seq":"90","text":"through under-the-table sources","translate_comment":"","start":"275.2","dur":"2.44","is_scores":null,"created_at":"1515548016","updated_at":null},{"id":"25057427","caption_id":"119098","seq":"91","text":"In the U.S. light-skinned beauty standards still exists","translate_comment":"","start":"278.1","dur":"3.3","is_scores":null,"created_at":"1515548016","updated_at":null},{"id":"25057428","caption_id":"119098","seq":"92","text":"in more subtle messages like","translate_comment":"","start":"281.4","dur":"1.759","is_scores":null,"created_at":"1515548016","updated_at":null},{"id":"25057429","caption_id":"119098","seq":"93","text":"who is considered the most beautiful","translate_comment":"","start":"283.16","dur":"2.52","is_scores":null,"created_at":"1515548016","updated_at":null},{"id":"25057430","caption_id":"119098","seq":"94","text":"and some celebrities of color","translate_comment":"","start":"285.68","dur":"1.74","is_scores":null,"created_at":"1515548016","updated_at":null},{"id":"25057431","caption_id":"119098","seq":"95","text":"appearing to have lighter skin over time","translate_comment":"","start":"287.42","dur":"2.54","is_scores":null,"created_at":"1515548016","updated_at":null},{"id":"25057432","caption_id":"119098","seq":"96","text":"You are looking to be white. What do you say to that?","translate_comment":"","start":"290.44","dur":"3.051","is_scores":null,"created_at":"1515548016","updated_at":null},{"id":"25057433","caption_id":"119098","seq":"97","text":"I would say that as an adult you decide to do things","translate_comment":"","start":"293.5","dur":"3.16","is_scores":null,"created_at":"1515548016","updated_at":null},{"id":"25057434","caption_id":"119098","seq":"98","text":"It's like, do you guys condemn people who <a href=\"#post_comment_3\">tan<i class=\"icon-star\"><\/i><\/a> their skin?","translate_comment":"","start":"296.66","dur":"2.56","is_scores":null,"created_at":"1515548016","updated_at":null},{"id":"25057435","caption_id":"119098","seq":"99","text":"Do they do it because they hate themselves?","translate_comment":"","start":"299.22","dur":"2.658","is_scores":null,"created_at":"1515548016","updated_at":null},{"id":"25057436","caption_id":"119098","seq":"100","text":"No, it's a choice as an adult","translate_comment":"","start":"301.88","dur":"1.76","is_scores":null,"created_at":"1515548016","updated_at":null},{"id":"25057437","caption_id":"119098","seq":"101","text":"While wanting lighter skin is not a crime nor is it necessarily bad","translate_comment":"","start":"303.64","dur":"3.92","is_scores":null,"created_at":"1515548016","updated_at":null},{"id":"25057438","caption_id":"119098","seq":"102","text":"it's important to <a href=\"#post_comment_4\">be conscious of<i class=\"icon-star\"><\/i><\/a> this choice","translate_comment":"","start":"307.56","dur":"2.1","is_scores":null,"created_at":"1515548016","updated_at":null},{"id":"25057439","caption_id":"119098","seq":"103","text":"and why it's different from skin tanning","translate_comment":"","start":"309.66","dur":"2.1","is_scores":null,"created_at":"1515548016","updated_at":null},{"id":"25057440","caption_id":"119098","seq":"104","text":"or putting on lipstick","translate_comment":"","start":"311.76","dur":"1.58","is_scores":null,"created_at":"1515548016","updated_at":null},{"id":"25057441","caption_id":"119098","seq":"105","text":"Because ultimately, from applying creams","translate_comment":"","start":"313.34","dur":"2.98","is_scores":null,"created_at":"1515548016","updated_at":null},{"id":"25057442","caption_id":"119098","seq":"106","text":"and getting regular treatments","translate_comment":"","start":"316.32","dur":"1.66","is_scores":null,"created_at":"1515548016","updated_at":null},{"id":"25057443","caption_id":"119098","seq":"107","text":"to avoiding skin tanning all together","translate_comment":"","start":"317.98","dur":"1.94","is_scores":null,"created_at":"1515548016","updated_at":null},{"id":"25057444","caption_id":"119098","seq":"108","text":"skin whitening is a way of life","translate_comment":"","start":"319.92","dur":"2.66","is_scores":null,"created_at":"1515548016","updated_at":null},{"id":"25057445","caption_id":"119098","seq":"109","text":"Attitudes are starting to change","translate_comment":"","start":"325.48","dur":"2","is_scores":null,"created_at":"1515548016","updated_at":null},{"id":"25057446","caption_id":"119098","seq":"110","text":"with inclusive makeup lines","translate_comment":"","start":"327.48","dur":"1.72","is_scores":null,"created_at":"1515548016","updated_at":null},{"id":"25057447","caption_id":"119098","seq":"111","text":"and emojis,","translate_comment":"","start":"329.2","dur":"1.3","is_scores":null,"created_at":"1515548016","updated_at":null},{"id":"25057448","caption_id":"119098","seq":"112","text":"media campaigns celebrating dark skin beauty","translate_comment":"","start":"330.5","dur":"2.88","is_scores":null,"created_at":"1515548016","updated_at":null},{"id":"25057449","caption_id":"119098","seq":"113","text":"and more celebrities talking about the issue","translate_comment":"","start":"333.38","dur":"3.279","is_scores":null,"created_at":"1515548016","updated_at":null},{"id":"25057450","caption_id":"119098","seq":"114","text":"\"I still feel like that's what we're fighting,","translate_comment":"","start":"336.66","dur":"3.64","is_scores":null,"created_at":"1515548016","updated_at":null},{"id":"25057451","caption_id":"119098","seq":"115","text":"healing from the past\"","translate_comment":"","start":"340.3","dur":"1.56","is_scores":null,"created_at":"1515548016","updated_at":null},{"id":"25057452","caption_id":"119098","seq":"116","text":"But many people are still unaware","translate_comment":"","start":"341.86","dur":"2.3","is_scores":null,"created_at":"1515548016","updated_at":null},{"id":"25057453","caption_id":"119098","seq":"117","text":"of their preferences for light skin","translate_comment":"","start":"344.16","dur":"1.6","is_scores":null,"created_at":"1515548016","updated_at":null},{"id":"25057454","caption_id":"119098","seq":"118","text":"because it's so deeply <a href=\"#post_comment_5\">ingrained<i class=\"icon-star\"><\/i><\/a> in society","translate_comment":"","start":"345.76","dur":"3.1","is_scores":null,"created_at":"1515548016","updated_at":null},{"id":"25057455","caption_id":"119098","seq":"119","text":"and despite the criticism and safety issues of these products","translate_comment":"","start":"348.86","dur":"3.12","is_scores":null,"created_at":"1515548016","updated_at":null},{"id":"25057456","caption_id":"119098","seq":"120","text":"the projected growth in sales","translate_comment":"","start":"351.98","dur":"1.78","is_scores":null,"created_at":"1515548016","updated_at":null},{"id":"25057457","caption_id":"119098","seq":"121","text":"means the world still has a long way to go","translate_comment":"","start":"353.76","dur":"2.44","is_scores":null,"created_at":"1515548016","updated_at":null},{"id":"25057458","caption_id":"119098","seq":"122","text":"until the practice of skin whitening becomes obsolete","translate_comment":"","start":"356.2","dur":"4.5","is_scores":null,"created_at":"1515548016","updated_at":null}],"zh-Hant":[{"id":"27123620","caption_id":"127243","seq":"1","text":"\u9019\u662f\u6211\u56de\u6d1b\u6749\u78ef\u6642","translate_comment":"","start":"2.12","dur":"1.62","is_scores":null,"created_at":"1521682698","updated_at":null},{"id":"27123621","caption_id":"127243","seq":"2","text":"\u5abd\u5abd\u5e6b\u6211\u5e36\u7684\u6771\u897f","translate_comment":"","start":"3.74","dur":"2.02","is_scores":null,"created_at":"1521682698","updated_at":null},{"id":"27123622","caption_id":"127243","seq":"3","text":"\u901a\u5e38\u90fd\u585e\u6eff\u4e86\u6bcf\u65e5\u4fdd\u990a\u54c1\u548c\u4e00\u4e9b\u83f2\u5f8b\u8cd3\u7684\u4e00\u4e9b\u9ede\u5fc3","translate_comment":"","start":"5.76","dur":"3.72","is_scores":null,"created_at":"1521682698","updated_at":null},{"id":"27123623","caption_id":"127243","seq":"4","text":"\u6ce1\u9eb5\u3001\u83f2\u5f0f\u9178\u6e6f\u5305","translate_comment":"","start":"9.48","dur":"3.269","is_scores":null,"created_at":"1521682698","updated_at":null},{"id":"27123624","caption_id":"127243","seq":"5","text":"\u5abd\u5abd\u5f8c\u82b1\u5712\u7a2e\u7684\u6c34\u679c\u3001\u7259\u818f","translate_comment":"","start":"12.749","dur":"4.851","is_scores":null,"created_at":"1521682698","updated_at":null},{"id":"27123625","caption_id":"127243","seq":"6","text":"\u518d\u4f86\u662f\u9019\u500b","translate_comment":"","start":"17.6","dur":"1.06","is_scores":null,"created_at":"1521682698","updated_at":null},{"id":"27123626","caption_id":"127243","seq":"7","text":"\u76ae\u819a\u7f8e\u767d\u7522\u54c1","translate_comment":"","start":"18.66","dur":"2.68","is_scores":null,"created_at":"1521682698","updated_at":null},{"id":"27123627","caption_id":"127243","seq":"8","text":"\u76ae\u819a\u7f8e\u767d\u7522\u54c1\u662f\u4e00\u500b\u5927\u5546\u6a5f","translate_comment":"","start":"21.34","dur":"2.66","is_scores":null,"created_at":"1521682698","updated_at":null},{"id":"27123628","caption_id":"127243","seq":"9","text":"\u5149\u5728\u5370\u5ea6\u7f8e\u767d\u7522\u54c1\u6bcf\u5e74\u8ce3\u51fa\u91d1\u984d","translate_comment":"","start":"24","dur":"1.98","is_scores":null,"created_at":"1521682698","updated_at":null},{"id":"27123629","caption_id":"127243","seq":"10","text":"\u5c31\u8d85\u904e\u56db\u5104","translate_comment":"","start":"25.98","dur":"3.5","is_scores":null,"created_at":"1521682698","updated_at":null},{"id":"27123630","caption_id":"127243","seq":"11","text":"\u5948\u53ca\u5229\u4e9e\u5341\u540d\u5973\u6027\u5c31\u6709\u516b\u540d\u6703\u4f7f\u7528\u7f8e\u767d\u7522\u54c1","translate_comment":"","start":"29.48","dur":"4","is_scores":null,"created_at":"1521682698","updated_at":null},{"id":"27123631","caption_id":"127243","seq":"12","text":"\u9019\u662f\u5168\u4e16\u754c\u6700\u9ad8\u7684\u767e\u5206\u6bd4","translate_comment":"","start":"33.48","dur":"2.06","is_scores":null,"created_at":"1521682698","updated_at":null},{"id":"27123632","caption_id":"127243","seq":"13","text":"\u5149\u5728\u4e9e\u592a\u5730\u5340\uff0c\u7f8e\u767d\u7522\u54c1\u50f9\u503c\u5c31\u8d85\u904e\u4e00\u767e\u4e09\u5341\u5104\u7f8e\u5143","translate_comment":"","start":"35.54","dur":"5.1","is_scores":null,"created_at":"1521682698","updated_at":null},{"id":"27123633","caption_id":"127243","seq":"14","text":"2015 \u5e74\uff0c\u4e16\u754c\u5404\u5730\u7684\u7f8e\u767d\u4f01\u696d","translate_comment":"","start":"40.68","dur":"2.51","is_scores":null,"created_at":"1521682698","updated_at":null},{"id":"27123634","caption_id":"127243","seq":"15","text":"\u50f9\u503c\u7d04\u4e00\u767e\u5104\u7f8e\u5143","translate_comment":"","start":"43.2","dur":"2.34","is_scores":null,"created_at":"1521682698","updated_at":null},{"id":"27123635","caption_id":"127243","seq":"16","text":"\u5230 2024 \u5e74\u5c07\u6703","translate_comment":"","start":"45.54","dur":"2.65","is_scores":null,"created_at":"1521682698","updated_at":null},{"id":"27123636","caption_id":"127243","seq":"17","text":"\u4ee5\u4e09\u500d\u6210\u9577\u589e\u52a0\u81f3 312 \u5104\u7f8e\u5143","translate_comment":"","start":"48.2","dur":"3.78","is_scores":null,"created_at":"1521682698","updated_at":null},{"id":"27123637","caption_id":"127243","seq":"18","text":"\u9019\u4e9b\u7522\u54c1\u5df2\u7d93\u92b7\u552e\u5df2\u4e45","translate_comment":"","start":"51.98","dur":"2.579","is_scores":null,"created_at":"1521682698","updated_at":null},{"id":"27123638","caption_id":"127243","seq":"19","text":"\u4e5f\u5df2\u7d93\u8b49\u5be6\u6703","translate_comment":"","start":"54.56","dur":"2.18","is_scores":null,"created_at":"1521682698","updated_at":null},{"id":"27123639","caption_id":"127243","seq":"20","text":"\u50b7\u5bb3\u4eba\u9ad4\u548c\u5fc3\u7406","translate_comment":"","start":"56.74","dur":"1.96","is_scores":null,"created_at":"1521682698","updated_at":null},{"id":"27123640","caption_id":"127243","seq":"21","text":"\u4f46\u70ba\u4ec0\u9ebc\u5b83\u7684\u6b61\u8fce\u5ea6\u6703\u6301\u7e8c\u4e0a\u5347\u5462\uff1f","translate_comment":"","start":"58.7","dur":"4.82","is_scores":null,"created_at":"1521682698","updated_at":null},{"id":"27123641","caption_id":"127243","seq":"22","text":"\u9996\u5148\uff0c\u7f8e\u767d\u7522\u54c1\u5f88\u6ce8\u91cd\u5ee3\u544a\uff0c\u50cf\u9019\u7a2e","translate_comment":"","start":"64.4","dur":"4.2","is_scores":null,"created_at":"1521682698","updated_at":null},{"id":"27123642","caption_id":"127243","seq":"23","text":"\u300c\u54c7\uff0c\u59b3\u7684\u76ae\u819a\u597d\u6f02\u4eae\uff0c\u9583\u9583\u52d5\u4eba\uff01\u300d","translate_comment":"","start":"68.62","dur":"2.6","is_scores":null,"created_at":"1521682698","updated_at":null},{"id":"27123643","caption_id":"127243","seq":"24","text":"\u300c\u73fe\u5728\u6211\u7684\u808c\u819a\u5f88\u660e\u986f\u66f4\u7f8e\u4e86\u3002\u300d","translate_comment":"","start":"71.22","dur":"2.78","is_scores":null,"created_at":"1521682698","updated_at":null},{"id":"27123644","caption_id":"127243","seq":"25","text":"\u5728\u793e\u6703\u4e0a\uff0c\u76ae\u819a\u7684\u984f\u8272\u5f71\u97ff\u8457","translate_comment":"","start":"74","dur":"3.36","is_scores":null,"created_at":"1521682698","updated_at":null},{"id":"27123645","caption_id":"127243","seq":"26","text":"\u6211\u5011\u7684\u51fa\u5165\u8207\u8072\u671b","translate_comment":"","start":"77.36","dur":"2.6","is_scores":null,"created_at":"1521682698","updated_at":null},{"id":"27123646","caption_id":"127243","seq":"27","text":"\u9019\u4e9b\u8ca0\u9762\u7684\u95dc\u4fc2","translate_comment":"","start":"79.96","dur":"3.599","is_scores":null,"created_at":"1521682698","updated_at":null},{"id":"27123647","caption_id":"127243","seq":"28","text":"\u90fd\u5df2\u88ab\u793e\u6703\u52a0\u8af8\u65bc\u9ed1\u76ae\u819a\u4e0a","translate_comment":"","start":"83.56","dur":"2.04","is_scores":null,"created_at":"1521682698","updated_at":null},{"id":"27123648","caption_id":"127243","seq":"29","text":"\u4f60\u4e0d\u6703\u5feb\u6a02\u7684\uff0c\u4f60\u4e0d\u53ef\u80fd\u627e\u5230\u597d\u7537\u4eba\u7684","translate_comment":"","start":"85.6","dur":"2.76","is_scores":null,"created_at":"1521682698","updated_at":null},{"id":"27123649","caption_id":"127243","seq":"30","text":"\u4f60\u4e0d\u7b26\u5408\u793e\u6703\u6f02\u4eae\u7684\u5b9a\u7fa9","translate_comment":"","start":"88.36","dur":"3.569","is_scores":null,"created_at":"1521682698","updated_at":null},{"id":"27123650","caption_id":"127243","seq":"31","text":"\u6240\u4ee5\u9019\u985e\u7684\u5ee3\u544a\u53ea\u6703\u52a0\u6df1","translate_comment":"","start":"91.929","dur":"3.391","is_scores":null,"created_at":"1521682698","updated_at":null},{"id":"27123651","caption_id":"127243","seq":"32","text":"\u548c\u60e1\u5316\u9019\u7a2e\u523b\u677f\u5370\u8c61","translate_comment":"","start":"95.32","dur":"3.9","is_scores":null,"created_at":"1521682698","updated_at":null},{"id":"27123652","caption_id":"127243","seq":"33","text":"\u611f\u8b1d\u5168\u7403\u5316\uff0c\u9019\u662f\u4e00\u500b","translate_comment":"","start":"100.88","dur":"2.72","is_scores":null,"created_at":"1521682698","updated_at":null},{"id":"27123653","caption_id":"127243","seq":"34","text":"\u8d8a\u4f86\u8d8a\u591a\u4eba\u77e5\u9053\u7684\u5fb5\u5146","translate_comment":"","start":"103.6","dur":"2.62","is_scores":null,"created_at":"1521682698","updated_at":null},{"id":"27123654","caption_id":"127243","seq":"35","text":"\u4e16\u754c\u5404\u5730\u7684\u4fdd\u990a\u54c1\u5e02\u5834","translate_comment":"","start":"106.22","dur":"2","is_scores":null,"created_at":"1521682698","updated_at":null},{"id":"27123655","caption_id":"127243","seq":"36","text":"\u5e02\u503c\u5927\u7d04\u70ba\u5169\u5343\u4e5d\u767e\u4e09\u5341\u4e94\u5104\u7f8e\u5143","translate_comment":"","start":"108.22","dur":"4.28","is_scores":null,"created_at":"1521682698","updated_at":null},{"id":"27123656","caption_id":"127243","seq":"37","text":"\u672a\u4f86\u5c07\u6301\u7e8c\u4e0a\u6f32","translate_comment":"","start":"112.5","dur":"2.64","is_scores":null,"created_at":"1521682698","updated_at":null},{"id":"27123657","caption_id":"127243","seq":"38","text":"\u4e0a\u6f32\u539f\u56e0\u662f\u4f86\u81ea\u65bc","translate_comment":"","start":"115.14","dur":"3.1","is_scores":null,"created_at":"1521682698","updated_at":null},{"id":"27123658","caption_id":"127243","seq":"39","text":"\u4e9e\u592a\u5730\u5340\u7684\u4e2d\u7522\u968e\u7d1a","translate_comment":"","start":"118.24","dur":"2.159","is_scores":null,"created_at":"1521682698","updated_at":null},{"id":"27123659","caption_id":"127243","seq":"40","text":"\u4e9e\u592a\u5730\u5340\u6709\u8457\u6700\u5927\u7684\u4fdd\u990a\u54c1\u5e02\u5834\u4efd\u984d","translate_comment":"","start":"120.4","dur":"3.48","is_scores":null,"created_at":"1521682698","updated_at":null},{"id":"27123660","caption_id":"127243","seq":"41","text":"\u9019\u4e9b\u5ee3\u544a\u7684\u7522\u54c1\u548c\u8a0a\u606f\u662f\u6709\u5bb3\u7684","translate_comment":"","start":"123.88","dur":"3.599","is_scores":null,"created_at":"1521682698","updated_at":null},{"id":"27123661","caption_id":"127243","seq":"42","text":"\u56e0\u70ba\u9019\u4e9b\u5ee3\u544a\u90fd\u4f9d\u9760\u4e00\u500b\u6982\u5ff5\uff1a\u300c\u819a\u8272\u300d","translate_comment":"","start":"127.48","dur":"2.279","is_scores":null,"created_at":"1521682698","updated_at":null},{"id":"27123662","caption_id":"127243","seq":"43","text":"\u793e\u6703\u5b78\u5bb6  Margaret Hunter \u5c07\u6b64\u5b9a\u7fa9\u70ba","translate_comment":"","start":"129.759","dur":"3.151","is_scores":null,"created_at":"1521682698","updated_at":null},{"id":"27123663","caption_id":"127243","seq":"44","text":"\u6b67\u8996\u7684\u904e\u7a0b\uff0c\u8207\u76ae\u819a\u8f03\u9ed1\u7684\u4eba\u76f8\u6bd4","translate_comment":"","start":"132.91","dur":"3.51","is_scores":null,"created_at":"1521682698","updated_at":null},{"id":"27123664","caption_id":"127243","seq":"45","text":"\u9019\u6703\u8b93\u76ae\u819a\u8f03\u767d\u7684\u4eba\u6709\u66f4\u591a\u7684\u7279\u6b0a","translate_comment":"","start":"136.42","dur":"3","is_scores":null,"created_at":"1521682698","updated_at":null},{"id":"27123665","caption_id":"127243","seq":"46","text":"\u4e00\u9805\u7814\u7a76\u986f\u793a\uff0c\u5728\u5317\u5361\u7f85\u4f86\u7d0d\u5dde\uff0c\u76ae\u819a\u8f03\u767d\u7684\u9ed1\u4eba\u5973\u6027","translate_comment":"","start":"139.42","dur":"3.22","is_scores":null,"created_at":"1521682698","updated_at":null},{"id":"27123666","caption_id":"127243","seq":"47","text":"\u88ab\u5224\u6c7a\u7684\u5211\u671f\u6703\u8207\u76ae\u819a\u8f03\u9ed1\u7684\u9ed1\u4eba\u5973\u6027\u4f86\u5f97\u77ed","translate_comment":"","start":"142.64","dur":"4.159","is_scores":null,"created_at":"1521682698","updated_at":null},{"id":"27123667","caption_id":"127243","seq":"48","text":"\u53e6\u4e00\u9805\u7814\u7a76\u986f\u793a\u767c\u73fe\u76ae\u819a\u767d\u7684\u9762\u8a66\u5b98\u8a8d\u70ba\u76ae\u819a\u8f03\u767d\u7684\u9ed1\u4eba\u5973\u6027","translate_comment":"","start":"146.8","dur":"3.2","is_scores":null,"created_at":"1521682698","updated_at":null},{"id":"27123668","caption_id":"127243","seq":"49","text":"\u548c\u62c9\u4e01\u7f8e\u88d4\u4eba\u90fd\u6bd4\u9ed1\u76ae\u819a\u7684\u4eba\u4f86\u5f97\u8070\u660e","translate_comment":"","start":"150","dur":"2.92","is_scores":null,"created_at":"1521682698","updated_at":null},{"id":"27123669","caption_id":"127243","seq":"50","text":"\u4f46\u5176\u5be6\u4ed6\u5011\u4e09\u8005\u5b78\u6b77\u90fd\u76f8\u7576","translate_comment":"","start":"152.92","dur":"3.259","is_scores":null,"created_at":"1521682698","updated_at":null},{"id":"27123670","caption_id":"127243","seq":"51","text":"\u4ed6\u5011\u4e5f\u52a0\u6df1\u4e86\u9577\u4e45\u4ee5\u4f86\u5c0d\u65bc","translate_comment":"","start":"156.18","dur":"3.42","is_scores":null,"created_at":"1521682698","updated_at":null},{"id":"27123671","caption_id":"127243","seq":"52","text":"\u4eba\u7a2e\u548c\u885b\u751f\u7684\u523b\u677f\u5370\u8c61","translate_comment":"","start":"159.6","dur":"0.86","is_scores":null,"created_at":"1521682698","updated_at":null},{"id":"27123672","caption_id":"127243","seq":"53","text":"\u770b\u770b\u9019\u5247\u820a\u80a5\u7682\u5ee3\u544a","translate_comment":"","start":"160.46","dur":"2.48","is_scores":null,"created_at":"1521682698","updated_at":null},{"id":"27123673","caption_id":"127243","seq":"54","text":"\u9019\u500b\u8a2d\u8a08","translate_comment":"","start":"162.94","dur":"4.639","is_scores":null,"created_at":"1521682698","updated_at":null},{"id":"27123674","caption_id":"127243","seq":"55","text":"\u5448\u73fe\u7684\u662f\u767d\u4eba\u6587\u660e","translate_comment":"","start":"167.58","dur":"2.98","is_scores":null,"created_at":"1521682698","updated_at":null},{"id":"27123675","caption_id":"127243","seq":"56","text":"\u6b50\u6d32\u6587\u660e","translate_comment":"","start":"170.56","dur":"1.9","is_scores":null,"created_at":"1521682698","updated_at":null},{"id":"27123676","caption_id":"127243","seq":"57","text":"\u6bd4\u8f03\u597d","translate_comment":"","start":"172.46","dur":"1.44","is_scores":null,"created_at":"1521682698","updated_at":null},{"id":"27123677","caption_id":"127243","seq":"58","text":"\u800c\u9019\u4e4b\u9593\u7684\u95dc\u4fc2\u5c31\u662f","translate_comment":"","start":"173.94","dur":"2.86","is_scores":null,"created_at":"1521682698","updated_at":null},{"id":"27123678","caption_id":"127243","seq":"59","text":"\u9ed1\u8272\u662f\u4e00\u7a2e","translate_comment":"","start":"176.8","dur":"1.42","is_scores":null,"created_at":"1521682698","updated_at":null},{"id":"27123679","caption_id":"127243","seq":"60","text":"\u4e0d\u6f54\u6de8\u7684\u5f62\u5f0f","translate_comment":"","start":"178.22","dur":"1.68","is_scores":null,"created_at":"1521682698","updated_at":null},{"id":"27123680","caption_id":"127243","seq":"61","text":"\u662f\u53ef\u4ee5\u88ab\u62b9\u9664\u7684","translate_comment":"","start":"179.9","dur":"2.2","is_scores":null,"created_at":"1521682698","updated_at":null},{"id":"27123681","caption_id":"127243","seq":"62","text":"\u5728\u5f88\u591a\u65b9\u9762\u770b\u4f86","translate_comment":"","start":"182.1","dur":"1.419","is_scores":null,"created_at":"1521682698","updated_at":null},{"id":"27123682","caption_id":"127243","seq":"63","text":"\u9019\u5c31\u50c5\u50c5\u662f\u4e00\u5247\u516c\u7136\u7684\u7a2e\u65cf\u6b67\u8996\u5ee3\u544a","translate_comment":"","start":"183.52","dur":"3.18","is_scores":null,"created_at":"1521682698","updated_at":null},{"id":"27123683","caption_id":"127243","seq":"64","text":"\u5728\u6c11\u6b0a\u6642\u4ee3\uff0c\u9ed1\u4eba\u6b0a\u5229\u904b\u52d5","translate_comment":"","start":"187","dur":"2.86","is_scores":null,"created_at":"1521682698","updated_at":null},{"id":"27123684","caption_id":"127243","seq":"65","text":"\u5229\u7528\u4e00\u4e9b\u8a5e\u8a9e\u4f86\u53cd\u64ca\u4e0a\u8ff0\u60f3\u6cd5\uff0c\u4f8b\u5982\uff1a\u300c\u9ed1\u5c31\u662f\u7f8e\u3002\u300d","translate_comment":"","start":"189.86","dur":"4.74","is_scores":null,"created_at":"1521682698","updated_at":null},{"id":"27123685","caption_id":"127243","seq":"66","text":"\u4f46\u9019\u4e9b\u8a5e\u8a9e","translate_comment":"","start":"194.1","dur":"1.04","is_scores":null,"created_at":"1521682698","updated_at":null},{"id":"27123686","caption_id":"127243","seq":"67","text":"\u4e26\u6c92\u6709\u8fa6\u6cd5\u62b9\u53bb\u4e16\u7d00\u5c0d\u65bc\u819a\u8272\u6b67\u8996\u6240\u5e36\u4f86\u7684\u885d\u64ca","translate_comment":"","start":"195.14","dur":"3.74","is_scores":null,"created_at":"1521682698","updated_at":null},{"id":"27123687","caption_id":"127243","seq":"68","text":"\u56e0\u70ba\u9019\u500b\u984f\u8272\u6bd4\u90a3\u500b\u6dfa","translate_comment":"","start":"205.48","dur":"1.639","is_scores":null,"created_at":"1521682698","updated_at":null},{"id":"27123688","caption_id":"127243","seq":"69","text":"\u56e0\u70ba\u67d0\u4e9b\u539f\u56e0\u9019\u500b\u984f\u8272\u770b\u8d77\u4f86\u6709\u9ede\u9ad2\u9ad2\u7684\uff0c\u4f46\u6211\u4e0d\u77e5\u9053\u70ba\u4ec0\u9ebc\uff0c\u5c31\u9019\u6a23...","translate_comment":"","start":"214.74","dur":"1.66","is_scores":null,"created_at":"1521682698","updated_at":null},{"id":"27123689","caption_id":"127243","seq":"70","text":"\u9019\u4e9b\u5546\u54c1\u4e5f","translate_comment":"","start":"223.74","dur":"1.08","is_scores":null,"created_at":"1521682698","updated_at":null},{"id":"27123690","caption_id":"127243","seq":"71","text":"\u5341\u5206\u5371\u96aa\uff0c\u56e0\u70ba\u4ed6\u5011\u5728\u751f\u7406\u4e0a\u662f\u6703\u50b7\u5bb3\u76ae\u819a\u7684","translate_comment":"","start":"224.829","dur":"3.151","is_scores":null,"created_at":"1521682698","updated_at":null},{"id":"27123691","caption_id":"127243","seq":"72","text":"\u6211\u66fe\u770b\u904e\u5f88\u6025\u6027\u7684\u56ca\u816b\u6027\u5ea7\u7621","translate_comment":"","start":"227.98","dur":"4.46","is_scores":null,"created_at":"1521682698","updated_at":null},{"id":"27123692","caption_id":"127243","seq":"73","text":"\u4e5f\u66fe\u770b\u904e\u75c5\u60a3\u76ae\u819a\u8b8a\u5f97\u8d8a\u4f86\u8d8a\u8584","translate_comment":"","start":"232.44","dur":"3.72","is_scores":null,"created_at":"1521682698","updated_at":null},{"id":"27123693","caption_id":"127243","seq":"74","text":"\u5c31\u56e0\u70ba\u4ed6\u5011\u4f7f\u7528\u4e86\u5f37\u529b\u7684\u5c0d\u82ef\u4e8c\u915a","translate_comment":"","start":"236.16","dur":"2.12","is_scores":null,"created_at":"1521682698","updated_at":null},{"id":"27123694","caption_id":"127243","seq":"75","text":"\u6211\u4e5f\u66fe\u7d93\u770b\u904e\u8910\u9ec3\u75c5","translate_comment":"","start":"238.28","dur":"1.34","is_scores":null,"created_at":"1521682698","updated_at":null},{"id":"27123695","caption_id":"127243","seq":"76","text":"\u4e5f\u5c31\u662f\u76ae\u819a\u4ee5\u4e0d\u5408\u7406\u7684\u65b9\u5f0f\u8b8a\u9ed1","translate_comment":"","start":"239.62","dur":"3.7","is_scores":null,"created_at":"1521682698","updated_at":null},{"id":"27123696","caption_id":"127243","seq":"77","text":"\u9664\u4e86\u4e73\u6db2\u548c\u9999\u7682\u4ee5\u5916","translate_comment":"","start":"243.32","dur":"1.66","is_scores":null,"created_at":"1521682698","updated_at":null},{"id":"27123697","caption_id":"127243","seq":"78","text":"\u4eba\u5011\u9084\u7528\u4e86\u5f88\u591a\u5176\u4ed6\u7684\u65b9\u5f0f","translate_comment":"","start":"244.98","dur":"1.699","is_scores":null,"created_at":"1521682698","updated_at":null},{"id":"27123698","caption_id":"127243","seq":"79","text":"\u7f8e\u767d\u76ae\u819a","translate_comment":"","start":"246.68","dur":"1.58","is_scores":null,"created_at":"1521682698","updated_at":null},{"id":"27123699","caption_id":"127243","seq":"80","text":"\u4f8b\u5982\u5316\u5b78\u63db\u819a","translate_comment":"","start":"248.26","dur":"1.74","is_scores":null,"created_at":"1521682698","updated_at":null},{"id":"27123700","caption_id":"127243","seq":"81","text":"\u6ce8\u5c04\u8c37\u80f1\u7518\u592a\u6216\u662f\u5403\u85e5","translate_comment":"","start":"250","dur":"3.24","is_scores":null,"created_at":"1521682698","updated_at":null},{"id":"27123701","caption_id":"127243","seq":"82","text":"\u6216\u751a\u81f3\u662f\u6f02\u767d\u4ed6\u5011\u7684\u81c9\u90e8\u548c\u8eab\u9ad4","translate_comment":"","start":"253.24","dur":"4","is_scores":null,"created_at":"1521682698","updated_at":null},{"id":"27123702","caption_id":"127243","seq":"83","text":"\u5c0d\u82ef\u4e8c\u915a\u662f\u4e00\u7a2e\u5177\u9ad8\u6bd2\u6027\u7684\u5316\u5b78\uff0c\u901a\u5e38\u662f\u7528\u4f86\u8655\u7406\u76f8\u7247","translate_comment":"","start":"258.1","dur":"3.72","is_scores":null,"created_at":"1521682698","updated_at":null},{"id":"27123703","caption_id":"127243","seq":"84","text":"\u88fd\u9020\u6a61\u81a0\u548c\u67d3\u9aee\u4e0a\u7684","translate_comment":"","start":"261.82","dur":"2.98","is_scores":null,"created_at":"1521682698","updated_at":null},{"id":"27123704","caption_id":"127243","seq":"85","text":"\u4f46\u9019\u4e5f\u662f\u7f8e\u767d\u7522\u54c1\u88e1\u6700\u5e38\u898b\u7684\u6210\u4efd","translate_comment":"","start":"264.8","dur":"3.419","is_scores":null,"created_at":"1521682698","updated_at":null},{"id":"27123705","caption_id":"127243","seq":"86","text":"\u5728\u7f8e\u570b\u8a72\u5316\u5b78\u7269\u5c6c\u7ba1\u5236\u85e5\u54c1","translate_comment":"","start":"268.22","dur":"1.62","is_scores":null,"created_at":"1521682698","updated_at":null},{"id":"27123706","caption_id":"127243","seq":"87","text":"\u800c\u4e14\u5728\u67d0\u4e9b\u7279\u5b9a\u570b\u5bb6\u66f4\u662f\u7981\u6b62\u4f7f\u7528\u7684","translate_comment":"","start":"269.84","dur":"1.959","is_scores":null,"created_at":"1521682698","updated_at":null},{"id":"27123707","caption_id":"127243","seq":"88","text":"\u4f46\u6d88\u8cbb\u8005\u9084\u662f\u6709\u8fa6\u6cd5","translate_comment":"","start":"271.8","dur":"1.92","is_scores":null,"created_at":"1521682698","updated_at":null},{"id":"27123708","caption_id":"127243","seq":"89","text":"\u62ff\u5230\u9ad8\u6fc3\u5ea6\u7684\u5c0d\u82ef\u4e8c\u915a","translate_comment":"","start":"273.72","dur":"1.48","is_scores":null,"created_at":"1521682698","updated_at":null},{"id":"27123709","caption_id":"127243","seq":"90","text":"\u6d88\u8cbb\u8005\u901a\u5e38\u662f\u900f\u904e\u4e0d\u5408\u6cd5\u7684\u65b9\u5f0f\u5f97\u624b","translate_comment":"","start":"275.2","dur":"2.44","is_scores":null,"created_at":"1521682698","updated_at":null},{"id":"27123710","caption_id":"127243","seq":"91","text":"\u7f8e\u570b\u7684\u6dfa\u819a\u8272\u5be9\u7f8e\u6a19\u6e96\u4e2d\u4ecd\u7136","translate_comment":"","start":"278.1","dur":"3.3","is_scores":null,"created_at":"1521682698","updated_at":null},{"id":"27123711","caption_id":"127243","seq":"92","text":"\u5b58\u5728\u8457\u4ee5\u4e0b\u8a0a\u606f","translate_comment":"","start":"281.4","dur":"1.759","is_scores":null,"created_at":"1521682698","updated_at":null},{"id":"27123712","caption_id":"127243","seq":"93","text":"\u8ab0\u662f\u6700\u7f8e\u7684","translate_comment":"","start":"283.16","dur":"2.52","is_scores":null,"created_at":"1521682698","updated_at":null},{"id":"27123713","caption_id":"127243","seq":"94","text":"\u6709\u4e9b\u660e\u661f\u7684\u819a\u8272\u597d\u50cf","translate_comment":"","start":"285.68","dur":"1.74","is_scores":null,"created_at":"1521682698","updated_at":null},{"id":"27123714","caption_id":"127243","seq":"95","text":"\u96a8\u8457\u6642\u9593\u8b8a\u5f97\u8d8a\u4f86\u8d8a\u767d","translate_comment":"","start":"287.42","dur":"2.54","is_scores":null,"created_at":"1521682698","updated_at":null},{"id":"27123715","caption_id":"127243","seq":"96","text":"\u4f60\u60f3\u8981\u8b8a\u5f97\u767d\u4e00\u9ede\uff0c\u4f60\u5c0d\u6b64\u6709\u4ec0\u9ebc\u770b\u6cd5\uff1f","translate_comment":"","start":"290.44","dur":"3.051","is_scores":null,"created_at":"1521682698","updated_at":null},{"id":"27123716","caption_id":"127243","seq":"97","text":"\u6211\u8a8d\u70ba\u8eab\u70ba\u4e00\u500b\u6210\u4eba\u4f60\u53ef\u4ee5\u81ea\u5df1\u6c7a\u5b9a\u8981\u505a\u4ec0\u9ebc","translate_comment":"","start":"293.5","dur":"3.16","is_scores":null,"created_at":"1521682698","updated_at":null},{"id":"27123717","caption_id":"127243","seq":"98","text":"\u5c31\u597d\u50cf\uff0c\u4f60\u5011\u6703\u8b74\u8cac\u90a3\u4e9b\u5c07\u76ae\u819a\u66ec\u6210\u8910\u8272\u7684\u4eba\u55ce\uff1f","translate_comment":"","start":"296.66","dur":"2.56","is_scores":null,"created_at":"1521682698","updated_at":null},{"id":"27123718","caption_id":"127243","seq":"99","text":"\u4ed6\u5011\u9019\u9ebc\u505a\u662f\u56e0\u70ba\u4ed6\u5011\u8a0e\u53ad\u81ea\u5df1\u55ce\uff1f","translate_comment":"","start":"299.22","dur":"2.658","is_scores":null,"created_at":"1521682698","updated_at":null},{"id":"27123719","caption_id":"127243","seq":"100","text":"\u4e0d\u662f\uff0c\u9019\u662f\u4e00\u500b\u6210\u4eba\u4e0b\u7684\u6c7a\u5b9a","translate_comment":"","start":"301.88","dur":"1.76","is_scores":null,"created_at":"1521682698","updated_at":null},{"id":"27123720","caption_id":"127243","seq":"101","text":"\u60f3\u8981\u64c1\u6709\u66f4\u767d\u7684\u76ae\u819a\u4e26\u4e0d\u662f\u7f6a\u904e\uff0c\u4e5f\u4e0d\u4e00\u5b9a\u662f\u4e0d\u597d\u7684","translate_comment":"","start":"303.64","dur":"3.92","is_scores":null,"created_at":"1521682698","updated_at":null},{"id":"27123721","caption_id":"127243","seq":"102","text":"\u4e0b\u9019\u500b\u6c7a\u5b9a\u524d\u61c9\u8a72\u8981\u4e09\u601d","translate_comment":"","start":"307.56","dur":"2.1","is_scores":null,"created_at":"1521682698","updated_at":null},{"id":"27123722","caption_id":"127243","seq":"103","text":"\u800c\u9019\u53c8\u70ba\u4ec0\u9ebc\u6703\u8ddf\u628a\u76ae\u819a\u66ec\u9ed1","translate_comment":"","start":"309.66","dur":"2.1","is_scores":null,"created_at":"1521682698","updated_at":null},{"id":"27123723","caption_id":"127243","seq":"104","text":"\u6216\u64e6\u4e0a\u53e3\u7d05\u6709\u8457\u4e0d\u540c\u7684\u9053\u7406","translate_comment":"","start":"311.76","dur":"1.58","is_scores":null,"created_at":"1521682698","updated_at":null},{"id":"27123724","caption_id":"127243","seq":"105","text":"\u56e0\u70ba\u6700\u7d42\uff0c\u4e0d\u7ba1\u662f\u4f7f\u7528\u4e73\u6db2","translate_comment":"","start":"313.34","dur":"2.98","is_scores":null,"created_at":"1521682698","updated_at":null},{"id":"27123725","caption_id":"127243","seq":"106","text":"\u505a\u4e00\u4e9b\u5e38\u898f\u6cbb\u7642","translate_comment":"","start":"316.32","dur":"1.66","is_scores":null,"created_at":"1521682698","updated_at":null},{"id":"27123726","caption_id":"127243","seq":"107","text":"\u4f86\u9632\u6b62\u76ae\u819a\u8b8a\u9ed1","translate_comment":"","start":"317.98","dur":"1.94","is_scores":null,"created_at":"1521682698","updated_at":null},{"id":"27123727","caption_id":"127243","seq":"108","text":"\u76ae\u819a\u7f8e\u767d\u5c31\u53ea\u662f\u4e00\u7a2e\u751f\u6d3b\u7684\u65b9\u5f0f","translate_comment":"","start":"319.92","dur":"2.66","is_scores":null,"created_at":"1521682698","updated_at":null},{"id":"27123728","caption_id":"127243","seq":"109","text":"\u5c0d\u65bc\u67d0\u4e9b\u4e8b\u7684\u614b\u5ea6\u5df2\u7d93\u958b\u59cb\u6709\u6240\u8f49\u8b8a\u4e86","translate_comment":"","start":"325.48","dur":"2","is_scores":null,"created_at":"1521682698","updated_at":null},{"id":"27123729","caption_id":"127243","seq":"110","text":"\u5305\u542b\u5316\u599d\u54c1","translate_comment":"","start":"327.48","dur":"1.72","is_scores":null,"created_at":"1521682698","updated_at":null},{"id":"27123730","caption_id":"127243","seq":"111","text":"\u548c\u8868\u60c5\u7b26\u865f","translate_comment":"","start":"329.2","dur":"1.3","is_scores":null,"created_at":"1521682698","updated_at":null},{"id":"27123731","caption_id":"127243","seq":"112","text":"\u5a92\u9ad4\u5ba3\u50b3\u6d3b\u52d5\u958b\u59cb\u8b9a\u63da\u9ed1\u76ae\u819a\u7684\u7f8e","translate_comment":"","start":"330.5","dur":"2.88","is_scores":null,"created_at":"1521682698","updated_at":null},{"id":"27123732","caption_id":"127243","seq":"113","text":"\u4e5f\u6709\u66f4\u591a\u7684\u540d\u4eba\u958b\u59cb\u6ce8\u91cd\u9019\u9805\u8b70\u984c","translate_comment":"","start":"333.38","dur":"3.279","is_scores":null,"created_at":"1521682698","updated_at":null},{"id":"27123733","caption_id":"127243","seq":"114","text":"\u300c\u6211\u8a8d\u70ba\u6211\u5011\u9084\u5728\u596e\u9b25\uff0c","translate_comment":"","start":"336.66","dur":"3.64","is_scores":null,"created_at":"1521682698","updated_at":null},{"id":"27123734","caption_id":"127243","seq":"115","text":"\u5f9e\u904e\u53bb\u6162\u6162\u75ca\u7652\u3002\u300d","translate_comment":"","start":"340.3","dur":"1.56","is_scores":null,"created_at":"1521682698","updated_at":null},{"id":"27123735","caption_id":"127243","seq":"116","text":"\u4f46\u6709\u5f88\u591a\u4eba\u9084\u662f\u6c92\u5bdf\u89ba","translate_comment":"","start":"341.86","dur":"2.3","is_scores":null,"created_at":"1521682698","updated_at":null},{"id":"27123736","caption_id":"127243","seq":"117","text":"\u4ed6\u5011\u6bd4\u8f03\u559c\u6b61\u767d\u76ae\u819a","translate_comment":"","start":"344.16","dur":"1.6","is_scores":null,"created_at":"1521682698","updated_at":null},{"id":"27123737","caption_id":"127243","seq":"118","text":"\u56e0\u70ba\u9019\u6a23\u7684\u89c0\u5ff5\u5df2\u5728\u793e\u6703\u4e2d\u6839\u6df1\u67e2\u56fa","translate_comment":"","start":"345.76","dur":"3.1","is_scores":null,"created_at":"1521682698","updated_at":null},{"id":"27123738","caption_id":"127243","seq":"119","text":"\u5118\u7ba1\u9019\u4e9b\u7522\u54c1\u6709\u4e00\u4e9b\u722d\u8b70\u548c\u5b89\u5168\u7591\u616e","translate_comment":"","start":"348.86","dur":"3.12","is_scores":null,"created_at":"1521682698","updated_at":null},{"id":"27123739","caption_id":"127243","seq":"120","text":"\u9084\u662f\u53ef\u4ee5\u5f9e\u92b7\u552e\u984d\u4e2d\u770b\u51fa\u4e9b\u4ec0\u9ebc","translate_comment":"","start":"351.98","dur":"1.78","is_scores":null,"created_at":"1521682698","updated_at":null},{"id":"27123740","caption_id":"127243","seq":"121","text":"\u9019\u4ee3\u8868\u672a\u4f86\u6211\u5011\u9084\u6709\u5f88\u9577\u4e00\u6bb5\u8def\u8981\u8d70","translate_comment":"","start":"353.76","dur":"2.44","is_scores":null,"created_at":"1521682698","updated_at":null},{"id":"27123741","caption_id":"127243","seq":"122","text":"\u76f4\u5230\u7f8e\u767d\u7684\u7fd2\u6163\u6210\u5ee2\u8a5e\u70ba\u6b62","translate_comment":"","start":"356.2","dur":"4.5","is_scores":null,"created_at":"1521682698","updated_at":null}]}