{"en":[{"id":"27131146","caption_id":"127289","seq":"1","text":"Am I in the right spot?","translate_comment":"","start":"0.361","dur":"1.433","is_scores":null,"created_at":"1521711279","updated_at":null},{"id":"27131147","caption_id":"127289","seq":"2","text":"(baby crying)","translate_comment":"","start":"1.794","dur":"1.304","is_scores":null,"created_at":"1521711279","updated_at":null},{"id":"27131148","caption_id":"127289","seq":"3","text":"There we go.","translate_comment":"","start":"3.098","dur":"1.224","is_scores":null,"created_at":"1521711279","updated_at":null},{"id":"27131149","caption_id":"127289","seq":"4","text":"It's kind of awkward.","translate_comment":"","start":"4.322","dur":"1.51","is_scores":null,"created_at":"1521711279","updated_at":null},{"id":"27131150","caption_id":"127289","seq":"5","text":"(upbeat music)","translate_comment":"","start":"5.832","dur":"2.611","is_scores":null,"created_at":"1521711279","updated_at":null},{"id":"27131151","caption_id":"127289","seq":"6","text":"I would say I'm really striving","translate_comment":"","start":"8.443","dur":"1.925","is_scores":null,"created_at":"1521711279","updated_at":null},{"id":"27131152","caption_id":"127289","seq":"7","text":"to be middle class, but I don't know if I am quite yet.","translate_comment":"","start":"10.368","dur":"3.329","is_scores":null,"created_at":"1521711279","updated_at":null},{"id":"27131153","caption_id":"127289","seq":"8","text":"I live on campus with","translate_comment":"","start":"13.697","dur":"2.462","is_scores":null,"created_at":"1521711279","updated_at":null},{"id":"27131154","caption_id":"127289","seq":"9","text":"three other girls.","translate_comment":"","start":"16.159","dur":"1.637","is_scores":null,"created_at":"1521711279","updated_at":null},{"id":"27131155","caption_id":"127289","seq":"10","text":"We met online and","translate_comment":"","start":"17.796","dur":"2.41","is_scores":null,"created_at":"1521711279","updated_at":null},{"id":"27131156","caption_id":"127289","seq":"11","text":"it was love at first email.","translate_comment":"\u7b2c\u4e00\u6b21\u4e92\u901a email \u6211\u5011\u5c31\u6200\u611b\u4e86","start":"20.206","dur":"2.341","is_scores":null,"created_at":"1521711279","updated_at":null},{"id":"27131157","caption_id":"127289","seq":"12","text":"I am married and I have two kids.","translate_comment":"","start":"22.547","dur":"4.095","is_scores":null,"created_at":"1521711279","updated_at":null},{"id":"27131158","caption_id":"127289","seq":"13","text":"(upbeat music)","translate_comment":"","start":"26.642","dur":"4.983","is_scores":null,"created_at":"1521711279","updated_at":null},{"id":"27131159","caption_id":"127289","seq":"14","text":"What does $100 mean to you?","translate_comment":"","start":"33.937","dur":"1.714","is_scores":null,"created_at":"1521711279","updated_at":null},{"id":"27131160","caption_id":"127289","seq":"15","text":"$100 means food for a week.","translate_comment":"","start":"35.651","dur":"2.443","is_scores":null,"created_at":"1521711279","updated_at":null},{"id":"27131161","caption_id":"127289","seq":"16","text":"A hundred bucks means","translate_comment":"","start":"38.094","dur":"1.83","is_scores":null,"created_at":"1521711279","updated_at":null},{"id":"27131162","caption_id":"127289","seq":"17","text":"like a couple days worth of money, or","translate_comment":"","start":"39.924","dur":"2.996","is_scores":null,"created_at":"1521711279","updated_at":null},{"id":"27131163","caption_id":"127289","seq":"18","text":"one frivolous night of indulgence.","translate_comment":"","start":"42.92","dur":"3.574","is_scores":null,"created_at":"1521711279","updated_at":null},{"id":"27131164","caption_id":"127289","seq":"19","text":"There are families back in India","translate_comment":"","start":"46.494","dur":"2.409","is_scores":null,"created_at":"1521711279","updated_at":null},{"id":"27131165","caption_id":"127289","seq":"20","text":"for whom that's like the monthly incomes.","translate_comment":"","start":"48.903","dur":"3.604","is_scores":null,"created_at":"1521711279","updated_at":null},{"id":"27131166","caption_id":"127289","seq":"21","text":"Before I had kids, I didn't grocery shop.","translate_comment":"\u5728\u6211\u6709\u5b69\u5b50\u4e4b\u524d\uff0c\u6211\u6839\u672c\u4e0d\u53bb\u8d85\u5e02\u8cb7\u6771\u897f","start":"52.507","dur":"2.34","is_scores":null,"created_at":"1521711279","updated_at":null},{"id":"27131167","caption_id":"127289","seq":"22","text":"Having kids now, is crazy at times.","translate_comment":"\u73fe\u5728\u6709\u4e86\u5b69\u5b50\uff0c\u6709\u6642\u5019\u611f\u89ba\u5feb\u760b\u4e86","start":"54.847","dur":"4.813","is_scores":null,"created_at":"1521711279","updated_at":null},{"id":"27131168","caption_id":"127289","seq":"23","text":"(baby yells) Stay still.","translate_comment":"(\u5c0f\u5bf6\u5bf6\u5927\u53eb) \u4e0d\u8981\u4e82\u52d5","start":"59.66","dur":"2.568","is_scores":null,"created_at":"1521711279","updated_at":null},{"id":"27131169","caption_id":"127289","seq":"24","text":"Money means getting by.","translate_comment":"","start":"62.228","dur":"2.86","is_scores":null,"created_at":"1521711279","updated_at":null},{"id":"27131170","caption_id":"127289","seq":"25","text":"Are you guys unemployed?","translate_comment":"","start":"65.088","dur":"0.988","is_scores":null,"created_at":"1521711279","updated_at":null},{"id":"27131171","caption_id":"127289","seq":"26","text":"Yeah, unemployed.","translate_comment":"","start":"66.076","dur":"2.086","is_scores":null,"created_at":"1521711279","updated_at":null},{"id":"27131172","caption_id":"127289","seq":"27","text":"Starving artists sort of thing, I think, yeah.","translate_comment":"","start":"68.162","dur":"3.516","is_scores":null,"created_at":"1521711279","updated_at":null},{"id":"27131173","caption_id":"127289","seq":"28","text":"My parents are extremely tight","translate_comment":"","start":"71.678","dur":"2.941","is_scores":null,"created_at":"1521711279","updated_at":null},{"id":"27131174","caption_id":"127289","seq":"29","text":"with money,  yes.","translate_comment":"","start":"74.619","dur":"1.397","is_scores":null,"created_at":"1521711279","updated_at":null},{"id":"27131175","caption_id":"127289","seq":"30","text":"Do you feel like you're the same?","translate_comment":"","start":"76.016","dur":"0.896","is_scores":null,"created_at":"1521711279","updated_at":null},{"id":"27131176","caption_id":"127289","seq":"31","text":"No.","translate_comment":"","start":"76.912","dur":"1.103","is_scores":null,"created_at":"1521711279","updated_at":null},{"id":"27131177","caption_id":"127289","seq":"32","text":"Yes, I collect Social Security.","translate_comment":"","start":"78.015","dur":"1.895","is_scores":null,"created_at":"1521711279","updated_at":null},{"id":"27131178","caption_id":"127289","seq":"33","text":"Not near enough, by the way.","translate_comment":"","start":"79.91","dur":"1.889","is_scores":null,"created_at":"1521711279","updated_at":null},{"id":"27131179","caption_id":"127289","seq":"34","text":"I get $1,100 a month, puts me pretty close to,","translate_comment":"\u6211\u6bcf\u6708\u9818 1,100 \u7f8e\u5143\uff0c\u9019\u7a2e\u6536\u5165\u4f7f\u6211\u5c31\u7b97\u6c92\u6709\u4f4e\u65bc\uff0c\u4e5f\u975e\u5e38\u63a5\u8fd1","start":"81.799","dur":"3.978","is_scores":null,"created_at":"1521711279","updated_at":null},{"id":"27131180","caption_id":"127289","seq":"35","text":"if not under, the poverty level.","translate_comment":"\u8ca7\u7aae\u6c34\u6e96\u4e86","start":"85.777","dur":"1.8","is_scores":null,"created_at":"1521711279","updated_at":null},{"id":"27131181","caption_id":"127289","seq":"36","text":"I would say I drink probably","translate_comment":"","start":"87.577","dur":"3.66","is_scores":null,"created_at":"1521711279","updated_at":null},{"id":"27131182","caption_id":"127289","seq":"37","text":"at least six days a week.","translate_comment":"","start":"92.557","dur":"1.27","is_scores":null,"created_at":"1521711279","updated_at":null},{"id":"27131183","caption_id":"127289","seq":"38","text":"I think we've been out to eat","translate_comment":"","start":"93.827","dur":"1.493","is_scores":null,"created_at":"1521711279","updated_at":null},{"id":"27131184","caption_id":"127289","seq":"39","text":"twice in the last year. Mexican food and Pizza.","translate_comment":"","start":"95.32","dur":"2.968","is_scores":null,"created_at":"1521711279","updated_at":null},{"id":"27131185","caption_id":"127289","seq":"40","text":"Usually every day I have pizza rolls,","translate_comment":"","start":"98.288","dur":"1.919","is_scores":null,"created_at":"1521711279","updated_at":null},{"id":"27131186","caption_id":"127289","seq":"41","text":"pizza related stuff.","translate_comment":"","start":"100.207","dur":"2","is_scores":null,"created_at":"1521711279","updated_at":null},{"id":"27131187","caption_id":"127289","seq":"42","text":"Why?","translate_comment":"","start":"102.207","dur":"1.103","is_scores":null,"created_at":"1521711279","updated_at":null},{"id":"27131188","caption_id":"127289","seq":"43","text":"'Cause it's pizza.","translate_comment":"","start":"103.31","dur":"1.306","is_scores":null,"created_at":"1521711279","updated_at":null},{"id":"27131189","caption_id":"127289","seq":"44","text":"I'm always thinking budget.","translate_comment":"","start":"104.616","dur":"1.231","is_scores":null,"created_at":"1521711279","updated_at":null},{"id":"27131190","caption_id":"127289","seq":"45","text":"I mean, I'm thinking practical.","translate_comment":"","start":"105.847","dur":"2.074","is_scores":null,"created_at":"1521711279","updated_at":null},{"id":"27131191","caption_id":"127289","seq":"46","text":"If I'm feeling tight on money,","translate_comment":"","start":"107.921","dur":"1.521","is_scores":null,"created_at":"1521711279","updated_at":null},{"id":"27131192","caption_id":"127289","seq":"47","text":"that definitely causes stress.","translate_comment":"","start":"109.442","dur":"2.032","is_scores":null,"created_at":"1521711279","updated_at":null},{"id":"27131193","caption_id":"127289","seq":"48","text":"I don't think I'm good with money at all.","translate_comment":"","start":"111.474","dur":"2.172","is_scores":null,"created_at":"1521711279","updated_at":null},{"id":"27131194","caption_id":"127289","seq":"49","text":"Does somebody have a wine key?","translate_comment":"","start":"115.536","dur":"1.759","is_scores":null,"created_at":"1521711279","updated_at":null},{"id":"27131195","caption_id":"127289","seq":"50","text":"Are you serious?","translate_comment":"","start":"117.295","dur":"1.018","is_scores":null,"created_at":"1521711279","updated_at":null},{"id":"27131196","caption_id":"127289","seq":"51","text":"Are you gonna (laughs),","translate_comment":"","start":"118.313","dur":"1.838","is_scores":null,"created_at":"1521711279","updated_at":null},{"id":"27131197","caption_id":"127289","seq":"52","text":"It's kinda like,","translate_comment":"","start":"120.151","dur":"1.306","is_scores":null,"created_at":"1521711279","updated_at":null}],"zh-Hant":[{"id":"27146452","caption_id":"127341","seq":"1","text":"\u6211\u7684\u4f4d\u7f6e\u5c0d\u55ce\uff1f","translate_comment":"","start":"0.361","dur":"1.433","is_scores":null,"created_at":"1521789997","updated_at":null},{"id":"27146453","caption_id":"127341","seq":"2","text":"(\u5b30\u5152\u54ed\u8072)","translate_comment":"","start":"1.794","dur":"1.304","is_scores":null,"created_at":"1521789997","updated_at":null},{"id":"27146454","caption_id":"127341","seq":"3","text":"\u597d\u4e86","translate_comment":"","start":"3.098","dur":"1.224","is_scores":null,"created_at":"1521789997","updated_at":null},{"id":"27146455","caption_id":"127341","seq":"4","text":"\u611f\u89ba\u6709\u9ede\u602a","translate_comment":"","start":"4.322","dur":"1.51","is_scores":null,"created_at":"1521789997","updated_at":null},{"id":"27146456","caption_id":"127341","seq":"5","text":"(\u6b61\u6109\u7684\u97f3\u6a02)","translate_comment":"","start":"5.832","dur":"2.611","is_scores":null,"created_at":"1521789997","updated_at":null},{"id":"27146457","caption_id":"127341","seq":"6","text":"\u6211\u6703\u8aaa\u6211\u771f\u7684\u5f88\u52aa\u529b","translate_comment":"","start":"8.443","dur":"1.925","is_scores":null,"created_at":"1521789997","updated_at":null},{"id":"27146458","caption_id":"127341","seq":"7","text":"\u60f3\u7576\u4e00\u500b\u4e2d\u7522\u968e\u7d1a\uff0c\u4f46\u6211\u4e0d\u77e5\u9053\u9019\u500b\u76ee\u6a19\u662f\u5426\u5df2\u7d93\u9054\u6210","translate_comment":"","start":"10.368","dur":"3.329","is_scores":null,"created_at":"1521789997","updated_at":null},{"id":"27146459","caption_id":"127341","seq":"8","text":"\u6211\u548c\u5176\u4ed6\u4e09\u500b\u5973\u5b69","translate_comment":"","start":"13.697","dur":"2.462","is_scores":null,"created_at":"1521789997","updated_at":null},{"id":"27146460","caption_id":"127341","seq":"9","text":"\u4e00\u8d77\u4f4f\u6821","translate_comment":"","start":"16.159","dur":"1.637","is_scores":null,"created_at":"1521789997","updated_at":null},{"id":"27146461","caption_id":"127341","seq":"10","text":"\u6211\u5011\u5728\u7db2\u8def\u4e0a\u8a8d\u8b58\u7684","translate_comment":"","start":"17.796","dur":"2.41","is_scores":null,"created_at":"1521789997","updated_at":null},{"id":"27146462","caption_id":"127341","seq":"11","text":"\u7b2c\u4e00\u6b21\u4e92\u901a email \u6211\u5011\u5c31\u6200\u611b\u4e86","translate_comment":"\u7b2c\u4e00\u6b21\u4e92\u901a email \u6211\u5011\u5c31\u6200\u611b\u4e86","start":"20.206","dur":"2.341","is_scores":null,"created_at":"1521789997","updated_at":null},{"id":"27146463","caption_id":"127341","seq":"12","text":"\u6211\u5df2\u5a5a\u6709\u5169\u500b\u5c0f\u5b69","translate_comment":"","start":"22.547","dur":"4.095","is_scores":null,"created_at":"1521789997","updated_at":null},{"id":"27146464","caption_id":"127341","seq":"13","text":"(\u6b61\u6109\u7684\u97f3\u6a02)","translate_comment":"","start":"26.642","dur":"4.983","is_scores":null,"created_at":"1521789997","updated_at":null},{"id":"27146465","caption_id":"127341","seq":"14","text":"\u4e00\u767e\u7f8e\u5143\u5728\u4f60\u5fc3\u76ee\u4e2d\u7684\u50f9\u503c\u662f\u4ec0\u9ebc\uff1f","translate_comment":"","start":"33.937","dur":"1.714","is_scores":null,"created_at":"1521789997","updated_at":null},{"id":"27146466","caption_id":"127341","seq":"15","text":"\u4e00\u767e\u5143\u4ee3\u8868\u4e00\u661f\u671f\u7684\u98df\u7269","translate_comment":"","start":"35.651","dur":"2.443","is_scores":null,"created_at":"1521789997","updated_at":null},{"id":"27146467","caption_id":"127341","seq":"16","text":"\u4e00\u767e\u584a\u9322\u610f\u5473\u8457","translate_comment":"","start":"38.094","dur":"1.83","is_scores":null,"created_at":"1521789997","updated_at":null},{"id":"27146468","caption_id":"127341","seq":"17","text":"\u53ef\u4ee5\u7528\u9322\u63db\u5f97\u7684\u5e7e\u5929\uff0c\u6216\u8005","translate_comment":"","start":"39.924","dur":"2.996","is_scores":null,"created_at":"1521789997","updated_at":null},{"id":"27146469","caption_id":"127341","seq":"18","text":"\u4e00\u500b\u6063\u610f\u653e\u7e31\u7684\u591c\u665a","translate_comment":"","start":"42.92","dur":"3.574","is_scores":null,"created_at":"1521789997","updated_at":null},{"id":"27146470","caption_id":"127341","seq":"19","text":"\u5c0d\u5370\u5ea6\u7684\u5bb6\u5ead\u800c\u8a00","translate_comment":"","start":"46.494","dur":"2.409","is_scores":null,"created_at":"1521789997","updated_at":null},{"id":"27146471","caption_id":"127341","seq":"20","text":"\u5b83\u662f\u4e00\u500b\u6708\u7684\u85aa\u6c34","translate_comment":"","start":"48.903","dur":"3.604","is_scores":null,"created_at":"1521789997","updated_at":null},{"id":"27146472","caption_id":"127341","seq":"21","text":"\u5728\u6211\u6709\u5b69\u5b50\u4e4b\u524d\uff0c\u6211\u6839\u672c\u4e0d\u53bb\u8d85\u5e02\u8cb7\u6771\u897f","translate_comment":"\u5728\u6211\u6709\u5b69\u5b50\u4e4b\u524d\uff0c\u6211\u6839\u672c\u4e0d\u53bb\u8d85\u5e02\u8cb7\u6771\u897f","start":"52.507","dur":"2.34","is_scores":null,"created_at":"1521789997","updated_at":null},{"id":"27146473","caption_id":"127341","seq":"22","text":"\u73fe\u5728\u6709\u4e86\u5b69\u5b50\uff0c\u6709\u6642\u5019\u611f\u89ba\u5feb\u760b\u4e86","translate_comment":"\u73fe\u5728\u6709\u4e86\u5b69\u5b50\uff0c\u6709\u6642\u5019\u611f\u89ba\u5feb\u760b\u4e86","start":"54.847","dur":"4.813","is_scores":null,"created_at":"1521789997","updated_at":null},{"id":"27146474","caption_id":"127341","seq":"23","text":"(\u5c0f\u5bf6\u5bf6\u5927\u53eb) \u4e0d\u8981\u4e82\u52d5","translate_comment":"(\u5c0f\u5bf6\u5bf6\u5927\u53eb) \u4e0d\u8981\u4e82\u52d5","start":"59.66","dur":"2.568","is_scores":null,"created_at":"1521789997","updated_at":null},{"id":"27146475","caption_id":"127341","seq":"24","text":"\u9322\u610f\u5473\u8457\u904e\u751f\u6d3b","translate_comment":"","start":"62.228","dur":"2.86","is_scores":null,"created_at":"1521789997","updated_at":null},{"id":"27146476","caption_id":"127341","seq":"25","text":"\u4f60\u5011\u5931\u696d\u4e86\u55ce\uff1f","translate_comment":"","start":"65.088","dur":"0.988","is_scores":null,"created_at":"1521789997","updated_at":null},{"id":"27146477","caption_id":"127341","seq":"26","text":"\u5c0d\uff0c\u5931\u696d\u4e86","translate_comment":"","start":"66.076","dur":"2.086","is_scores":null,"created_at":"1521789997","updated_at":null},{"id":"27146478","caption_id":"127341","seq":"27","text":"\u6709\u9ede\u50cf\u662f\u6f66\u5012\u7684\u85dd\u8853\u5bb6\uff0c\u6211\u89ba\u5f97","translate_comment":"","start":"68.162","dur":"3.516","is_scores":null,"created_at":"1521789997","updated_at":null},{"id":"27146479","caption_id":"127341","seq":"28","text":"\u662f\u7684\uff0c\u6211\u7684\u7236\u6bcd\u5c0d\u91d1\u9322","translate_comment":"","start":"71.678","dur":"2.941","is_scores":null,"created_at":"1521789997","updated_at":null},{"id":"27146480","caption_id":"127341","seq":"29","text":"\u5f88\u6473","translate_comment":"","start":"74.619","dur":"1.397","is_scores":null,"created_at":"1521789997","updated_at":null},{"id":"27146481","caption_id":"127341","seq":"30","text":"\u4f60\u8a8d\u70ba\u4f60\u548c\u4ed6\u5011\u4e00\u6a23\u55ce\uff1f","translate_comment":"","start":"76.016","dur":"0.896","is_scores":null,"created_at":"1521789997","updated_at":null},{"id":"27146482","caption_id":"127341","seq":"31","text":"\u4e0d","translate_comment":"","start":"76.912","dur":"1.103","is_scores":null,"created_at":"1521789997","updated_at":null},{"id":"27146483","caption_id":"127341","seq":"32","text":"\u5c0d\uff0c\u6211\u9818\u793e\u6703\u88dc\u52a9\u91d1","translate_comment":"","start":"78.015","dur":"1.895","is_scores":null,"created_at":"1521789997","updated_at":null},{"id":"27146484","caption_id":"127341","seq":"33","text":"\u9806\u4fbf\u4e00\u63d0\uff0c\u6839\u672c\u4e0d\u5920\u7528","translate_comment":"","start":"79.91","dur":"1.889","is_scores":null,"created_at":"1521789997","updated_at":null},{"id":"27146485","caption_id":"127341","seq":"34","text":"\u6211\u6bcf\u6708\u9818 1,100 \u7f8e\u5143\uff0c\u9019\u7a2e\u6536\u5165\u4f7f\u6211\u5c31\u7b97\u6c92\u6709\u4f4e\u65bc\uff0c\u4e5f\u975e\u5e38\u63a5\u8fd1","translate_comment":"\u6211\u6bcf\u6708\u9818 1,100 \u7f8e\u5143\uff0c\u9019\u7a2e\u6536\u5165\u4f7f\u6211\u5c31\u7b97\u6c92\u6709\u4f4e\u65bc\uff0c\u4e5f\u975e\u5e38\u63a5\u8fd1","start":"81.799","dur":"3.978","is_scores":null,"created_at":"1521789997","updated_at":null},{"id":"27146486","caption_id":"127341","seq":"35","text":"\u8ca7\u7aae\u6c34\u6e96\u4e86","translate_comment":"\u8ca7\u7aae\u6c34\u6e96\u4e86","start":"85.777","dur":"1.8","is_scores":null,"created_at":"1521789997","updated_at":null},{"id":"27146487","caption_id":"127341","seq":"36","text":"\u6211\u6703\u8aaa\uff0c\u6211\u5927\u6982\u4e00\u661f\u671f\u88e1","translate_comment":"","start":"87.577","dur":"3.66","is_scores":null,"created_at":"1521789997","updated_at":null},{"id":"27146488","caption_id":"127341","seq":"37","text":"\u6709\u516d\u5929\u90fd\u5728\u559d\u9152","translate_comment":"","start":"92.557","dur":"1.27","is_scores":null,"created_at":"1521789997","updated_at":null},{"id":"27146489","caption_id":"127341","seq":"38","text":"\u6211\u53bb\u5e74\u6709\u5169\u6b21","translate_comment":"","start":"93.827","dur":"1.493","is_scores":null,"created_at":"1521789997","updated_at":null},{"id":"27146490","caption_id":"127341","seq":"39","text":"\u5403\u5916\u98df\u7d93\u9a57\uff0c\u58a8\u897f\u54e5\u7f8e\u98df\u548c\u62ab\u85a9","translate_comment":"","start":"95.32","dur":"2.968","is_scores":null,"created_at":"1521789997","updated_at":null},{"id":"27146491","caption_id":"127341","seq":"40","text":"\u6211\u901a\u5e38\u6bcf\u5929\u5403\u62ab\u85a9\u5c0f\u5377","translate_comment":"","start":"98.288","dur":"1.919","is_scores":null,"created_at":"1521789997","updated_at":null},{"id":"27146492","caption_id":"127341","seq":"41","text":"\u6216\u662f\u548c\u62ab\u85a9\u76f8\u95dc\u7684\u98df\u7269","translate_comment":"","start":"100.207","dur":"2","is_scores":null,"created_at":"1521789997","updated_at":null},{"id":"27146493","caption_id":"127341","seq":"42","text":"\u70ba\u4ec0\u9ebc\uff1f","translate_comment":"","start":"102.207","dur":"1.103","is_scores":null,"created_at":"1521789997","updated_at":null},{"id":"27146494","caption_id":"127341","seq":"43","text":"\u56e0\u70ba\u6211\u5c31\u611b\u62ab\u85a9","translate_comment":"","start":"103.31","dur":"1.306","is_scores":null,"created_at":"1521789997","updated_at":null},{"id":"27146495","caption_id":"127341","seq":"44","text":"\u6211\u7e3d\u662f\u8003\u616e\u9810\u7b97","translate_comment":"","start":"104.616","dur":"1.231","is_scores":null,"created_at":"1521789997","updated_at":null},{"id":"27146496","caption_id":"127341","seq":"45","text":"\u6211\u7684\u610f\u601d\u662f\uff0c\u6211\u8003\u616e\u73fe\u5be6\u554f\u984c","translate_comment":"","start":"105.847","dur":"2.074","is_scores":null,"created_at":"1521789997","updated_at":null},{"id":"27146497","caption_id":"127341","seq":"46","text":"\u5982\u679c\u6211\u9322\u4e0d\u5920\u7528","translate_comment":"","start":"107.921","dur":"1.521","is_scores":null,"created_at":"1521789997","updated_at":null},{"id":"27146498","caption_id":"127341","seq":"47","text":"\u90a3\u80af\u5b9a\u6703\u6709\u58d3\u529b","translate_comment":"","start":"109.442","dur":"2.032","is_scores":null,"created_at":"1521789997","updated_at":null},{"id":"27146499","caption_id":"127341","seq":"48","text":"\u6211\u8a8d\u70ba\u6211\u6839\u672c\u4e0d\u5584\u65bc\u7406\u8ca1","translate_comment":"","start":"111.474","dur":"2.172","is_scores":null,"created_at":"1521789997","updated_at":null},{"id":"27146500","caption_id":"127341","seq":"49","text":"\u8ab0\u6709\u958b\u74f6\u5668\uff1f","translate_comment":"","start":"115.536","dur":"1.759","is_scores":null,"created_at":"1521789997","updated_at":null},{"id":"27146501","caption_id":"127341","seq":"50","text":"\u7576\u771f\u55ce\uff1f","translate_comment":"","start":"117.295","dur":"1.018","is_scores":null,"created_at":"1521789997","updated_at":null},{"id":"27146502","caption_id":"127341","seq":"51","text":"\u4f60\u6253\u7b97\u5e79\u561b (\u7b11\u8072)","translate_comment":"","start":"118.313","dur":"1.838","is_scores":null,"created_at":"1521789997","updated_at":null},{"id":"27146503","caption_id":"127341","seq":"52","text":"\u6709\u9ede\u50cf\u9019\u9ebc\u56de\u4e8b","translate_comment":"","start":"120.151","dur":"1.306","is_scores":null,"created_at":"1521789997","updated_at":null}]}