{"en":[{"id":"27704013","caption_id":"129593","seq":"1","text":"More and more mainstream health authorities are promoting plant-based vegan diets \u2013 like","translate_comment":"","start":"5.25","dur":"5.46","is_scores":null,"created_at":"1522283993","updated_at":null},{"id":"27704014","caption_id":"129593","seq":"2","text":"Kaiser Permanente, one of the largest HMOs in the U.S. that wants to make plant-based","translate_comment":"","start":"10.71","dur":"5.88","is_scores":null,"created_at":"1522283993","updated_at":null},{"id":"27704015","caption_id":"129593","seq":"3","text":"diets \u201cthe new normal for [its] patients and employees\u201d; or the president of the","translate_comment":"","start":"16.59","dur":"5.58","is_scores":null,"created_at":"1522283993","updated_at":null},{"id":"27704016","caption_id":"129593","seq":"4","text":"American College of Cardiology, Dr. Kim Williams, who vigorously promotes a vegan diet; or the","translate_comment":"","start":"22.17","dur":"6.88","is_scores":null,"created_at":"1522283993","updated_at":null},{"id":"27704017","caption_id":"129593","seq":"5","text":"chair of Harvard\u2019s Department of Nutrition, Dr. Walter Willett, who recommends choosing plant proteins over animal proteins.","translate_comment":"","start":"29.05","dur":"8.019","is_scores":null,"created_at":"1522283993","updated_at":null},{"id":"27704018","caption_id":"129593","seq":"6","text":"As we see this awareness about plant-based nutrition increase,","translate_comment":"","start":"37.069","dur":"4.391","is_scores":null,"created_at":"1522283993","updated_at":null},{"id":"27704019","caption_id":"129593","seq":"7","text":"concern is sometimes expressed about vegan diets and vitamin B12 deficiencies.","translate_comment":"","start":"41.46","dur":"6.779","is_scores":null,"created_at":"1522283993","updated_at":null},{"id":"27704020","caption_id":"129593","seq":"8","text":"Some might ask, \u201cIf a vegan diet really is healthy and natural, why do I need to watch","translate_comment":"","start":"48.239","dur":"5.741","is_scores":null,"created_at":"1522283993","updated_at":null},{"id":"27704021","caption_id":"129593","seq":"9","text":"my vitamin B12 levels or take vitamin B12 supplements?\u201d And this is a great question.","translate_comment":"","start":"53.98","dur":"6.27","is_scores":null,"created_at":"1522283993","updated_at":null},{"id":"27704022","caption_id":"129593","seq":"10","text":"So, let\u2019s review the current information about vitamin B12, and the causes and prevalence","translate_comment":"","start":"60.25","dur":"6.47","is_scores":null,"created_at":"1522283993","updated_at":null},{"id":"27704023","caption_id":"129593","seq":"11","text":"of vitamin B12 deficiencies. Vitamin B12, also called cobalamin, is a water-soluble vitamin.","translate_comment":"","start":"66.72","dur":"8","is_scores":null,"created_at":"1522283993","updated_at":null},{"id":"27704024","caption_id":"129593","seq":"12","text":"It is produced by bacteria, not animals or plants. So animals, including humans, must","translate_comment":"","start":"74.72","dur":"8.17","is_scores":null,"created_at":"1522283993","updated_at":null},{"id":"27704025","caption_id":"129593","seq":"13","text":"obtain vitamin B12 directly or indirectly from bacteria. In the past, vitamin B12 from","translate_comment":"","start":"82.89","dur":"8.299","is_scores":null,"created_at":"1522283993","updated_at":null},{"id":"27704026","caption_id":"129593","seq":"14","text":"bacteria was naturally and more reliably present in plant foods. Today, however, with modern hygienic practices","translate_comment":"","start":"91.189","dur":"8.401","is_scores":null,"created_at":"1522283993","updated_at":null},{"id":"27704027","caption_id":"129593","seq":"15","text":"that more deeply clean and sanitize our produce, along with the soil","translate_comment":"","start":"99.59","dur":"4.58","is_scores":null,"created_at":"1522283993","updated_at":null},{"id":"27704028","caption_id":"129593","seq":"16","text":"being exposed to more antibiotics and pesticides, most plant foods are no longer reliable sources","translate_comment":"","start":"104.17","dur":"7.35","is_scores":null,"created_at":"1522283993","updated_at":null},{"id":"27704029","caption_id":"129593","seq":"17","text":"for vitamin B12. And, it\u2019s probably not a good idea to go back and reverse sanitary","translate_comment":"","start":"111.52","dur":"6.25","is_scores":null,"created_at":"1522283993","updated_at":null},{"id":"27704030","caption_id":"129593","seq":"18","text":"practices just to get more of this bacterial product in our diet. For this reason, we have","translate_comment":"","start":"117.77","dur":"7.989","is_scores":null,"created_at":"1522283993","updated_at":null},{"id":"27704031","caption_id":"129593","seq":"19","text":"seen that people who abstain from eating animal foods can have lower levels of vitamin B12.","translate_comment":"","start":"125.759","dur":"6.681","is_scores":null,"created_at":"1522283993","updated_at":null},{"id":"27704032","caption_id":"129593","seq":"20","text":"But it\u2019s important to also know that vitamin B12 deficiencies are not uncommon in the general","translate_comment":"","start":"132.44","dur":"7.99","is_scores":null,"created_at":"1522283993","updated_at":null},{"id":"27704033","caption_id":"129593","seq":"21","text":"population regardless of diet, even among many those eating large amounts of animal foods.","translate_comment":"","start":"140.43","dur":"6.22","is_scores":null,"created_at":"1522283993","updated_at":null},{"id":"27704034","caption_id":"129593","seq":"22","text":"As this review in the American Journal of Clinical Nutrition notes, \"across studies","translate_comment":"","start":"146.65","dur":"6.75","is_scores":null,"created_at":"1522283993","updated_at":null},{"id":"27704035","caption_id":"129593","seq":"23","text":"in Latin America, \u224840% of children and adults [were found to have a] deficient or marginal","translate_comment":"","start":"153.4","dur":"7.61","is_scores":null,"created_at":"1522283993","updated_at":null},{"id":"27704036","caption_id":"129593","seq":"24","text":"status\" of vitamin B12. In the U.S., full-blown vitamin B12 deficiencies are estimated to","translate_comment":"","start":"161.01","dur":"8.22","is_scores":null,"created_at":"1522283993","updated_at":null},{"id":"27704037","caption_id":"129593","seq":"25","text":"occur in about \"\u22484% of those aged 40-59\", and \"\u22486% of those aged \u226560\", with approximately","translate_comment":"","start":"169.23","dur":"10.58","is_scores":null,"created_at":"1522283993","updated_at":null},{"id":"27704038","caption_id":"129593","seq":"26","text":"20% of those over the age of 60 having a marginal status. That\u2019s a really high prevalence","translate_comment":"","start":"179.81","dur":"9.569","is_scores":null,"created_at":"1522283993","updated_at":null},{"id":"27704039","caption_id":"129593","seq":"27","text":"for a vitamin deficiency in the general population. Another review that combined nine studies","translate_comment":"","start":"189.379","dur":"6.94","is_scores":null,"created_at":"1522283993","updated_at":null},{"id":"27704040","caption_id":"129593","seq":"28","text":"in the U.S. found that 40% of patients had unexplained low B12 levels, which the researchers","translate_comment":"","start":"196.319","dur":"9.231","is_scores":null,"created_at":"1522283993","updated_at":null},{"id":"27704041","caption_id":"129593","seq":"29","text":"attributed to what\u2019s called \"food cobalamin malapsorption\", where the B12 that is naturally","translate_comment":"","start":"205.55","dur":"6.329","is_scores":null,"created_at":"1522283993","updated_at":null},{"id":"27704042","caption_id":"129593","seq":"30","text":"present in foods is simply not absorbed. Luckily, these people are still able to absorb the","translate_comment":"","start":"211.879","dur":"8.871","is_scores":null,"created_at":"1522283993","updated_at":null},{"id":"27704043","caption_id":"129593","seq":"31","text":"crystalline form of vitamin B12, which is the form that is used in supplements and B12-fortified foods.","translate_comment":"","start":"220.75","dur":"7.61","is_scores":null,"created_at":"1522283993","updated_at":null},{"id":"27704044","caption_id":"129593","seq":"32","text":"So, it happens to be the case that there are many things that can go wrong with","translate_comment":"","start":"228.36","dur":"6.239","is_scores":null,"created_at":"1522283993","updated_at":null},{"id":"27704045","caption_id":"129593","seq":"33","text":"our bodies using or absorbing vitamin B12, regardless of our diet, because the absorption","translate_comment":"","start":"234.599","dur":"7.59","is_scores":null,"created_at":"1522283993","updated_at":null},{"id":"27704046","caption_id":"129593","seq":"34","text":"process is fairly complex and requires specific physiologic elements to take place for it to occur adequately.","translate_comment":"","start":"242.189","dur":"9.281","is_scores":null,"created_at":"1522283993","updated_at":null},{"id":"27704047","caption_id":"129593","seq":"35","text":"One crucial factor, for example, is a step where vitamin B12 has to be coupled with a substance","translate_comment":"","start":"251.47","dur":"7.779","is_scores":null,"created_at":"1522283993","updated_at":null},{"id":"27704048","caption_id":"129593","seq":"36","text":"called \u201cintrinsic factor,\u201d which is produced in the parietal cells in our stomach.","translate_comment":"","start":"259.249","dur":"5.971","is_scores":null,"created_at":"1522283993","updated_at":null},{"id":"27704049","caption_id":"129593","seq":"37","text":"Then, most of the absorption for this coupled pair occurs in the third","translate_comment":"","start":"265.22","dur":"4.5","is_scores":null,"created_at":"1522283993","updated_at":null},{"id":"27704050","caption_id":"129593","seq":"38","text":"segment of the small intestine (or ileum). As such, any problem in those portions of","translate_comment":"","start":"269.72","dur":"5.979","is_scores":null,"created_at":"1522283993","updated_at":null},{"id":"27704051","caption_id":"129593","seq":"39","text":"our gastrointestinal tract can lead to B12 deficiencies. For example, H. pylori infection,","translate_comment":"","start":"275.699","dur":"8.421","is_scores":null,"created_at":"1522283993","updated_at":null},{"id":"27704052","caption_id":"129593","seq":"40","text":"alcohol abuse, smoking, atrophic gastritis, and conditions that slow the movement of food in our gastrointestinal tract","translate_comment":"","start":"284.12","dur":"9.789","is_scores":null,"created_at":"1522283993","updated_at":null},{"id":"27704053","caption_id":"129593","seq":"41","text":"(such as diabetes, scleroderma, strictures, diverticula) are","translate_comment":"","start":"293.909","dur":"6.76","is_scores":null,"created_at":"1522283993","updated_at":null},{"id":"27704054","caption_id":"129593","seq":"42","text":"all associated with vitamin B12 deficiencies. So many conditions that affect the gastrointestinal","translate_comment":"","start":"300.669","dur":"6.441","is_scores":null,"created_at":"1522283993","updated_at":null},{"id":"27704055","caption_id":"129593","seq":"43","text":"tract can lead to B12 deficiencies, from something big and notorious like a gastric bypass or","translate_comment":"","start":"307.11","dur":"7.71","is_scores":null,"created_at":"1522283993","updated_at":null},{"id":"27704056","caption_id":"129593","seq":"44","text":"resection, to something much more common like bacterial overgrowth in the upper intestine.","translate_comment":"","start":"314.82","dur":"7.319","is_scores":null,"created_at":"1522283993","updated_at":null},{"id":"27704057","caption_id":"129593","seq":"45","text":"But, fortunately, here too, with bacterial overgrowth, the crystalline form of vitamin","translate_comment":"","start":"322.139","dur":"6.891","is_scores":null,"created_at":"1522283993","updated_at":null},{"id":"27704058","caption_id":"129593","seq":"46","text":"B12, which is the form that is added to fortified foods and used in supplements, can still be absorbed okay.","translate_comment":"","start":"329.03","dur":"8.429","is_scores":null,"created_at":"1522283993","updated_at":null},{"id":"27704059","caption_id":"129593","seq":"47","text":"Some medications can also cause vitamin B12 deficiencies, including long-term","translate_comment":"","start":"337.459","dur":"6.261","is_scores":null,"created_at":"1522283993","updated_at":null},{"id":"27704060","caption_id":"129593","seq":"48","text":"use of antacids (or acid-suppressing drugs) \u2013 which, by the way, have been classified","translate_comment":"","start":"343.72","dur":"5.55","is_scores":null,"created_at":"1522283993","updated_at":null},{"id":"27704061","caption_id":"129593","seq":"49","text":"as the most commonly used pharmaceuticals in the U.S. Gastric acid in our stomach is","translate_comment":"","start":"349.27","dur":"5.97","is_scores":null,"created_at":"1522283993","updated_at":null},{"id":"27704062","caption_id":"129593","seq":"50","text":"required to separate vitamin B12 from dietary proteins for it to be absorbed. Thus,","translate_comment":"","start":"355.24","dur":"6.62","is_scores":null,"created_at":"1522283993","updated_at":null},{"id":"27704063","caption_id":"129593","seq":"51","text":"medications that suppress the production of gastric acid can lead to B12 malabsorption.","translate_comment":"","start":"361.86","dur":"8.13","is_scores":null,"created_at":"1522283993","updated_at":null},{"id":"27704064","caption_id":"129593","seq":"52","text":"This study concluded, both previous and current antacid use was associated with B12 deficiency. Lastly,","translate_comment":"","start":"369.99","dur":"10.179","is_scores":null,"created_at":"1522283993","updated_at":null},{"id":"27704065","caption_id":"129593","seq":"53","text":"there is also a genetic variant of a B12 transporter in our body that some people have that is","translate_comment":"","start":"380.169","dur":"7.62","is_scores":null,"created_at":"1522283993","updated_at":null},{"id":"27704066","caption_id":"129593","seq":"54","text":"associated with low B12 levels, and this genetic variant is present in 20% of the population.","translate_comment":"","start":"387.789","dur":"7.861","is_scores":null,"created_at":"1522283993","updated_at":null},{"id":"27704067","caption_id":"129593","seq":"55","text":"So, as you can see, vitamin B12 adequacy is a delicate matter, and deficiencies are fairly","translate_comment":"","start":"395.65","dur":"7.919","is_scores":null,"created_at":"1522283993","updated_at":null},{"id":"27704068","caption_id":"129593","seq":"56","text":"common in the general population. So, regardless of one\u2019s diet, it\u2019s something that","translate_comment":"","start":"403.569","dur":"4.731","is_scores":null,"created_at":"1522283993","updated_at":null},{"id":"27704069","caption_id":"129593","seq":"57","text":"people need to be mindful of. Now moving on to other issues \u2013 where can we find vitamin B12?","translate_comment":"","start":"408.3","dur":"7.56","is_scores":null,"created_at":"1522283993","updated_at":null},{"id":"27704070","caption_id":"129593","seq":"58","text":"Well, let\u2019s remember it\u2019s made from bacteria. Our own intestinal tract contains","translate_comment":"","start":"415.86","dur":"5.58","is_scores":null,"created_at":"1522283993","updated_at":null},{"id":"27704071","caption_id":"129593","seq":"59","text":"feces and B12-producing bacteria. However, we think that the majority of the B12 produced","translate_comment":"","start":"421.44","dur":"7.25","is_scores":null,"created_at":"1522283993","updated_at":null},{"id":"27704072","caption_id":"129593","seq":"60","text":"by bacteria in our gut occurs in the large intestine, which is further down from the","translate_comment":"","start":"428.69","dur":"6.75","is_scores":null,"created_at":"1522283993","updated_at":null},{"id":"27704073","caption_id":"129593","seq":"61","text":"small intestine where most of the B12 absorption takes place. So, a lot of the B12 produced","translate_comment":"","start":"435.44","dur":"7.92","is_scores":null,"created_at":"1522283993","updated_at":null},{"id":"27704074","caption_id":"129593","seq":"62","text":"in our intestine is excreted in our feces. Some studies have shown though that bacteria","translate_comment":"","start":"443.36","dur":"7.48","is_scores":null,"created_at":"1522283993","updated_at":null},{"id":"27704075","caption_id":"129593","seq":"63","text":"in our small intestines may also synthesize significant amounts of vitamin B12, but it\u2019s","translate_comment":"","start":"450.84","dur":"8.31","is_scores":null,"created_at":"1522283993","updated_at":null},{"id":"27704076","caption_id":"129593","seq":"64","text":"not clear whether sufficient amounts are made and absorbed to meet our nutritional needs.","translate_comment":"","start":"459.15","dur":"6.93","is_scores":null,"created_at":"1522283993","updated_at":null},{"id":"27704077","caption_id":"129593","seq":"65","text":"So our own human feces contain large quantities of vitamin B12. As unpleasant as this may","translate_comment":"","start":"466.08","dur":"7.1","is_scores":null,"created_at":"1522283993","updated_at":null},{"id":"27704078","caption_id":"129593","seq":"66","text":"sound, we actually do end up inadvertently eating feces sometimes. Which brings me to","translate_comment":"","start":"473.18","dur":"6.449","is_scores":null,"created_at":"1522283993","updated_at":null},{"id":"27704079","caption_id":"129593","seq":"67","text":"another source that has B12 from bacteria \u2013 animal foods. Now, just like us, animals","translate_comment":"","start":"479.629","dur":"6.301","is_scores":null,"created_at":"1522283993","updated_at":null},{"id":"27704080","caption_id":"129593","seq":"68","text":"don\u2019t make vitamin B12. They obtain it either directly or indirectly from the bacteria that makes it.","translate_comment":"","start":"485.93","dur":"7.989","is_scores":null,"created_at":"1522283993","updated_at":null},{"id":"27704081","caption_id":"129593","seq":"69","text":"Also adding manure usually results in higher vitamin B12 levels. Scientists even found","translate_comment":"","start":"493.919","dur":"7.101","is_scores":null,"created_at":"1522283993","updated_at":null},{"id":"27704082","caption_id":"129593","seq":"70","text":"that adding manure to the soil where spinach was growing added B12 to the spinach leaves.","translate_comment":"","start":"501.02","dur":"6.74","is_scores":null,"created_at":"1522283993","updated_at":null},{"id":"27704083","caption_id":"129593","seq":"71","text":"And, many animal foods have significant amounts of manure and thus bacterial contamination.","translate_comment":"","start":"507.76","dur":"7.38","is_scores":null,"created_at":"1522283993","updated_at":null},{"id":"27704084","caption_id":"129593","seq":"72","text":"Thanks to the FDA retail meat monitoring program, we know that 98% of chicken breasts sampled","translate_comment":"","start":"515.14","dur":"8.24","is_scores":null,"created_at":"1522283993","updated_at":null},{"id":"27704085","caption_id":"129593","seq":"73","text":"over seven years were contaminated with fecal bacteria; ground turkey 94%; ground beef 93%;","translate_comment":"","start":"523.38","dur":"10.63","is_scores":null,"created_at":"1522283993","updated_at":null},{"id":"27704086","caption_id":"129593","seq":"74","text":"and pork chops, a little bit lower at 86.9%, but still very high. Manure from some animals","translate_comment":"","start":"534.01","dur":"9.15","is_scores":null,"created_at":"1522283993","updated_at":null},{"id":"27704087","caption_id":"129593","seq":"75","text":"is even used to feed other animals in the livestock industry. And while this can raise","translate_comment":"","start":"543.16","dur":"6.32","is_scores":null,"created_at":"1522283993","updated_at":null},{"id":"27704088","caption_id":"129593","seq":"76","text":"B12 levels in the animal fed the manure, it also raises some serious health concerns.","translate_comment":"","start":"549.48","dur":"7.15","is_scores":null,"created_at":"1522283993","updated_at":null},{"id":"27704089","caption_id":"129593","seq":"77","text":"But apart from infectious disease related concerns with bacterial contamination, animal","translate_comment":"","start":"556.63","dur":"6.45","is_scores":null,"created_at":"1522283993","updated_at":null},{"id":"27704090","caption_id":"129593","seq":"78","text":"products \u2013 regardless of how clean they may be \u2013 are not the best source for vitamin","translate_comment":"","start":"563.08","dur":"5.15","is_scores":null,"created_at":"1522283993","updated_at":null},{"id":"27704091","caption_id":"129593","seq":"79","text":"B12, because consuming them results in us having increased levels of cancer promoting","translate_comment":"","start":"568.23","dur":"6.22","is_scores":null,"created_at":"1522283993","updated_at":null},{"id":"27704092","caption_id":"129593","seq":"80","text":"hormone IGF-1, as well as cholesterol, TMAO, phosphorus, heme-iron, and other substances","translate_comment":"","start":"574.45","dur":"8.79","is_scores":null,"created_at":"1522283993","updated_at":null},{"id":"27704093","caption_id":"129593","seq":"81","text":"that are problematic for our health. Better sources of B12 are fortified plant foods,","translate_comment":"","start":"583.24","dur":"6.409","is_scores":null,"created_at":"1522283993","updated_at":null},{"id":"27704094","caption_id":"129593","seq":"82","text":"like non-dairy milks, nutritional yeast and the like. And apparently some plant foods","translate_comment":"","start":"589.649","dur":"7.111","is_scores":null,"created_at":"1522283993","updated_at":null},{"id":"27704095","caption_id":"129593","seq":"83","text":"can have considerable amounts of vitamin B12 due to bacterial contamination during the","translate_comment":"","start":"596.76","dur":"6.86","is_scores":null,"created_at":"1522283993","updated_at":null},{"id":"27704096","caption_id":"129593","seq":"84","text":"production process, or because they live a symbiotic relationship with bacteria. For","translate_comment":"","start":"603.62","dur":"8.02","is_scores":null,"created_at":"1522283993","updated_at":null},{"id":"27704097","caption_id":"129593","seq":"85","text":"example, this article in the journal Nutrients found the following plant foods to contain vitamin B12:","translate_comment":"","start":"611.64","dur":"8.2","is_scores":null,"created_at":"1522283993","updated_at":null},{"id":"27704098","caption_id":"129593","seq":"86","text":"tempe, which is a fermented soybean-based food, due to bacterial process in its production;","translate_comment":"","start":"619.84","dur":"7.04","is_scores":null,"created_at":"1522283993","updated_at":null},{"id":"27704099","caption_id":"129593","seq":"87","text":"vegetable products that are fermented with bacteria; various types of tea leaves; fruiting","translate_comment":"","start":"626.88","dur":"5.97","is_scores":null,"created_at":"1522283993","updated_at":null},{"id":"27704100","caption_id":"129593","seq":"88","text":"bodies of shitake and another types of mushrooms; and, apparently, the most widely-consumed algae","translate_comment":"","start":"632.85","dur":"7.229","is_scores":null,"created_at":"1522283993","updated_at":null},{"id":"27704101","caption_id":"129593","seq":"89","text":"also contains levels of vitamin B12. B12 can also be found in lakes if the water has not been sanitized.","translate_comment":"","start":"640.079","dur":"9.531","is_scores":null,"created_at":"1522283993","updated_at":null},{"id":"27704102","caption_id":"129593","seq":"90","text":"And although it\u2019s not a good idea to drink un-sanitized water in general,","translate_comment":"","start":"649.61","dur":"5.26","is_scores":null,"created_at":"1522283993","updated_at":null},{"id":"27704103","caption_id":"129593","seq":"91","text":"we really get the picture of how this is a bacterial and not an animal product.","translate_comment":"","start":"654.87","dur":"5.77","is_scores":null,"created_at":"1522283993","updated_at":null},{"id":"27704104","caption_id":"129593","seq":"92","text":"Again, it\u2019s not a good idea to go back and reverse sanitary practices in order to get","translate_comment":"","start":"660.64","dur":"6.08","is_scores":null,"created_at":"1522283993","updated_at":null},{"id":"27704105","caption_id":"129593","seq":"93","text":"more of this bacterial product in our diet, since bacteria can also cause disease.","translate_comment":"","start":"666.72","dur":"6.07","is_scores":null,"created_at":"1522283993","updated_at":null},{"id":"27704106","caption_id":"129593","seq":"94","text":"It\u2019s also not a good idea to get vitamin B12 from animal foods, given the problematic","translate_comment":"","start":"672.79","dur":"6.299","is_scores":null,"created_at":"1522283993","updated_at":null},{"id":"27704107","caption_id":"129593","seq":"95","text":"health issues associated with consuming animal foods that I mentioned earlier.","translate_comment":"","start":"679.089","dur":"4.541","is_scores":null,"created_at":"1522283993","updated_at":null},{"id":"27704108","caption_id":"129593","seq":"96","text":"From a health standpoint, it\u2019s best to go with a plant-based vegan diet. Just like Harvard\u2019s Healthy","translate_comment":"","start":"683.63","dur":"6.54","is_scores":null,"created_at":"1522283993","updated_at":null},{"id":"27704109","caption_id":"129593","seq":"97","text":"Eating Plate recommends, \u201cGo with plants. Eating a plant-based diet is [best].\u201d So,","translate_comment":"","start":"690.17","dur":"6.09","is_scores":null,"created_at":"1522283993","updated_at":null},{"id":"27704110","caption_id":"129593","seq":"98","text":"what I recommend is to monitor vitamin B12 levels or take a B12 supplement, or both,","translate_comment":"","start":"696.26","dur":"7.55","is_scores":null,"created_at":"1522283993","updated_at":null},{"id":"27704111","caption_id":"129593","seq":"99","text":"and include plant-based B12-fortified foods in your diet. I personally don\u2019t take a","translate_comment":"","start":"703.81","dur":"6.12","is_scores":null,"created_at":"1522283993","updated_at":null},{"id":"27704112","caption_id":"129593","seq":"100","text":"B12 supplement, but I have my B12 levels checked every year. I\u2019ve been eating a plant-based","translate_comment":"","start":"709.93","dur":"5.88","is_scores":null,"created_at":"1522283993","updated_at":null},{"id":"27704113","caption_id":"129593","seq":"101","text":"vegan diet with no animal products for about 5 years now. And, at my most recent insurance-required","translate_comment":"","start":"715.81","dur":"7.12","is_scores":null,"created_at":"1522283993","updated_at":null},{"id":"27704114","caption_id":"129593","seq":"102","text":"annual checkup, my B12 level was 884 pg\/mL, which is within the normal range.","translate_comment":"","start":"722.93","dur":"7.55","is_scores":null,"created_at":"1522283993","updated_at":null},{"id":"27704115","caption_id":"129593","seq":"103","text":"If it wasn't within normal range, then I would just take a supplement, which is an easy fix.","translate_comment":"","start":"730.48","dur":"5.76","is_scores":null,"created_at":"1522283993","updated_at":null},{"id":"27704116","caption_id":"129593","seq":"104","text":"But, I definitely keep an eye on my levels, and I recommend both vegans","translate_comment":"","start":"736.24","dur":"4.98","is_scores":null,"created_at":"1522283993","updated_at":null},{"id":"27704117","caption_id":"129593","seq":"105","text":"and non-vegans alike to do the same. Thank you very much.","translate_comment":"","start":"741.22","dur":"4.04","is_scores":null,"created_at":"1522283993","updated_at":null}],"zh-Hant":[{"id":"27706122","caption_id":"129594","seq":"1","text":"\u6709\u8d8a\u4f86\u8d8a\u591a\u4e3b\u6d41\u5065\u5eb7\u6b0a\u5a01\u5c08\u5bb6\uff0c\u90fd\u63a8\u5d07\u690d\u7269\u6027\u7684\u7d14\u7d20\u98f2\u98df\u6cd5","translate_comment":"","start":"5.25","dur":"5.46","is_scores":null,"created_at":"1522290175","updated_at":null},{"id":"27706123","caption_id":"129594","seq":"2","text":"\u50cf\u51f1\u6fa4\u6c38\u4e45\u91ab\u7642\u96c6\u5718\u2014\u7f8e\u570b\u6700\u5927\u7684\u5065\u5eb7\u7dad\u8b77\u7d44\u7e54\u4e4b\u4e00","translate_comment":"","start":"10.71","dur":"5.88","is_scores":null,"created_at":"1522290175","updated_at":null},{"id":"27706124","caption_id":"129594","seq":"3","text":"\u4ed6\u5011\u5e0c\u671b\u852c\u98df\u80fd\u6210\u70ba\u75c5\u4eba\u548c\u54e1\u5de5\u7684\u65b0\u751f\u6d3b\u5e38\u614b","translate_comment":"","start":"16.59","dur":"5.58","is_scores":null,"created_at":"1522290175","updated_at":null},{"id":"27706125","caption_id":"129594","seq":"4","text":"\u7f8e\u570b\u5fc3\u81df\u91ab\u5b78\u6703\u4e3b\u5e2d\u2014\u91d1\u00b7\u5a01\u5ec9\u65af\u91ab\u5e2b\uff0c\u4e00\u5411\u6975\u529b\u63a8\u5d07\u7d14\u7d20\u98f2\u98df","translate_comment":"","start":"22.17","dur":"6.88","is_scores":null,"created_at":"1522290175","updated_at":null},{"id":"27706126","caption_id":"129594","seq":"5","text":"\u7f8e\u570b\u54c8\u4f5b\u5927\u5b78\u71df\u990a\u5b78\u7cfb\u4e3b\u4efb\u2014\u9b4f\u52d2\u7279\u535a\u58eb\uff0c\u4e5f\u5efa\u8b70\u6211\u5011\u4ee5\u690d\u7269\u6027\u86cb\u767d\u8cea\u53d6\u4ee3\u52d5\u7269\u6027\u86cb\u767d\u8cea","translate_comment":"","start":"29.05","dur":"8.019","is_scores":null,"created_at":"1522290175","updated_at":null},{"id":"27706127","caption_id":"129594","seq":"6","text":"\u7531\u65bc\u5927\u773e\u5c0d\u690d\u7269\u71df\u990a\u6709\u8d8a\u4f86\u8d8a\u591a\u8a8d\u8b58","translate_comment":"","start":"37.069","dur":"4.391","is_scores":null,"created_at":"1522290175","updated_at":null},{"id":"27706128","caption_id":"129594","seq":"7","text":"\u300c\u7d14\u7d20\u98f2\u98df\u300d\u8207\u300c\u7dad\u751f\u7d20 B12 \u7f3a\u4e4f\u300d\u7684\u76f8\u95dc\u8b70\u984c\u4e5f\u96a8\u4e4b\u53d7\u5230\u95dc\u6ce8","translate_comment":"","start":"41.46","dur":"6.779","is_scores":null,"created_at":"1522290175","updated_at":null},{"id":"27706129","caption_id":"129594","seq":"8","text":"\u6709\u4e9b\u4eba\u53ef\u80fd\u6703\u554f\u300c\u5982\u679c\u7d14\u7d20\u98f2\u98df\u771f\u7684\u5065\u5eb7\u53c8\u81ea\u7136\uff0c\u6211\u70ba\u4f55\u9084\u8981","translate_comment":"","start":"48.239","dur":"5.741","is_scores":null,"created_at":"1522290175","updated_at":null},{"id":"27706130","caption_id":"129594","seq":"9","text":"\u7559\u610f\u7dad\u751f\u7d20 B12 \u6c34\u5e73\uff0c\u6216\u670d\u7528\u7dad\u751f\u7d20 B12 \u88dc\u5145\u5291\u5462\uff1f \u300d\u9019\u662f\u500b\u5f88\u597d\u7684\u554f\u984c","translate_comment":"","start":"53.98","dur":"6.27","is_scores":null,"created_at":"1522290175","updated_at":null},{"id":"27706131","caption_id":"129594","seq":"10","text":"\u73fe\u5728\u5c31\u8b93\u6211\u5011\u4f86\u770b\u770b\u7576\u524d\u4e00\u4e9b\u8207\u7dad\u751f\u7d20 B12 \u7684\u76f8\u95dc\u8cc7\u8a0a\uff0c\u4ee5\u53ca\u9020\u6210","translate_comment":"","start":"60.25","dur":"6.47","is_scores":null,"created_at":"1522290175","updated_at":null},{"id":"27706132","caption_id":"129594","seq":"11","text":"\u300c\u7dad\u751f\u7d20 B12 \u7f3a\u4e4f\u300d\u548c\u300c\u7dad\u751f\u7d20 B12 \u666e\u904d\u651d\u53d6\u4e0d\u8db3\u300d\u7684\u539f\u56e0\uff0c\u7dad\u751f\u7d20 B12 \u4e5f\u53eb\u4f5c\u9237\u80fa\u7d20\u2014\u4e00\u7a2e\u6c34\u6eb6\u6027\u7dad\u751f\u7d20","translate_comment":"","start":"66.72","dur":"8","is_scores":null,"created_at":"1522290175","updated_at":null},{"id":"27706133","caption_id":"129594","seq":"12","text":"\u7dad\u751f\u7d20 B12 \u662f\u7531\u7d30\u83cc\u7522\u751f\uff0c\u4e26\u975e\u4f86\u81ea\u52d5\u7269\u6216\u690d\u7269\uff0c\u6240\u4ee5\u52d5\u7269\uff0c\u5305\u542b\u4eba\u985e","translate_comment":"","start":"74.72","dur":"8.17","is_scores":null,"created_at":"1522290175","updated_at":null},{"id":"27706134","caption_id":"129594","seq":"13","text":"\u90fd\u5fc5\u9808\u76f4\u63a5\u6216\u9593\u63a5\u7d93\u7531\u7d30\u83cc\u53d6\u5f97\u7dad\u751f\u7d20 B12 \u990a\u5206\uff0c\u5728\u904e\u53bb\uff0c\u4f86\u81ea\u7d30\u83cc\u7684\u7dad\u751f\u7d20 B12","translate_comment":"","start":"82.89","dur":"8.299","is_scores":null,"created_at":"1522290175","updated_at":null},{"id":"27706135","caption_id":"129594","seq":"14","text":"\u6703\u81ea\u7136\u5b58\u5728\u65bc\u690d\u7269\u6027\u98df\u7269\u4e2d\uff0c\u800c\u4e14\u8a72\u7dad\u751f\u7d20 B12 \u7684\u4f86\u6e90\u66f4\u70ba\u53ef\u9760\uff0c\u7136\u800c\u4eca\u65e5\uff0c\u5728\u73fe\u4ee3\u7684\u885b\u751f\u898f\u7bc4\u4e0b","translate_comment":"","start":"91.189","dur":"8.401","is_scores":null,"created_at":"1522290175","updated_at":null},{"id":"27706136","caption_id":"129594","seq":"15","text":"\u6211\u5011\u7684\u98df\u7269\u5f97\u5230\u66f4\u5fb9\u5e95\u7684\u6e05\u6f54\u8207\u6d88\u6bd2\uff0c\u52a0\u4e0a\u571f\u58e4","translate_comment":"","start":"99.59","dur":"4.58","is_scores":null,"created_at":"1522290175","updated_at":null},{"id":"27706137","caption_id":"129594","seq":"16","text":"\u63a5\u89f8\u5230\u6297\u751f\u7d20\u8207\u6bba\u87f2\u5291\uff0c\u56e0\u800c\u5c0e\u81f3\u773c\u524d\u7684\u60c5\u6cc1\uff0c\u9019\u4e5f\u662f\u5927\u90e8\u5206\u7684\u690d\u7269\u90fd\u4e0d\u518d\u662f","translate_comment":"","start":"104.17","dur":"7.35","is_scores":null,"created_at":"1522290175","updated_at":null},{"id":"27706138","caption_id":"129594","seq":"17","text":"\u7dad\u751f\u7d20 B12 \u53ef\u9760\u4f86\u6e90\u7684\u539f\u56e0\uff0c\u4f46\u82e5\u70ba\u4e86\u8b93\u6211\u5011\u7684\u98df\u7269\u4fdd\u6709\u66f4\u591a\u7d30\u83cc","translate_comment":"","start":"111.52","dur":"6.25","is_scores":null,"created_at":"1522290175","updated_at":null},{"id":"27706139","caption_id":"129594","seq":"18","text":"\u800c\u56de\u982d\u53bb\u64a4\u9664\u98df\u54c1\u885b\u751f\u898f\u7bc4\uff0c\u4f3c\u4e4e\u4e5f\u4e0d\u592a\u59a5\u7576\uff0c\u56e0\u6b64","translate_comment":"","start":"117.77","dur":"7.989","is_scores":null,"created_at":"1522290175","updated_at":null},{"id":"27706140","caption_id":"129594","seq":"19","text":"\u6211\u5011\u4e5f\u6709\u9047\u904e\u4e0d\u98df\u7528\u52d5\u7269\u6027\u98df\u54c1\u7684\u4eba\u7dad\u751f\u7d20 B12 \u6c34\u5e73\u8f03\u4f4e\u7684\u60c5\u6cc1","translate_comment":"","start":"125.759","dur":"6.681","is_scores":null,"created_at":"1522290175","updated_at":null},{"id":"27706141","caption_id":"129594","seq":"20","text":"\u4f46\u6211\u5011\u8a72\u4e86\u89e3\u5230\u7684\u662f\uff0c\u5728\u4e00\u822c\u4eba\u53e3\u7576\u4e2d\uff0c\u7dad\u751f\u7d20 B12 \u7f3a\u4e4f\u75c7\u4e26\u4e0d\u7f55\u898b","translate_comment":"","start":"132.44","dur":"7.99","is_scores":null,"created_at":"1522290175","updated_at":null},{"id":"27706142","caption_id":"129594","seq":"21","text":"\u7121\u8ad6\u63a1\u7528\u54ea\u7a2e\u98f2\u98df\u65b9\u5f0f\uff0c\u5373\u4f7f\u662f\u98df\u7528\u5927\u91cf\u52d5\u7269\u6027\u98df\u54c1\u7684\u4eba\uff0c\u4e5f\u6703\u6709\u7dad\u751f\u7d20 B12 \u7f3a\u4e4f\u7684\u53ef\u80fd","translate_comment":"","start":"140.43","dur":"6.22","is_scores":null,"created_at":"1522290175","updated_at":null},{"id":"27706143","caption_id":"129594","seq":"22","text":"\u9019\u7bc7\u7f8e\u570b\u81e8\u5e8a\u71df\u990a\u96dc\u8a8c\u7684\u8a55\u8ad6\u6307\u51fa\u300c\u7531\u591a\u4efd\u7814\u7a76\u5831\u544a\u986f\u793a\u2014","translate_comment":"","start":"146.65","dur":"6.75","is_scores":null,"created_at":"1522290175","updated_at":null},{"id":"27706144","caption_id":"129594","seq":"23","text":"\u62c9\u4e01\u7f8e\u6d32\u6709\u5927\u7d04 40% \u7684\u5152\u7ae5\u548c\u6210\u4eba\uff0c\u90fd\u6709\u7dad\u751f\u7d20 B12 \u7f3a\u4e4f","translate_comment":"","start":"153.4","dur":"7.61","is_scores":null,"created_at":"1522290175","updated_at":null},{"id":"27706145","caption_id":"129594","seq":"24","text":"\u6216\u7015\u81e8\u7f3a\u4e4f\u7684\u60c5\u6cc1\u300d\u60a3\u6709\u7dad\u751f\u7d20 B12 \u7f3a\u4e4f\u75c7\u7684\u7f8e\u570b\u4eba\u53e3\u7576\u4e2d","translate_comment":"","start":"161.01","dur":"8.22","is_scores":null,"created_at":"1522290175","updated_at":null},{"id":"27706146","caption_id":"129594","seq":"25","text":"\u5e74\u9f61\u5728 40-59 \u6b72\u4e4b\u9593\u8005\u5360 4%\uff0c60 \u6b72\u4ee5\u4e0a\u5247\u4f54\u4e86 6%","translate_comment":"","start":"169.23","dur":"10.58","is_scores":null,"created_at":"1522290175","updated_at":null},{"id":"27706147","caption_id":"129594","seq":"26","text":"\u5728 60 \u6b72\u4ee5\u4e0a\u7684\u4eba\u53e3\u7576\u4e2d\uff0c\u51fa\u73fe\u7dad\u751f\u7d20 B12 \u7015\u81e8\u7f3a\u4e4f\u7684\u60c5\u6cc1\u8005\u4f54\u7d04 20%\uff0c\u5728\u4e00\u822c\u4eba\u53e3\u7576\u4e2d","translate_comment":"","start":"179.81","dur":"9.569","is_scores":null,"created_at":"1522290175","updated_at":null},{"id":"27706148","caption_id":"129594","seq":"27","text":"\u7dad\u751f\u7d20 B12 \u7f3a\u4e4f\u662f\u4e00\u7a2e\u5f88\u666e\u904d\u7684\u73fe\u8c61\uff0c\u53e6\u4e00\u5247\u8a55\u8ad6\uff0c\u4e5f\u7d9c\u5408\u5206\u6790\u4e86\u4e5d\u4efd\u7f8e\u570b\u7684\u7814\u7a76\u5831\u544a","translate_comment":"","start":"189.379","dur":"6.94","is_scores":null,"created_at":"1522290175","updated_at":null},{"id":"27706149","caption_id":"129594","seq":"28","text":"\u767c\u73fe 40% \u7684\u75c5\u60a3\uff0c\u90fd\u6709\u4e0d\u660e\u7684\u7dad\u751f\u7d20 B12 \u6c34\u5e73\u504f\u4f4e\u7684\u60c5\u6cc1\uff0c\u7814\u7a76\u4eba\u54e1\u5c07\u6b64\u75c7\u72c0","translate_comment":"","start":"196.319","dur":"9.231","is_scores":null,"created_at":"1522290175","updated_at":null},{"id":"27706150","caption_id":"129594","seq":"29","text":"\u7a31\u70ba\u300c\u98df\u7269\u7dad\u751f\u7d20 B12 \u5438\u6536\u4e0d\u826f\u75c7\u300d\u5373\u98df\u7269\u4e2d\u6240\u542b\u7684\u7dad\u751f\u7d20 B12","translate_comment":"","start":"205.55","dur":"6.329","is_scores":null,"created_at":"1522290175","updated_at":null},{"id":"27706151","caption_id":"129594","seq":"30","text":"\u7121\u6cd5\u88ab\u6b63\u5e38\u5438\u6536\uff0c\u6240\u5e78\u9019\u6a23\u7684\u4eba\uff0c\u4ecd\u80fd\u5920\u5438\u6536","translate_comment":"","start":"211.879","dur":"8.871","is_scores":null,"created_at":"1522290175","updated_at":null},{"id":"27706152","caption_id":"129594","seq":"31","text":"\u7d50\u6676\u578b\u7684\u7dad\u751f\u7d20 B12 \u2014\u5b83\u662f\u4e00\u7a2e\u5b58\u5728\u65bc\u300c\u88dc\u5145\u5291\u300d\u548c\u300c B12 \u5f37\u5316\u98df\u54c1\u300d\u4e2d\u7684 B12 \u5f62\u614b","translate_comment":"","start":"220.75","dur":"7.61","is_scores":null,"created_at":"1522290175","updated_at":null},{"id":"27706153","caption_id":"129594","seq":"32","text":"\u6240\u4ee5\u4e0d\u7ba1\u662f\u54ea\u4e00\u7a2e\u98f2\u98df\u7fd2\u6163\uff0c\u8eab\u9ad4\u5728\u5229\u7528\u6216\u5438\u6536\u7dad\u751f\u7d20 B12 \u6642","translate_comment":"","start":"228.36","dur":"6.239","is_scores":null,"created_at":"1522290175","updated_at":null},{"id":"27706154","caption_id":"129594","seq":"33","text":"\u6709\u5f88\u591a\u74b0\u7bc0\u90fd\u53ef\u80fd\u51fa\u5dee\u932f\uff0c\u56e0\u70ba\u5438\u6536\u7dad\u751f\u7d20 B12 \u7684\u6a5f\u5236","translate_comment":"","start":"234.599","dur":"7.59","is_scores":null,"created_at":"1522290175","updated_at":null},{"id":"27706155","caption_id":"129594","seq":"34","text":"\u76f8\u7576\u8907\u96dc\uff0c\u4e26\u4e14\u9700\u8981\u7279\u5b9a\u7684\u751f\u7406\u689d\u4ef6\uff0c\u624d\u80fd\u9806\u5229\u5438\u6536\u8db3\u5920\u7684\u7dad\u751f\u7d20 B12","translate_comment":"","start":"242.189","dur":"9.281","is_scores":null,"created_at":"1522290175","updated_at":null},{"id":"27706156","caption_id":"129594","seq":"35","text":"\u4ee5\u9019\u500b\u95dc\u5065\u7684\u751f\u7406\u8981\u7d20\u70ba\u4f8b\uff0c\u7dad\u751f\u7d20 B12 \u5fc5\u9808\u5148\u548c","translate_comment":"","start":"251.47","dur":"7.779","is_scores":null,"created_at":"1522290175","updated_at":null},{"id":"27706157","caption_id":"129594","seq":"36","text":"\u80c3\u58c1\u7d30\u80de\u5206\u6ccc\u7684\u300c\u5167\u5728\u56e0\u5b50\u300d\u7d50\u5408","translate_comment":"","start":"259.249","dur":"5.971","is_scores":null,"created_at":"1522290175","updated_at":null},{"id":"27706158","caption_id":"129594","seq":"37","text":"\u63a5\u8457\uff0c\u5927\u90e8\u5206\u7684\u7d50\u5408\u7269\u6703\u5728\u5c0f\u8178\u7684","translate_comment":"","start":"265.22","dur":"4.5","is_scores":null,"created_at":"1522290175","updated_at":null},{"id":"27706159","caption_id":"129594","seq":"38","text":"\u7b2c\u4e09\u90e8\u5206 (\u8ff4\u8178) \u88ab\u5438\u6536\uff0c\u56e0\u6b64\uff0c\u82e5\u9019\u4e9b\u90e8\u4f4d\u7684\u6d88\u5316\u9053\u51fa\u554f\u984c","translate_comment":"","start":"269.72","dur":"5.979","is_scores":null,"created_at":"1522290175","updated_at":null},{"id":"27706160","caption_id":"129594","seq":"39","text":"\u5373\u6703\u5c0e\u81f4\u7dad\u751f\u7d20 B12 \u7f3a\u4e4f\u7684\u60c5\u6cc1\uff0c\u4f8b\u5982\u5e7d\u9580\u687f\u83cc\u611f\u67d3\u3001","translate_comment":"","start":"275.699","dur":"8.421","is_scores":null,"created_at":"1522290175","updated_at":null},{"id":"27706161","caption_id":"129594","seq":"40","text":"\u9157\u9152\u3001\u5438\u83f8\u3001\u840e\u7e2e\u6027\u80c3\u708e\uff0c\u4ee5\u53ca\u4e00\u4e9b\u6703\u9020\u6210\u8178\u80c3\u8815\u52d5\u7de9\u6162\u7684\u75c5\u75c7","translate_comment":"","start":"284.12","dur":"9.789","is_scores":null,"created_at":"1522290175","updated_at":null},{"id":"27706162","caption_id":"129594","seq":"41","text":"\u50cf\u662f\u7cd6\u5c3f\u75c5\u3001\u786c\u76ae\u75c5\u3001\u98df\u9053\u72f9\u7a84\u3001\u5927\u8178\u61a9\u5ba4\u75c7","translate_comment":"","start":"293.909","dur":"6.76","is_scores":null,"created_at":"1522290175","updated_at":null},{"id":"27706163","caption_id":"129594","seq":"42","text":"\u9019\u4e9b\u90fd\u548c\u7dad\u751f\u7d20 B12 \u7684\u7f3a\u4e4f\u6709\u95dc\uff0c\u6709\u5f88\u591a\u60c5\u6cc1\u90fd\u6703\u5f71\u97ff\u6d88\u5316\u9053\u529f\u80fd","translate_comment":"","start":"300.669","dur":"6.441","is_scores":null,"created_at":"1522290175","updated_at":null},{"id":"27706164","caption_id":"129594","seq":"43","text":"\u5c0e\u81f4\u7dad\u751f\u7d20 B12 \u7f3a\u4e4f\uff0c\u5927\u81f3\u4eba\u5011\u719f\u6089\u7684\u80c3\u7e5e\u9053","translate_comment":"","start":"307.11","dur":"7.71","is_scores":null,"created_at":"1522290175","updated_at":null},{"id":"27706165","caption_id":"129594","seq":"44","text":"\u6216\u80c3\u5207\u9664\u624b\u8853\uff0c\u5c0f\u81f3\u8f03\u5e38\u898b\u7684\u4e0a\u8178\u9053\u7d30\u83cc\u904e\u5ea6\u6ecb\u751f","translate_comment":"","start":"314.82","dur":"7.319","is_scores":null,"created_at":"1522290175","updated_at":null},{"id":"27706166","caption_id":"129594","seq":"45","text":"\u4f46\u5e78\u904b\u5730\u662f\uff0c\u5373\u4f7f\u6709\u7d30\u83cc\u904e\u5ea6\u6ecb\u751f\u7684\u554f\u984c","translate_comment":"","start":"322.139","dur":"6.891","is_scores":null,"created_at":"1522290175","updated_at":null},{"id":"27706167","caption_id":"129594","seq":"46","text":"\u4ecd\u53ef\u9069\u7576\u5438\u6536\u6dfb\u52a0\u65bc\u98df\u54c1\u548c\u88dc\u5145\u5291\u4e2d\u7684\u7d50\u6676\u578b\u7dad\u751f\u7d20 B12","translate_comment":"","start":"329.03","dur":"8.429","is_scores":null,"created_at":"1522290175","updated_at":null},{"id":"27706168","caption_id":"129594","seq":"47","text":"\u6709\u4e9b\u85e5\u7269\u4e5f\u6703\u9020\u6210\u6211\u5011\u7684\u7dad\u751f\u7d20 B12 \u7f3a\u4e4f\uff0c\u5305\u62ec\u9577\u671f\u4f7f\u7528","translate_comment":"","start":"337.459","dur":"6.261","is_scores":null,"created_at":"1522290175","updated_at":null},{"id":"27706169","caption_id":"129594","seq":"48","text":"\u5236\u9178\u5291 (\u80c3\u9178\u6291\u5236\u85e5)\uff0c\u9644\u5e36\u4e00\u63d0\uff0c\u5236\u9178\u5291\u5728\u7f8e\u570b","translate_comment":"","start":"343.72","dur":"5.55","is_scores":null,"created_at":"1522290175","updated_at":null},{"id":"27706170","caption_id":"129594","seq":"49","text":"\u662f\u6700\u5e38\u88ab\u4f7f\u7528\u7684\u85e5\u7269\uff0c\u80c3\u9178\u662f\u5c07","translate_comment":"","start":"349.27","dur":"5.97","is_scores":null,"created_at":"1522290175","updated_at":null},{"id":"27706171","caption_id":"129594","seq":"50","text":"\u7dad\u751f\u7d20 B12 \u8207\u98df\u7269\u86cb\u767d\u8cea\u5206\u96e2\u7684\u5fc5\u8981\u7269\u8cea\uff0c\u7d93\u5206\u96e2\u7684\u7dad\u751f\u7d20 B12 \u624d\u80fd\u88ab\u4eba\u9ad4\u5438\u6536\uff0c\u56e0\u6b64","translate_comment":"","start":"355.24","dur":"6.62","is_scores":null,"created_at":"1522290175","updated_at":null},{"id":"27706172","caption_id":"129594","seq":"51","text":"\u6291\u5236\u80c3\u9178\u5206\u6ccc\u7684\u85e5\u7269\uff0c\u6703\u9020\u6210\u7dad\u751f\u7d20 B12 \u5438\u6536\u4e0d\u826f","translate_comment":"","start":"361.86","dur":"8.13","is_scores":null,"created_at":"1522290175","updated_at":null},{"id":"27706173","caption_id":"129594","seq":"52","text":"\u800c\u9019\u4efd\u7814\u7a76\u7684\u7d50\u8ad6\u662f\uff0c\u7dad\u751f\u7d20 B12 \u7f3a\u4e4f\u75c7\u8207\u904e\u53bb\u6216\u73fe\u5728\u4f7f\u7528\u5236\u9178\u5291\u6709\u95dc\uff0c\u6700\u5f8c\u8981\u63d0\u7684\u662f","translate_comment":"","start":"369.99","dur":"10.179","is_scores":null,"created_at":"1522290175","updated_at":null},{"id":"27706174","caption_id":"129594","seq":"53","text":"\u6709\u4e9b\u4eba\u7684\u9ad4\u5167\u5e36\u6709\u7dad\u751f\u7d20 B12 \u8f49\u904b\u5b50\u8b8a\u7570\u57fa\u56e0","translate_comment":"","start":"380.169","dur":"7.62","is_scores":null,"created_at":"1522290175","updated_at":null},{"id":"27706175","caption_id":"129594","seq":"54","text":"\u8a72\u57fa\u56e0\u548c\u9ad4\u5167\u7684 B12 \u6c34\u5e73\u504f\u4f4e\u4e5f\u6709\u95dc\u4fc2\uff0c\u6709 20% \u7684\u4eba\u53e3\u90fd\u5e36\u6709\u9019\u7a2e\u8b8a\u7570\u57fa\u56e0","translate_comment":"","start":"387.789","dur":"7.861","is_scores":null,"created_at":"1522290175","updated_at":null},{"id":"27706176","caption_id":"129594","seq":"55","text":"\u7531\u6b64\u53ef\u898b\uff0c\u651d\u8db3\u7dad\u751f\u7d20 B12 \u662f\u4eba\u4eba\u90fd\u5f97\u591a\u52a0\u7559\u610f\u7684\u74b0\u7bc0\uff0c\u800c\u7dad\u751f\u7d20 B12 \u7684\u7f3a\u4e4f","translate_comment":"","start":"395.65","dur":"7.919","is_scores":null,"created_at":"1522290175","updated_at":null},{"id":"27706177","caption_id":"129594","seq":"56","text":"\u5c0d\u5927\u773e\u4f86\u8aaa\u5247\u662f\u76f8\u7576\u666e\u904d\u7684\u73fe\u8c61\uff0c\u56e0\u6b64\uff0c\u4e0d\u7ba1\u63a1\u7528\u54ea\u7a2e\u98f2\u98df\u65b9\u5f0f","translate_comment":"","start":"403.569","dur":"4.731","is_scores":null,"created_at":"1522290175","updated_at":null},{"id":"27706178","caption_id":"129594","seq":"57","text":"\u90fd\u9808\u8981\u7559\u610f\u7dad\u751f\u7d20 B12 \u7684\u6c34\u5e73\uff0c\u73fe\u5728\u7e7c\u7e8c\u4e0b\u4e00\u500b\u554f\u984c\u300c\u7dad\u751f\u7d20 B12 \u8a72\u7531\u54ea\u88e1\u53d6\u5f97\uff1f\u300d","translate_comment":"","start":"408.3","dur":"7.56","is_scores":null,"created_at":"1522290175","updated_at":null},{"id":"27706179","caption_id":"129594","seq":"58","text":"\u8acb\u8a18\u5f97\uff0c\u7dad\u751f\u7d20 B12 \u662f\u4f86\u81ea\u7d30\u83cc\uff0c\u6211\u5011\u8178\u9053\u5167\u6709","translate_comment":"","start":"415.86","dur":"5.58","is_scores":null,"created_at":"1522290175","updated_at":null},{"id":"27706180","caption_id":"129594","seq":"59","text":"\u6392\u6cc4\u7269\u4ee5\u53ca\u88fd\u9020\u7dad\u751f\u7d20 B12 \u7684\u7d30\u83cc\uff0c\u4f46\u9019\u4e9b\u80fd\u88fd\u9020\u7dad\u751f\u7d20 B12 \u7684\u7d30\u83cc","translate_comment":"","start":"421.44","dur":"7.25","is_scores":null,"created_at":"1522290175","updated_at":null},{"id":"27706181","caption_id":"129594","seq":"60","text":"\u5927\u90e8\u5206\u90fd\u5b58\u65bc\u5927\u8178\u4e4b\u4e2d\uff0c\u800c\u4f4d\u65bc\u5927\u8178\u4e0b\u7aef\u7684\u5c0f\u8178\u672b\u7aef (\u8ff4\u8178)","translate_comment":"","start":"428.69","dur":"6.75","is_scores":null,"created_at":"1522290175","updated_at":null},{"id":"27706182","caption_id":"129594","seq":"61","text":"\u5247\u662f\u5927\u90e8\u5206\u7684 B12 \u88ab\u5438\u6536\u7684\u5730\u65b9\uff0c\u6240\u4ee5\u8a31\u591a\u8178\u9053\u5167\u6240\u7522\u751f\u7684 B12","translate_comment":"","start":"435.44","dur":"7.92","is_scores":null,"created_at":"1522290175","updated_at":null},{"id":"27706183","caption_id":"129594","seq":"62","text":"\u90fd\u6703\u96a8\u8457\u6392\u6cc4\u7269\u88ab\u6392\u51fa\u9ad4\u5916\uff0c\u4e0d\u904e\u6839\u64da\u4e00\u4e9b\u7814\u7a76\u7684\u986f\u793a","translate_comment":"","start":"443.36","dur":"7.48","is_scores":null,"created_at":"1522290175","updated_at":null},{"id":"27706184","caption_id":"129594","seq":"63","text":"\u4f4d\u65bc\u5c0f\u8178\u5167\u7684\u7d30\u83cc\uff0c\u4e5f\u80fd\u5408\u6210\u975e\u5e38\u5927\u91cf\u7684\u7dad\u751f\u7d20 B12","translate_comment":"","start":"450.84","dur":"8.31","is_scores":null,"created_at":"1522290175","updated_at":null},{"id":"27706185","caption_id":"129594","seq":"64","text":"\u4f46\u8a72\u6578\u91cf\u662f\u5426\u80fd\u9054\u5230\u6211\u5011\u71df\u990a\u4e0a\u7684\u9700\u6c42\uff0c\u76ee\u524d\u5c1a\u4e0d\u660e\u78ba","translate_comment":"","start":"459.15","dur":"6.93","is_scores":null,"created_at":"1522290175","updated_at":null},{"id":"27706186","caption_id":"129594","seq":"65","text":"\u4eba\u985e\u7684\u6392\u6cc4\u7269\u542b\u6709\u5927\u91cf\u7684\u7dad\u751f\u7d20 B12\uff0c\u63a5\u4e0b\u4f86\u7684\u90e8\u5206\u53ef\u80fd\u6703\u8b93\u4eba\u611f\u5230\u4e0d\u8212\u670d","translate_comment":"","start":"466.08","dur":"7.1","is_scores":null,"created_at":"1522290175","updated_at":null},{"id":"27706187","caption_id":"129594","seq":"66","text":"\u5176\u5be6\u6211\u5011\u6709\u6642\u5019\u6703\u4e0d\u5c0f\u5fc3\u5403\u9032\u6392\u6cc4\u7269\uff0c\u9019\u4ef6\u4e8b\u8981\u5e36\u5165","translate_comment":"","start":"473.18","dur":"6.449","is_scores":null,"created_at":"1522290175","updated_at":null},{"id":"27706188","caption_id":"129594","seq":"67","text":"\u53e6\u4e00\u500b\u6e90\u81ea\u7d30\u83cc\u7684\u7dad\u751f\u7d20 B12 \u4f86\u6e90\u2014\u52d5\u7269\u6027\u98df\u54c1\uff0c\u52d5\u7269\u5c31\u548c\u6211\u5011\u4e00\u6a23","translate_comment":"","start":"479.629","dur":"6.301","is_scores":null,"created_at":"1522290175","updated_at":null},{"id":"27706189","caption_id":"129594","seq":"68","text":"\u672c\u8eab\u4e0d\u6703\u88fd\u9020\u7dad\u751f\u7d20 B12\uff0c\u7260\u5011\u662f\u900f\u904e\u76f4\u63a5\u6216\u9593\u63a5\u7684\u65b9\u5f0f\uff0c\u5f9e\u7d30\u83cc\u7372\u5f97\u7dad\u751f\u7d20 B12","translate_comment":"","start":"485.93","dur":"7.989","is_scores":null,"created_at":"1522290175","updated_at":null},{"id":"27706190","caption_id":"129594","seq":"69","text":"\u5728\u98df\u7269\u4e2d\u6dfb\u52a0\u7cde\u4fbf\u5c31\u80fd\u4f7f\u7dad\u751f\u7d20 B12 \u7684\u542b\u91cf\u4e0a\u5347\uff0c\u79d1\u5b78\u5bb6\u751a\u81f3\u767c\u73fe","translate_comment":"","start":"493.919","dur":"7.101","is_scores":null,"created_at":"1522290175","updated_at":null},{"id":"27706191","caption_id":"129594","seq":"70","text":"\u300c\u6dfb\u52a0\u7cde\u4fbf\u7684\u571f\u58e4\u6240\u9577\u51fa\u7684\u83e0\u83dc\u8449\u542b\u6709\u7dad\u751f\u7d20 B12\u300d","translate_comment":"","start":"501.02","dur":"6.74","is_scores":null,"created_at":"1522290175","updated_at":null},{"id":"27706192","caption_id":"129594","seq":"71","text":"\u8a31\u591a\u52d5\u7269\u6027\u98df\u54c1\u4e2d\uff0c\u90fd\u542b\u6709\u5927\u91cf\u88ab\u7d30\u83cc\u6c59\u67d3\u7684\u7cde\u4fbf","translate_comment":"","start":"507.76","dur":"7.38","is_scores":null,"created_at":"1522290175","updated_at":null},{"id":"27706193","caption_id":"129594","seq":"72","text":"\u611f\u8b1d FDA (\u7f8e\u570b\u98df\u54c1\u85e5\u7269\u7ba1\u7406\u5c40) \u7684\u8089\u54c1\u76e3\u6e2c\u8a18\u756b\u8b93\u6211\u5011\u5f97\u77e5\uff0c\u5728\u6536\u96c6\u8d85\u904e\u4e03\u5e74\u7684\u8089\u54c1\u6a23\u672c\u4e2d","translate_comment":"","start":"515.14","dur":"8.24","is_scores":null,"created_at":"1522290175","updated_at":null},{"id":"27706194","caption_id":"129594","seq":"73","text":"\u542b\u6709\u7cde\u4fbf\u7d30\u83cc\u7684\u6a23\u672c\u6bd4\u4f8b\uff0c\u96de\u80f8\u8089\u4f54 98%\u3001\u706b\u96de\u7d5e\u8089\u4f54 94%\u3001\u725b\u7d5e\u8089\u4f54 93%","translate_comment":"","start":"523.38","dur":"10.63","is_scores":null,"created_at":"1522290175","updated_at":null},{"id":"27706195","caption_id":"129594","seq":"74","text":"\u8c6c\u6392\u8089\u7684\u6bd4\u4f8b\u7a0d\u4f4e\uff0c\u4f54 86.9%\uff0c\u4f46\u542b\u91cf\u4ecd\u975e\u5e38\u9ad8\uff0c\u755c\u7267\u696d\u751a\u81f3\u6703","translate_comment":"","start":"534.01","dur":"9.15","is_scores":null,"created_at":"1522290175","updated_at":null},{"id":"27706196","caption_id":"129594","seq":"75","text":"\u4f7f\u7528\u67d0\u4e9b\u52d5\u7269\u7684\u7cde\u4fbf\u4f86\u98fc\u990a\u5176\u4ed6\u52d5\u7269\uff0c\u96d6\u7136\u9019\u6a23","translate_comment":"","start":"543.16","dur":"6.32","is_scores":null,"created_at":"1522290175","updated_at":null},{"id":"27706197","caption_id":"129594","seq":"76","text":"\u53ef\u63d0\u9ad8\u8089\u54c1\u7684\u7dad\u751f\u7d20 B12 \u542b\u91cf\uff0c\u4f46\u540c\u6642\u4e5f\u6703\u9020\u6210\u56b4\u91cd\u7684\u5065\u5eb7\u554f\u984c","translate_comment":"","start":"549.48","dur":"7.15","is_scores":null,"created_at":"1522290175","updated_at":null},{"id":"27706198","caption_id":"129594","seq":"77","text":"\u9664\u4e86\u7531\u7d30\u83cc\u6c59\u67d3\u6240\u9020\u6210\u7684\u76f8\u95dc\u611f\u67d3\u6027\u75be\u75c5\u5916","translate_comment":"","start":"556.63","dur":"6.45","is_scores":null,"created_at":"1522290175","updated_at":null},{"id":"27706199","caption_id":"129594","seq":"78","text":"\u52d5\u7269\u6027\u98df\u54c1\u2014\u4e0d\u7ba1\u591a\u885b\u751f\uff0c\u90fd\u4e0d\u662f\u6700\u597d\u7684\u7dad\u751f\u7d20 B12 \u4f86\u6e90","translate_comment":"","start":"563.08","dur":"5.15","is_scores":null,"created_at":"1522290175","updated_at":null},{"id":"27706200","caption_id":"129594","seq":"79","text":"\u56e0\u70ba\u98df\u7528\u52d5\u7269\u6027\u98df\u54c1\uff0c\u6703\u9020\u6210\u9ad4\u5167\u67d0\u4e9b\u7269\u8cea\u7684\u589e\u52a0","translate_comment":"","start":"568.23","dur":"6.22","is_scores":null,"created_at":"1522290175","updated_at":null},{"id":"27706201","caption_id":"129594","seq":"80","text":"\u5982\u4fc3\u764c\u6fc0\u7d20 IGF-1\u3001\u81bd\u56fa\u9187\u3001\u6c27\u5316\u4e09\u7532\u80fa\u3001\u78f7\u3001\u8840\u57fa\u8cea\u9435\uff0c\u4ee5\u53ca\u5176\u4ed6","translate_comment":"","start":"574.45","dur":"8.79","is_scores":null,"created_at":"1522290175","updated_at":null},{"id":"27706202","caption_id":"129594","seq":"81","text":"\u6703\u5f71\u97ff\u5065\u5eb7\u7684\u7269\u8cea\uff0c\u6dfb\u52a0\u7dad\u751f\u7d20 B12 \u7684\u690d\u7269\u6027\u98df\u54c1\uff0c\u624d\u662f\u8f03\u7406\u60f3\u7684\u7dad\u751f\u7d20 B12 \u4f86\u6e90","translate_comment":"","start":"583.24","dur":"6.409","is_scores":null,"created_at":"1522290175","updated_at":null},{"id":"27706203","caption_id":"129594","seq":"82","text":"\u50cf\u975e\u52d5\u7269\u6027\u7684\u690d\u7269\u5976\u548c\u71df\u990a\u9175\u6bcd\u4e4b\u985e\u7684\u98df\u54c1\uff0c\u800c\u67d0\u4e9b\u690d\u7269","translate_comment":"","start":"589.649","dur":"7.111","is_scores":null,"created_at":"1522290175","updated_at":null},{"id":"27706204","caption_id":"129594","seq":"83","text":"\u4e5f\u5bcc\u542b\u7dad\u751f\u7d20 B12\uff0c\u9019\u662f\u56e0\u70ba\u5728\u751f\u7522\u7684\u904e\u7a0b\u4e2d","translate_comment":"","start":"596.76","dur":"6.86","is_scores":null,"created_at":"1522290175","updated_at":null},{"id":"27706205","caption_id":"129594","seq":"84","text":"\u906d\u5230\u4e86\u7d30\u83cc\u7684\u6c59\u67d3\uff0c\u6216\u662f\u56e0\u70ba\u5b83\u5011\u548c\u7d30\u83cc\u5171\u751f\u7684\u95dc\u4fc2","translate_comment":"","start":"603.62","dur":"8.02","is_scores":null,"created_at":"1522290175","updated_at":null},{"id":"27706206","caption_id":"129594","seq":"85","text":"\u4f8b\u5982\uff0c\u9019\u7bc7\u71df\u990a\u96dc\u8a8c\u7684\u6587\u7ae0\uff0c\u6307\u51fa\u4ee5\u4e0b\u5e7e\u7a2e\u542b\u6709\u7dad\u751f\u7d20 B12 \u7684\u98df\u7269\uff1a","translate_comment":"","start":"611.64","dur":"8.2","is_scores":null,"created_at":"1522290175","updated_at":null},{"id":"27706207","caption_id":"129594","seq":"86","text":"\u5929\u8c9d\u2014\u4e00\u7a2e\u9ec3\u8c46\u767c\u9175\u98df\u54c1\uff0c\u5176\u751f\u7522\u9700\u85c9\u7d30\u83cc\u4f86\u767c\u9175","translate_comment":"","start":"619.84","dur":"7.04","is_scores":null,"created_at":"1522290175","updated_at":null},{"id":"27706208","caption_id":"129594","seq":"87","text":"\u4ee5\u53ca\u85c9\u7d30\u83cc\u767c\u9175\u7684\u852c\u83dc\u7522\u54c1\u3001\u5404\u5f0f\u5404\u6a23\u7684\u8336\u8449\u3001","translate_comment":"","start":"626.88","dur":"5.97","is_scores":null,"created_at":"1522290175","updated_at":null},{"id":"27706209","caption_id":"129594","seq":"88","text":"\u9999\u83c7\u7684\u5b50\u5be6\u9ad4\uff0c\u8207\u5176\u4ed6\u985e\u578b\u7684\u8548\u985e\uff0c\u7576\u7136\uff0c\u9084\u6709\u88ab\u5927\u91cf\u98df\u7528\u7684\u85fb\u985e","translate_comment":"","start":"632.85","dur":"7.229","is_scores":null,"created_at":"1522290175","updated_at":null},{"id":"27706210","caption_id":"129594","seq":"89","text":"\u90fd\u542b\u6709\u6216\u591a\u6216\u5c11\u7684\u7dad\u751f\u7d20 B12\uff0c\u5728\u672a\u7d93\u6d88\u83cc\u7684\u6e56\u6c34\u4e2d\uff0c\u4e5f\u53ef\u4ee5\u767c\u73fe\u7dad\u751f\u7d20 B12","translate_comment":"","start":"640.079","dur":"9.531","is_scores":null,"created_at":"1522290175","updated_at":null},{"id":"27706211","caption_id":"129594","seq":"90","text":"\u96d6\u7136\u4e00\u822c\u4f86\u8aaa\uff0c\u6211\u5011\u4e0d\u9f13\u52f5\u751f\u98f2\u6e56\u6c34","translate_comment":"","start":"649.61","dur":"5.26","is_scores":null,"created_at":"1522290175","updated_at":null},{"id":"27706212","caption_id":"129594","seq":"91","text":"\u4f46\u6211\u5011\u4e5f\u80fd\u85c9\u7531\u9019\u4ef6\u4e8b\u518d\u6b21\u4e86\u89e3\u5230\uff0c\u7dad\u751f\u7d20 B12 \u6e90\u81ea\u7d30\u83cc\uff0c\u800c\u975e\u4f86\u81ea\u52d5\u7269","translate_comment":"","start":"654.87","dur":"5.77","is_scores":null,"created_at":"1522290175","updated_at":null},{"id":"27706213","caption_id":"129594","seq":"92","text":"\u518d\u91cd\u8907\u4e00\u6b21\uff0c\u82e5\u70ba\u4e86\u8b93\u98f2\u98df\u4e2d\u51fa\u73fe\u66f4\u591a\u80fd\u5920\u88fd\u9020\u7dad\u751f\u7d20 B12 \u7684\u7d30\u83cc","translate_comment":"","start":"660.64","dur":"6.08","is_scores":null,"created_at":"1522290175","updated_at":null},{"id":"27706214","caption_id":"129594","seq":"93","text":"\u800c\u56de\u982d\u64a4\u9664\u98df\u54c1\u885b\u751f\u898f\u7bc4\u6050\u6015\u4e0d\u6070\u7576\uff0c\u56e0\u70ba\u7d30\u83cc\u4e5f\u53ef\u80fd\u5c0e\u81f4\u75be\u75c5","translate_comment":"","start":"666.72","dur":"6.07","is_scores":null,"created_at":"1522290175","updated_at":null},{"id":"27706215","caption_id":"129594","seq":"94","text":"\u800c\u900f\u904e\u52d5\u7269\u6027\u98df\u54c1\u4f86\u53d6\u5f97\u7dad\u751f\u7d20 B12 \u4e5f\u4e0d\u662f\u4e00\u7a2e\u597d\u65b9\u6cd5","translate_comment":"","start":"672.79","dur":"6.299","is_scores":null,"created_at":"1522290175","updated_at":null},{"id":"27706216","caption_id":"129594","seq":"95","text":"\u56e0\u70ba\u5b83\u6703\u9020\u6210\u524d\u9762\u6240\u63d0\u5230\u7684\u90a3\u4e9b\u554f\u984c\uff0c\u7d93\u7531\u52d5\u7269\u6027\u98df\u54c1\u800c\u7522\u751f\u7684\u5065\u5eb7\u554f\u984c","translate_comment":"","start":"679.089","dur":"4.541","is_scores":null,"created_at":"1522290175","updated_at":null},{"id":"27706217","caption_id":"129594","seq":"96","text":"\u5c31\u5065\u5eb7\u7684\u89d2\u5ea6\u800c\u8a00\uff0c\u4ee5\u690d\u7269\u6027\u98df\u54c1\u70ba\u4e3b\u7684\u300c\u7d14\u7d20\u98f2\u98df\u300d\u624d\u662f\u6700\u7406\u60f3\u7684\uff0c\u5982\u540c\u54c8\u4f5b","translate_comment":"","start":"683.63","dur":"6.54","is_scores":null,"created_at":"1522290175","updated_at":null},{"id":"27706218","caption_id":"129594","seq":"97","text":"\u300c\u5065\u5eb7\u98f2\u98df\u9910\u76e4\u300d\u7684\u5efa\u8b70\u2014\u9078\u64c7\u852c\u98df\uff0c\u4ee5\u690d\u7269\u70ba\u4e3b\u7684\u98f2\u98df\u65b9\u5f0f\u662f\u6700\u4f73\u7684","translate_comment":"","start":"690.17","dur":"6.09","is_scores":null,"created_at":"1522290175","updated_at":null},{"id":"27706219","caption_id":"129594","seq":"98","text":"\u6240\u4ee5\u6211\u7684\u5efa\u8b70\u662f\uff1a\u5b9a\u671f\u6aa2\u9a57\u7dad\u751f\u7d20 B12 \u6c34\u5e73\uff0c\u6216\u670d\u7528\u88dc\u5145\u5291\uff0c\u6216\u8005\u5169\u8005\u4e26\u884c","translate_comment":"","start":"696.26","dur":"7.55","is_scores":null,"created_at":"1522290175","updated_at":null},{"id":"27706220","caption_id":"129594","seq":"99","text":"\u9084\u6709\uff0c\u98df\u7528\u6dfb\u52a0\u7dad\u751f\u7d20 B12 \u7684\u98df\u54c1\uff0c\u6211\u500b\u4eba\u4e26\u6c92\u6709","translate_comment":"","start":"703.81","dur":"6.12","is_scores":null,"created_at":"1522290175","updated_at":null},{"id":"27706221","caption_id":"129594","seq":"100","text":"\u670d\u7528\u7dad\u751f\u7d20 B12 \u88dc\u5145\u5291\uff0c\u4f46\u6211\u6bcf\u5e74\u90fd\u6703\u505a\u7dad\u751f\u7d20 B12 \u6c34\u5e73\u6aa2\u9a57\uff0c\u6211\u63a1\u852c\u98df\u70ba\u4e3b\u7684\u7d14\u7d20\u98f2\u98df","translate_comment":"","start":"709.93","dur":"5.88","is_scores":null,"created_at":"1522290175","updated_at":null},{"id":"27706222","caption_id":"129594","seq":"101","text":"\u4e0d\u5403\u4efb\u4f55\u52d5\u7269\u88fd\u54c1\uff0c\u5df2\u6709\u4e94\u5e74\u4e4b\u4e45\uff0c\u800c\u6211\u6700\u8fd1\u671f\u7684","translate_comment":"","start":"715.81","dur":"7.12","is_scores":null,"created_at":"1522290175","updated_at":null},{"id":"27706223","caption_id":"129594","seq":"102","text":"\u5e74\u5ea6\u5065\u5eb7\u6aa2\u67e5\u5831\u544a\u986f\u793a\uff0c\u7dad\u751f\u7d20 B12 \u6c34\u5e73\u70ba 884 pg\/mL (\u6bcf\u6beb\u5347\u542b 884 \u76ae\u514b) \u5728\u6b63\u5e38\u7bc4\u570d\u5167","translate_comment":"","start":"722.93","dur":"7.55","is_scores":null,"created_at":"1522290175","updated_at":null},{"id":"27706224","caption_id":"129594","seq":"103","text":"\u5047\u4f7f\u6578\u503c\u4e0d\u5728\u6b63\u5e38\u7bc4\u570d\u5167\uff0c\u6211\u53ea\u8981\u670d\u7528\u88dc\u5145\u5291\u5373\u53ef\uff0c\u9019\u5f88\u5bb9\u6613\u89e3\u6c7a","translate_comment":"","start":"730.48","dur":"5.76","is_scores":null,"created_at":"1522290175","updated_at":null},{"id":"27706225","caption_id":"129594","seq":"104","text":"\u7576\u7136\u6211\u4e5f\u6703\u6301\u7e8c\u7559\u610f\u6211\u7684\u7dad\u751f\u7d20 B12 \u6c34\u5e73\uff0c\u4e5f\u5efa\u8b70\u6240\u6709\u7684\u7d14\u7d20\u8005","translate_comment":"","start":"736.24","dur":"4.98","is_scores":null,"created_at":"1522290175","updated_at":null},{"id":"27706226","caption_id":"129594","seq":"105","text":"\u8207\u975e\u7d14\u7d20\u8005\u90fd\u9019\u9ebc\u505a\uff0c\u975e\u5e38\u611f\u8b1d\u5927\u5bb6","translate_comment":"","start":"741.22","dur":"4.04","is_scores":null,"created_at":"1522290175","updated_at":null}]}