{"en":[{"id":"24575664","caption_id":"117343","seq":"1","text":"- Like, South by oh-nine.","translate_comment":"","start":"0.051","dur":"2.415","is_scores":null,"created_at":"1513480429","updated_at":null},{"id":"24575665","caption_id":"117343","seq":"2","text":"I like all the  different scenes, right?","translate_comment":"","start":"2.466","dur":"2.043","is_scores":null,"created_at":"1513480429","updated_at":null},{"id":"24575666","caption_id":"117343","seq":"3","text":"Like when I'm fat and bitter.","translate_comment":"","start":"4.509","dur":"2.341","is_scores":null,"created_at":"1513480429","updated_at":null},{"id":"24575667","caption_id":"117343","seq":"4","text":"You know, it's kind of like those athlete videos,","translate_comment":"","start":"6.85","dur":"2.599","is_scores":null,"created_at":"1513480429","updated_at":null},{"id":"24575668","caption_id":"117343","seq":"5","text":"like Jordan, Jeter.","translate_comment":"","start":"9.449","dur":"1.091","is_scores":null,"created_at":"1513480429","updated_at":null},{"id":"24575669","caption_id":"117343","seq":"6","text":"It's like a Nike video.","translate_comment":"","start":"10.54","dur":"1.174","is_scores":null,"created_at":"1513480429","updated_at":null},{"id":"24575670","caption_id":"117343","seq":"7","text":"(light music)","translate_comment":"","start":"11.714","dur":"2.84","is_scores":null,"created_at":"1513480429","updated_at":null},{"id":"24575671","caption_id":"117343","seq":"8","text":"It's kind of almost like that fuck you video.","translate_comment":"","start":"17.926","dur":"2.582","is_scores":null,"created_at":"1513480429","updated_at":null},{"id":"24575672","caption_id":"117343","seq":"9","text":"Yeah, it's kind of like --","translate_comment":"","start":"20.508","dur":"1.904","is_scores":null,"created_at":"1513480429","updated_at":null},{"id":"24575673","caption_id":"117343","seq":"10","text":"- [Man] Start from the bottom, <a href=\"#post_comment_1\"><strong>hustled<\/strong> <i class=\"icon-star\"><\/i><\/a> your way up.","translate_comment":"","start":"22.412","dur":"2.159","is_scores":null,"created_at":"1513480429","updated_at":null},{"id":"24575674","caption_id":"117343","seq":"11","text":"- Yeah, it's the same old shit","translate_comment":"","start":"24.571","dur":"1.486","is_scores":null,"created_at":"1513480429","updated_at":null},{"id":"24575675","caption_id":"117343","seq":"12","text":"because it's my true narrative, which is like,","translate_comment":"","start":"26.057","dur":"3.065","is_scores":null,"created_at":"1513480429","updated_at":null},{"id":"24575676","caption_id":"117343","seq":"13","text":"you think it's because  my dad gave me,","translate_comment":"","start":"29.122","dur":"3.46","is_scores":null,"created_at":"1513480429","updated_at":null},{"id":"24575677","caption_id":"117343","seq":"14","text":"it's like all the things that people are against you for.","translate_comment":"","start":"32.582","dur":"4.272","is_scores":null,"created_at":"1513480429","updated_at":null},{"id":"24575678","caption_id":"117343","seq":"15","text":"It's like -- - [Man] Shove it in their face.","translate_comment":"","start":"36.854","dur":"1.95","is_scores":null,"created_at":"1513480429","updated_at":null},{"id":"24575679","caption_id":"117343","seq":"16","text":"- Mhmm.","translate_comment":"","start":"38.804","dur":"1.835","is_scores":null,"created_at":"1513480429","updated_at":null},{"id":"24575680","caption_id":"117343","seq":"17","text":"(building music)","translate_comment":"","start":"40.639","dur":"2.97","is_scores":null,"created_at":"1513480429","updated_at":null},{"id":"24575681","caption_id":"117343","seq":"18","text":"On my 30th birthday, I looked myself","translate_comment":"","start":"49.23","dur":"1.904","is_scores":null,"created_at":"1513480429","updated_at":null},{"id":"24575682","caption_id":"117343","seq":"19","text":"in my rear view mirror as I was driving from New York","translate_comment":"","start":"51.134","dur":"2.507","is_scores":null,"created_at":"1513480429","updated_at":null},{"id":"24575683","caption_id":"117343","seq":"20","text":"to New Jersey, and I said,  \"You're not behaving","translate_comment":"","start":"53.641","dur":"4.551","is_scores":null,"created_at":"1513480429","updated_at":null},{"id":"24575684","caption_id":"117343","seq":"21","text":"\"to <a href=\"#post_comment_2\"><strong>back up<\/strong><i class=\"icon-star\"><\/i><\/a> your own words.\"","translate_comment":"","start":"58.192","dur":"1.727","is_scores":null,"created_at":"1513480429","updated_at":null},{"id":"24575685","caption_id":"117343","seq":"22","text":"And eight weeks later, I started Wine Library TV on YouTube.","translate_comment":"","start":"59.919","dur":"3.088","is_scores":null,"created_at":"1513480429","updated_at":null},{"id":"24575686","caption_id":"117343","seq":"23","text":"And started the process of changing my career.","translate_comment":"","start":"63.007","dur":"2.098","is_scores":null,"created_at":"1513480429","updated_at":null},{"id":"24575687","caption_id":"117343","seq":"24","text":"I have massive empathy,  It's not so awesome right now.","translate_comment":"","start":"70.206","dur":"4.103","is_scores":null,"created_at":"1513480429","updated_at":null},{"id":"24575688","caption_id":"117343","seq":"25","text":"You're hoping for  that thing. I get it.","translate_comment":"","start":"74.309","dur":"2.043","is_scores":null,"created_at":"1513480429","updated_at":null},{"id":"24575689","caption_id":"117343","seq":"26","text":"I get it so much  you can't imgaine.","translate_comment":"","start":"76.352","dur":"1.695","is_scores":null,"created_at":"1513480429","updated_at":null},{"id":"24575690","caption_id":"117343","seq":"27","text":"I get 10,000 emails a day of, \"Can't I just do this?\"","translate_comment":"","start":"78.047","dur":"3.437","is_scores":null,"created_at":"1513480429","updated_at":null},{"id":"24575691","caption_id":"117343","seq":"28","text":"No. You can't. (laughs)","translate_comment":"","start":"81.484","dur":"2.74","is_scores":null,"created_at":"1513480429","updated_at":null},{"id":"24575692","caption_id":"117343","seq":"29","text":"If it was so easy.","translate_comment":"","start":"84.224","dur":"1.764","is_scores":null,"created_at":"1513480429","updated_at":null},{"id":"24575693","caption_id":"117343","seq":"30","text":"If it was so damn easy,","translate_comment":"","start":"85.988","dur":"2.067","is_scores":null,"created_at":"1513480429","updated_at":null},{"id":"24575694","caption_id":"117343","seq":"31","text":"don't you think we'd  all choose that?","translate_comment":"","start":"88.055","dur":"2.82","is_scores":null,"created_at":"1513480429","updated_at":null},{"id":"24575695","caption_id":"117343","seq":"32","text":"- [Woman] Do you know how many kids feel less than","translate_comment":"","start":"94.138","dur":"2.67","is_scores":null,"created_at":"1513480429","updated_at":null},{"id":"24575696","caption_id":"117343","seq":"33","text":"because they didn't have a chance to go to school.","translate_comment":"","start":"96.808","dur":"2.415","is_scores":null,"created_at":"1513480429","updated_at":null},{"id":"24575697","caption_id":"117343","seq":"34","text":"They're not this.  They're not that.","translate_comment":"","start":"99.223","dur":"2.913","is_scores":null,"created_at":"1513480429","updated_at":null},{"id":"24575698","caption_id":"117343","seq":"35","text":"And then you look at someone like GaryVee, and he admits,","translate_comment":"","start":"102.136","dur":"4.424","is_scores":null,"created_at":"1513480429","updated_at":null},{"id":"24575699","caption_id":"117343","seq":"36","text":"he said in public,  that he got D's and F's,","translate_comment":"","start":"106.56","dur":"3.994","is_scores":null,"created_at":"1513480429","updated_at":null},{"id":"24575700","caption_id":"117343","seq":"37","text":"and look at where he is now.","translate_comment":"","start":"110.554","dur":"2.084","is_scores":null,"created_at":"1513480429","updated_at":null},{"id":"24575701","caption_id":"117343","seq":"38","text":"Do you know what kind of hope that creates?","translate_comment":"","start":"112.638","dur":"2.22","is_scores":null,"created_at":"1513480429","updated_at":null},{"id":"24575702","caption_id":"117343","seq":"39","text":"- It's a long game. I was told","translate_comment":"","start":"114.858","dur":"1.222","is_scores":null,"created_at":"1513480429","updated_at":null},{"id":"24575703","caption_id":"117343","seq":"40","text":"betwen 7 years old and 18 year olds that I lost.","translate_comment":"","start":"116.08","dur":"3.947","is_scores":null,"created_at":"1513480429","updated_at":null},{"id":"24575704","caption_id":"117343","seq":"41","text":"That I was a loser becase this is what I got. F City, baby!","translate_comment":"","start":"120.027","dur":"3.205","is_scores":null,"created_at":"1513480429","updated_at":null},{"id":"24575705","caption_id":"117343","seq":"42","text":"But when I saw F City,  I knew inside","translate_comment":"","start":"123.232","dur":"2.056","is_scores":null,"created_at":"1513480429","updated_at":null},{"id":"24575706","caption_id":"117343","seq":"43","text":"that this was not the game that I was gonna play.","translate_comment":"","start":"125.288","dur":"2.038","is_scores":null,"created_at":"1513480429","updated_at":null},{"id":"24575707","caption_id":"117343","seq":"44","text":"I was patient. I <a href=\"#post_comment_3\"><strong>ate crow<\/strong>\u00a0<i class=\"icon-star\"><\/i><\/a> in that 12-year period","translate_comment":"","start":"127.326","dur":"3.064","is_scores":null,"created_at":"1513480429","updated_at":null},{"id":"24575708","caption_id":"117343","seq":"45","text":"while the market and the machine told me I wasn't gonna win.","translate_comment":"","start":"130.39","dur":"3.809","is_scores":null,"created_at":"1513480429","updated_at":null},{"id":"24575709","caption_id":"117343","seq":"46","text":"I knew what my outcome was.","translate_comment":"","start":"134.199","dur":"1.532","is_scores":null,"created_at":"1513480429","updated_at":null},{"id":"24575710","caption_id":"117343","seq":"47","text":"And you may now be in your 20s and 30s and 40s.","translate_comment":"","start":"135.731","dur":"3.274","is_scores":null,"created_at":"1513480429","updated_at":null},{"id":"24575711","caption_id":"117343","seq":"48","text":"And the machine, the marketplace might be telling you","translate_comment":"","start":"139.005","dur":"2.432","is_scores":null,"created_at":"1513480429","updated_at":null},{"id":"24575712","caption_id":"117343","seq":"49","text":"that you're gonna lose, but it is about <a href=\"#post_comment_4\"><strong>staying the course<\/strong><i class=\"icon-star\"><\/i><\/a>","translate_comment":"","start":"141.437","dur":"2.978","is_scores":null,"created_at":"1513480429","updated_at":null},{"id":"24575713","caption_id":"117343","seq":"50","text":"and putting in the work and positioning yourself","translate_comment":"","start":"144.415","dur":"2.113","is_scores":null,"created_at":"1513480429","updated_at":null},{"id":"24575714","caption_id":"117343","seq":"51","text":"in the right position  to go out and win.","translate_comment":"","start":"146.528","dur":"3.483","is_scores":null,"created_at":"1513480429","updated_at":null},{"id":"24575715","caption_id":"117343","seq":"52","text":"You know why I'm  sitting here right now?","translate_comment":"","start":"150.011","dur":"1.163","is_scores":null,"created_at":"1513480429","updated_at":null},{"id":"24575716","caption_id":"117343","seq":"53","text":"'Cause I outworked you. Zoom in.","translate_comment":"","start":"151.174","dur":"2.389","is_scores":null,"created_at":"1513480429","updated_at":null},{"id":"24575717","caption_id":"117343","seq":"54","text":"I outworked you.","translate_comment":"","start":"153.563","dur":"1.486","is_scores":null,"created_at":"1513480429","updated_at":null},{"id":"24575718","caption_id":"117343","seq":"55","text":"I think a lot of people feel this enormous pressure","translate_comment":"","start":"155.049","dur":"2.485","is_scores":null,"created_at":"1513480429","updated_at":null},{"id":"24575719","caption_id":"117343","seq":"56","text":"to achieve this millionaire, billionaire status","translate_comment":"","start":"157.534","dur":"3.227","is_scores":null,"created_at":"1513480429","updated_at":null},{"id":"24575720","caption_id":"117343","seq":"57","text":"somewhere in their  20s, 30s, 40s.","translate_comment":"","start":"160.761","dur":"2.136","is_scores":null,"created_at":"1513480429","updated_at":null},{"id":"24575721","caption_id":"117343","seq":"58","text":"It's very difficult. It is for very few and far between.","translate_comment":"","start":"162.897","dur":"3.553","is_scores":null,"created_at":"1513480429","updated_at":null},{"id":"24575722","caption_id":"117343","seq":"59","text":"I hope everybody understands.","translate_comment":"","start":"166.45","dur":"1.114","is_scores":null,"created_at":"1513480429","updated_at":null},{"id":"24575723","caption_id":"117343","seq":"60","text":"If you put in 18 hours every day of your life,","translate_comment":"","start":"167.564","dur":"2.041","is_scores":null,"created_at":"1513480429","updated_at":null},{"id":"24575724","caption_id":"117343","seq":"61","text":"and you suck shit, you lost.","translate_comment":"","start":"169.605","dur":"2.055","is_scores":null,"created_at":"1513480429","updated_at":null},{"id":"24575725","caption_id":"117343","seq":"62","text":"(group laughs)","translate_comment":"","start":"171.66","dur":"2.188","is_scores":null,"created_at":"1513480429","updated_at":null},{"id":"24575726","caption_id":"117343","seq":"63","text":"That matters, too.","translate_comment":"","start":"173.848","dur":"1.277","is_scores":null,"created_at":"1513480429","updated_at":null},{"id":"24575727","caption_id":"117343","seq":"64","text":"And so you also have to think about what are you good at.","translate_comment":"","start":"175.125","dur":"3.042","is_scores":null,"created_at":"1513480429","updated_at":null},{"id":"24575728","caption_id":"117343","seq":"65","text":"Just cause it's cool to be a start up founder now","translate_comment":"","start":"178.167","dur":"2.043","is_scores":null,"created_at":"1513480429","updated_at":null},{"id":"24575729","caption_id":"117343","seq":"66","text":"doesn't mean that's what you need to become.","translate_comment":"","start":"180.21","dur":"2.441","is_scores":null,"created_at":"1513480429","updated_at":null},{"id":"24575730","caption_id":"117343","seq":"67","text":"In early 2006,  I started Wine Library TV.","translate_comment":"","start":"185.011","dur":"3.186","is_scores":null,"created_at":"1513480429","updated_at":null},{"id":"24575731","caption_id":"117343","seq":"68","text":"For 19 months I did that show five days a week,","translate_comment":"","start":"188.197","dur":"2.624","is_scores":null,"created_at":"1513480429","updated_at":null},{"id":"24575732","caption_id":"117343","seq":"69","text":"and nobody gave a shit.","translate_comment":"","start":"190.821","dur":"2.252","is_scores":null,"created_at":"1513480429","updated_at":null},{"id":"24575733","caption_id":"117343","seq":"70","text":"Hello, everyone and welcome to the first episode","translate_comment":"","start":"193.073","dur":"1.752","is_scores":null,"created_at":"1513480429","updated_at":null},{"id":"24575734","caption_id":"117343","seq":"71","text":"of Wine Library TV.","translate_comment":"","start":"194.825","dur":"1.936","is_scores":null,"created_at":"1513480429","updated_at":null},{"id":"24575735","caption_id":"117343","seq":"72","text":"I am Gary Vaynerchuk, Director of Operations","translate_comment":"","start":"196.761","dur":"1.927","is_scores":null,"created_at":"1513480429","updated_at":null},{"id":"24575736","caption_id":"117343","seq":"73","text":"here at Wine Library and WineLibrary.com,","translate_comment":"","start":"198.688","dur":"2.415","is_scores":null,"created_at":"1513480429","updated_at":null},{"id":"24575737","caption_id":"117343","seq":"74","text":"and I am very proud to launch what we think","translate_comment":"","start":"201.103","dur":"2.74","is_scores":null,"created_at":"1513480429","updated_at":null},{"id":"24575738","caption_id":"117343","seq":"75","text":"is the first video wine blog.","translate_comment":"","start":"203.843","dur":"2.67","is_scores":null,"created_at":"1513480429","updated_at":null},{"id":"24575739","caption_id":"117343","seq":"76","text":"- [Interviewer] Your first video got how may views?","translate_comment":"","start":"206.513","dur":"1.556","is_scores":null,"created_at":"1513480429","updated_at":null},{"id":"24575740","caption_id":"117343","seq":"77","text":"- 30, 75. I mean, nobody watched","translate_comment":"","start":"208.069","dur":"2.786","is_scores":null,"created_at":"1513480429","updated_at":null},{"id":"24575741","caption_id":"117343","seq":"78","text":"Things like writing emails, which I get 50 of them","translate_comment":"","start":"210.855","dur":"2.314","is_scores":null,"created_at":"1513480429","updated_at":null},{"id":"24575742","caption_id":"117343","seq":"79","text":"a day from  entrepreneurs of like,","translate_comment":"","start":"213.169","dur":"1.799","is_scores":null,"created_at":"1513480429","updated_at":null},{"id":"24575743","caption_id":"117343","seq":"80","text":"\"Hey, I know you were talking about patience.","translate_comment":"","start":"214.968","dur":"2.505","is_scores":null,"created_at":"1513480429","updated_at":null},{"id":"24575744","caption_id":"117343","seq":"81","text":"\"I've been doing this.  It's not working. Traction.","translate_comment":"","start":"217.473","dur":"2.484","is_scores":null,"created_at":"1513480429","updated_at":null},{"id":"24575745","caption_id":"117343","seq":"82","text":"\"Should I give up and  do something else?\"","translate_comment":"","start":"219.957","dur":"1.834","is_scores":null,"created_at":"1513480429","updated_at":null},{"id":"24575746","caption_id":"117343","seq":"83","text":"Inevitably, I'll email  back and be like,","translate_comment":"","start":"221.791","dur":"1.532","is_scores":null,"created_at":"1513480429","updated_at":null},{"id":"24575747","caption_id":"117343","seq":"84","text":"\"How long have you  been doing it?\"","translate_comment":"","start":"223.323","dur":"1","is_scores":null,"created_at":"1513480429","updated_at":null},{"id":"24575748","caption_id":"117343","seq":"85","text":"\"Oh, four months,\"","translate_comment":"","start":"224.323","dur":"0.898","is_scores":null,"created_at":"1513480429","updated_at":null},{"id":"24575749","caption_id":"117343","seq":"86","text":"and I'm like, \"Fuck you.\"","translate_comment":"","start":"225.221","dur":"1.41","is_scores":null,"created_at":"1513480429","updated_at":null},{"id":"24575750","caption_id":"117343","seq":"87","text":"(laughter)","translate_comment":"","start":"226.631","dur":"1.278","is_scores":null,"created_at":"1513480429","updated_at":null},{"id":"24575751","caption_id":"117343","seq":"88","text":"You want this to be your life, and you're giving up","translate_comment":"","start":"227.909","dur":"1.811","is_scores":null,"created_at":"1513480429","updated_at":null},{"id":"24575752","caption_id":"117343","seq":"89","text":"after four months?","translate_comment":"","start":"229.72","dur":"1.486","is_scores":null,"created_at":"1513480429","updated_at":null},{"id":"24575753","caption_id":"117343","seq":"90","text":"Are you out of your mind?","translate_comment":"","start":"231.206","dur":"1.393","is_scores":null,"created_at":"1513480429","updated_at":null},{"id":"24575754","caption_id":"117343","seq":"91","text":"Patience is  grossly underestimated.","translate_comment":"","start":"232.599","dur":"2.298","is_scores":null,"created_at":"1513480429","updated_at":null},{"id":"24575755","caption_id":"117343","seq":"92","text":"I was very successful when my wine business was growing.","translate_comment":"","start":"234.897","dur":"2.926","is_scores":null,"created_at":"1513480429","updated_at":null},{"id":"24575756","caption_id":"117343","seq":"93","text":"Now I start doing the show  and spending all of my time","translate_comment":"","start":"237.823","dur":"2.02","is_scores":null,"created_at":"1513480429","updated_at":null},{"id":"24575757","caption_id":"117343","seq":"94","text":"trying to promote the show.","translate_comment":"","start":"239.843","dur":"1.695","is_scores":null,"created_at":"1513480429","updated_at":null},{"id":"24575758","caption_id":"117343","seq":"95","text":"And the sales of Wine Library start <a href=\"#post_comment_5\"><strong>flattening out<\/strong><i class=\"icon-star\"><\/i><\/a>","translate_comment":"","start":"241.538","dur":"2.415","is_scores":null,"created_at":"1513480429","updated_at":null},{"id":"24575759","caption_id":"117343","seq":"96","text":"'cause I was the engine.","translate_comment":"","start":"243.953","dur":"1.277","is_scores":null,"created_at":"1513480429","updated_at":null},{"id":"24575760","caption_id":"117343","seq":"97","text":"The show wasn't getting watched, but I knew this was right.","translate_comment":"","start":"245.23","dur":"2.043","is_scores":null,"created_at":"1513480429","updated_at":null},{"id":"24575761","caption_id":"117343","seq":"98","text":"And the show really didn't take off","translate_comment":"","start":"247.273","dur":"1.904","is_scores":null,"created_at":"1513480429","updated_at":null},{"id":"24575762","caption_id":"117343","seq":"99","text":"until mid-2007, a year and a half in of five days a week","translate_comment":"","start":"249.177","dur":"4.401","is_scores":null,"created_at":"1513480429","updated_at":null},{"id":"24575763","caption_id":"117343","seq":"100","text":"doing a show,  getting only hundreds,","translate_comment":"","start":"253.578","dur":"1.632","is_scores":null,"created_at":"1513480429","updated_at":null},{"id":"24575764","caption_id":"117343","seq":"101","text":"then a couple thousand views.","translate_comment":"","start":"255.21","dur":"2.623","is_scores":null,"created_at":"1513480429","updated_at":null},{"id":"24575765","caption_id":"117343","seq":"102","text":"- Gotta keep putting in the work. Every day.","translate_comment":"","start":"257.833","dur":"1.602","is_scores":null,"created_at":"1513480429","updated_at":null},{"id":"24575766","caption_id":"117343","seq":"103","text":"One is better than zero.  Gotta keep putting in the work.","translate_comment":"","start":"259.435","dur":"1.922","is_scores":null,"created_at":"1513480429","updated_at":null},{"id":"24575767","caption_id":"117343","seq":"104","text":"Putting in the work, putting in work.","translate_comment":"","start":"261.357","dur":"1.382","is_scores":null,"created_at":"1513480429","updated_at":null},{"id":"24575768","caption_id":"117343","seq":"105","text":"There is no quick cure. The hard work matters.","translate_comment":"","start":"262.739","dur":"3.079","is_scores":null,"created_at":"1513480429","updated_at":null},{"id":"24575769","caption_id":"117343","seq":"106","text":"And the patience  is what overrides it.","translate_comment":"","start":"265.818","dur":"2.601","is_scores":null,"created_at":"1513480429","updated_at":null},{"id":"24575770","caption_id":"117343","seq":"107","text":"I don't need to  get mines at 25.","translate_comment":"","start":"268.419","dur":"2.693","is_scores":null,"created_at":"1513480429","updated_at":null},{"id":"24575771","caption_id":"117343","seq":"108","text":"Heck, I don't need  to get mines at 45.","translate_comment":"","start":"271.112","dur":"2.554","is_scores":null,"created_at":"1513480429","updated_at":null},{"id":"24575772","caption_id":"117343","seq":"109","text":"This is a long, long game. I'm very driven by the climb.","translate_comment":"","start":"273.666","dur":"4.013","is_scores":null,"created_at":"1513480429","updated_at":null},{"id":"24575773","caption_id":"117343","seq":"110","text":"I think being an immigrant,  I guess or just having this DNA","translate_comment":"","start":"277.679","dur":"3.348","is_scores":null,"created_at":"1513480429","updated_at":null},{"id":"24575774","caption_id":"117343","seq":"111","text":"I don't like winning.  I like losing.","translate_comment":"","start":"281.027","dur":"2.06","is_scores":null,"created_at":"1513480429","updated_at":null},{"id":"24575775","caption_id":"117343","seq":"112","text":"I like the struggle.","translate_comment":"","start":"283.087","dur":"1.353","is_scores":null,"created_at":"1513480429","updated_at":null},{"id":"24575776","caption_id":"117343","seq":"113","text":"I don't give a shit about the stuff comes along.","translate_comment":"","start":"284.44","dur":"2.717","is_scores":null,"created_at":"1513480429","updated_at":null},{"id":"24575777","caption_id":"117343","seq":"114","text":"But the game is my drug.","translate_comment":"","start":"287.157","dur":"3.389","is_scores":null,"created_at":"1513480429","updated_at":null},{"id":"24575778","caption_id":"117343","seq":"115","text":"There will never be  a game over for me.","translate_comment":"","start":"290.546","dur":"2.09","is_scores":null,"created_at":"1513480429","updated_at":null},{"id":"24575779","caption_id":"117343","seq":"116","text":"There's no dollar amount.","translate_comment":"","start":"292.636","dur":"1.721","is_scores":null,"created_at":"1513480429","updated_at":null},{"id":"24575780","caption_id":"117343","seq":"117","text":"The game,  the process, the climb.","translate_comment":"","start":"294.357","dur":"2.9","is_scores":null,"created_at":"1513480429","updated_at":null},{"id":"24575781","caption_id":"117343","seq":"118","text":"That is the drug that drives me.","translate_comment":"","start":"297.257","dur":"2.182","is_scores":null,"created_at":"1513480429","updated_at":null},{"id":"24575782","caption_id":"117343","seq":"119","text":"That is my oxygen.  That's what I love.","translate_comment":"","start":"299.439","dur":"3.506","is_scores":null,"created_at":"1513480429","updated_at":null},{"id":"24575783","caption_id":"117343","seq":"120","text":"And so every day is going to go by. 2016, 2017, 2018,","translate_comment":"","start":"302.945","dur":"3.903","is_scores":null,"created_at":"1513480429","updated_at":null},{"id":"24575784","caption_id":"117343","seq":"121","text":"2019, 2020, 2021.","translate_comment":"","start":"306.848","dur":"3.063","is_scores":null,"created_at":"1513480429","updated_at":null},{"id":"24575785","caption_id":"117343","seq":"122","text":"And you're going to look for the short game.","translate_comment":"","start":"309.911","dur":"2.113","is_scores":null,"created_at":"1513480429","updated_at":null},{"id":"24575786","caption_id":"117343","seq":"123","text":"You're gonna look for that miracle algorithm.","translate_comment":"","start":"312.024","dur":"2.415","is_scores":null,"created_at":"1513480429","updated_at":null},{"id":"24575787","caption_id":"117343","seq":"124","text":"You're gonna look for that one move that's going to change","translate_comment":"","start":"314.439","dur":"2.763","is_scores":null,"created_at":"1513480429","updated_at":null},{"id":"24575788","caption_id":"117343","seq":"125","text":"your outcome, and you're going to continue to search","translate_comment":"","start":"317.202","dur":"2.565","is_scores":null,"created_at":"1513480429","updated_at":null},{"id":"24575789","caption_id":"117343","seq":"126","text":"and play the short game while I keep putting in the work,","translate_comment":"","start":"319.767","dur":"3.691","is_scores":null,"created_at":"1513480429","updated_at":null},{"id":"24575790","caption_id":"117343","seq":"127","text":"the hours, the long term value, and putting in the work","translate_comment":"","start":"323.458","dur":"4.064","is_scores":null,"created_at":"1513480429","updated_at":null},{"id":"24575791","caption_id":"117343","seq":"128","text":"while everyone else is hoping and dreaming,","translate_comment":"","start":"327.522","dur":"2.438","is_scores":null,"created_at":"1513480429","updated_at":null},{"id":"24575792","caption_id":"117343","seq":"129","text":"I'm going to be executing","translate_comment":"","start":"329.96","dur":"1.486","is_scores":null,"created_at":"1513480429","updated_at":null},{"id":"24575793","caption_id":"117343","seq":"130","text":"You play this short game. I'll keep playing the long game.","translate_comment":"","start":"331.446","dur":"3.158","is_scores":null,"created_at":"1513480429","updated_at":null},{"id":"24575794","caption_id":"117343","seq":"131","text":"And it's time to put on a helmet, and get to work.","translate_comment":"","start":"334.604","dur":"1.927","is_scores":null,"created_at":"1513480429","updated_at":null},{"id":"24575795","caption_id":"117343","seq":"132","text":"(exciting steady drum beat and electronic music)","translate_comment":"","start":"336.531","dur":"5","is_scores":null,"created_at":"1513480429","updated_at":null},{"id":"24575796","caption_id":"117343","seq":"133","text":"Please, take a step back. Use this video as a reminder.","translate_comment":"","start":"348.094","dur":"3.204","is_scores":null,"created_at":"1513480429","updated_at":null},{"id":"24575797","caption_id":"117343","seq":"134","text":"Watch it every damn day that you want to cheat","translate_comment":"","start":"351.298","dur":"2.159","is_scores":null,"created_at":"1513480429","updated_at":null},{"id":"24575798","caption_id":"117343","seq":"135","text":"or get there quick,  and remind yourself","translate_comment":"","start":"353.457","dur":"2.206","is_scores":null,"created_at":"1513480429","updated_at":null},{"id":"24575799","caption_id":"117343","seq":"136","text":"about how you make  is just as important","translate_comment":"","start":"355.663","dur":"3.228","is_scores":null,"created_at":"1513480429","updated_at":null},{"id":"24575800","caption_id":"117343","seq":"137","text":"as actually making it.","translate_comment":"","start":"358.891","dur":"1.531","is_scores":null,"created_at":"1513480429","updated_at":null},{"id":"24575801","caption_id":"117343","seq":"138","text":"(building music)","translate_comment":"","start":"360.422","dur":"2.67","is_scores":null,"created_at":"1513480429","updated_at":null}],"zh-Hant":[{"id":"24575802","caption_id":"117344","seq":"1","text":"- \u6bd4\u5982\u8aaa\uff0c\u897f\u5357\u504f\u5357 09\u5e74","translate_comment":"","start":"0.051","dur":"2.415","is_scores":null,"created_at":"1513480431","updated_at":null},{"id":"24575803","caption_id":"117344","seq":"2","text":"\u6211\u559c\u6b61\u770b\u7684\u662f\u4ee5\u524d\u4e0d\u540c\u7684\u5834\u666f","translate_comment":"","start":"2.466","dur":"2.043","is_scores":null,"created_at":"1513480431","updated_at":null},{"id":"24575804","caption_id":"117344","seq":"3","text":"\u597d\u50cf\u6211\u7576\u5e74\u5f88\u80d6\u7684\u6642\u5019","translate_comment":"","start":"4.509","dur":"2.341","is_scores":null,"created_at":"1513480431","updated_at":null},{"id":"24575805","caption_id":"117344","seq":"4","text":"\u4f60\u77e5\u9053\u55ce,\u9019\u6709\u9ede\u50cf\u90a3\u4e9b\u904b\u52d5\u54e1\u7684\u5f71\u7247","translate_comment":"","start":"6.85","dur":"2.599","is_scores":null,"created_at":"1513480431","updated_at":null},{"id":"24575806","caption_id":"117344","seq":"5","text":"\u50cf \u55ac\u4e39\uff0c\u57fa\u7279","translate_comment":"","start":"9.449","dur":"1.091","is_scores":null,"created_at":"1513480431","updated_at":null},{"id":"24575807","caption_id":"117344","seq":"6","text":"\u9019\u5f88\u50cfNike\u7684\u5f71\u7247","translate_comment":"","start":"10.54","dur":"1.174","is_scores":null,"created_at":"1513480431","updated_at":null},{"id":"24575808","caption_id":"117344","seq":"7","text":"(\u8f15\u97f3\u6a02)","translate_comment":"","start":"11.714","dur":"2.84","is_scores":null,"created_at":"1513480431","updated_at":null},{"id":"24575809","caption_id":"117344","seq":"8","text":"\u9019\u6709\u9ede\u50cf\u54ea\u7a2e \u6211\u624d\u4e0d\u5728\u4e4e\u4f60\u600e\u9ebc\u770b\u6211\u7684 \u5f71\u7247","translate_comment":"","start":"17.926","dur":"2.582","is_scores":null,"created_at":"1513480431","updated_at":null},{"id":"24575810","caption_id":"117344","seq":"9","text":"\u5c0d\uff0c\u9019\u6709\u9ede\u50cf --","translate_comment":"","start":"20.508","dur":"1.904","is_scores":null,"created_at":"1513480431","updated_at":null},{"id":"24575811","caption_id":"117344","seq":"10","text":"- [\u7537] \u5f9e\u8c37\u5e95\u958b\u59cb\uff0c\u4f46\u662f\u4f60\u52aa\u529b\u7684\u722c\u4e0a\u4e86\u5dd4\u5cf0","translate_comment":"","start":"22.412","dur":"2.159","is_scores":null,"created_at":"1513480431","updated_at":null},{"id":"24575812","caption_id":"117344","seq":"11","text":"- \u5c0d, \u9019\u5c31\u662f\u90a3\u7a2e\u8001\u5957\u7684\u6771\u897f","translate_comment":"","start":"24.571","dur":"1.486","is_scores":null,"created_at":"1513480431","updated_at":null},{"id":"24575813","caption_id":"117344","seq":"12","text":"\u56e0\u70ba\u9019\u5c31\u662f\u6211\u7684\u6558\u8ff0\u4e00\u6a23,\u610f\u601d\u662f,","translate_comment":"","start":"26.057","dur":"3.065","is_scores":null,"created_at":"1513480431","updated_at":null},{"id":"24575814","caption_id":"117344","seq":"13","text":"\u4f60\u8a8d\u70ba\u6211\u7684\u6210\u529f\u90fd\u662f\u6211\u7238\u7d66\u6211\u7684\uff0c","translate_comment":"","start":"29.122","dur":"3.46","is_scores":null,"created_at":"1513480431","updated_at":null},{"id":"24575815","caption_id":"117344","seq":"14","text":"\u9019\u500b\u5f71\u7247\u662f\u7d66\u90a3\u4e9b\u4e0d\u770b\u597d\u4f60\u7684\u4eba\u770b\u5f97","translate_comment":"","start":"32.582","dur":"4.272","is_scores":null,"created_at":"1513480431","updated_at":null},{"id":"24575816","caption_id":"117344","seq":"15","text":"\u9019\u5c31\u50cf\u662f --- [Man] \u8b49\u660e\u7d66\u4ed6\u5011\u770b","translate_comment":"","start":"36.854","dur":"1.95","is_scores":null,"created_at":"1513480431","updated_at":null},{"id":"24575817","caption_id":"117344","seq":"16","text":"- \u6c92\u932f","translate_comment":"","start":"38.804","dur":"1.835","is_scores":null,"created_at":"1513480431","updated_at":null},{"id":"24575818","caption_id":"117344","seq":"17","text":"(building music)","translate_comment":"","start":"40.639","dur":"2.97","is_scores":null,"created_at":"1513480431","updated_at":null},{"id":"24575819","caption_id":"117344","seq":"18","text":"\u5728\u621130\u6b72\u751f\u65e5\u6642\uff0c\u6211\u5728\u6211\u958b\u8eca\u5230\u7d10\u7d04\u5230","translate_comment":"","start":"49.23","dur":"1.904","is_scores":null,"created_at":"1513480431","updated_at":null},{"id":"24575820","caption_id":"117344","seq":"19","text":"\u65b0\u6fa4\u897f\u6642\uff0c\u770b\u4e86\u5f8c\u671b\u93e1\u4e2d\u7684\u81ea\u5df1","translate_comment":"","start":"51.134","dur":"2.507","is_scores":null,"created_at":"1513480431","updated_at":null},{"id":"24575821","caption_id":"117344","seq":"20","text":"\u7136\u5f8c\u6211\u544a\u8a34\u6211\u81ea\u5df1\u8aaa , \u201c\u4f60\u7684\u884c\u70ba\u4e26","translate_comment":"","start":"53.641","dur":"4.551","is_scores":null,"created_at":"1513480431","updated_at":null},{"id":"24575822","caption_id":"117344","seq":"21","text":"\u201c\u4e0d\u7b26\u5408\u4f60\u53e3\u4e2d\u7684\u5b8f\u9858\u201d","translate_comment":"","start":"58.192","dur":"1.727","is_scores":null,"created_at":"1513480431","updated_at":null},{"id":"24575823","caption_id":"117344","seq":"22","text":"\u7136\u5f8c2\u500b\u6708\u4e4b\u5f8c\uff0c\u6211\u5728Youtube \u63a8\u51fa\u4e86\u8461\u8404\u9152\u6587\u5eab\u79c0","translate_comment":"","start":"59.919","dur":"3.088","is_scores":null,"created_at":"1513480431","updated_at":null},{"id":"24575824","caption_id":"117344","seq":"23","text":"\u7136\u5f8c\u9019\u6539\u8b8a\u4e86\u6211\u7684\u8077\u696d\u751f\u6daf","translate_comment":"","start":"63.007","dur":"2.098","is_scores":null,"created_at":"1513480431","updated_at":null},{"id":"24575825","caption_id":"117344","seq":"24","text":"\u6211\u771f\u7684\u660e\u767d \u73fe\u5728\u5c0d\u4f60\u4f86\u8aaa\u975e\u5e38\u714e\u71ac","translate_comment":"","start":"70.206","dur":"4.103","is_scores":null,"created_at":"1513480431","updated_at":null},{"id":"24575826","caption_id":"117344","seq":"25","text":"\u4f60\u5f88\u6e34\u671b\u5f97\u5230\u90a3\u6a23\u6771\u897f\uff0c\u6211\u90fd\u660e\u767d","translate_comment":"","start":"74.309","dur":"2.043","is_scores":null,"created_at":"1513480431","updated_at":null},{"id":"24575827","caption_id":"117344","seq":"26","text":"\u4f60\u4e0d\u80fd\u60f3\u50cf\u6211\u6709\u591a\u611f\u540c\u8eab\u53d7","translate_comment":"","start":"76.352","dur":"1.695","is_scores":null,"created_at":"1513480431","updated_at":null},{"id":"24575828","caption_id":"117344","seq":"27","text":"\u6211\u6bcf\u5929\u90fd\u6703\u6536\u523010,000\u5c01\u96fb\u5b50\u90f5\u4ef6\u554f\u6211\u8aaa \u201c\u6211\u5c31\u4e0d\u80fd\u90a3\u9ebc\u505a\u55ce?\u201d","translate_comment":"","start":"78.047","dur":"3.437","is_scores":null,"created_at":"1513480431","updated_at":null},{"id":"24575829","caption_id":"117344","seq":"28","text":"\u4e0d\uff0c\u4f60\u4e0d\u884c(\u7b11)","translate_comment":"","start":"81.484","dur":"2.74","is_scores":null,"created_at":"1513480431","updated_at":null},{"id":"24575830","caption_id":"117344","seq":"29","text":"\u5982\u679c\u9019\u4e00\u5207\u662f\u5982\u6b64\u7684\u7c21\u55ae","translate_comment":"","start":"84.224","dur":"1.764","is_scores":null,"created_at":"1513480431","updated_at":null},{"id":"24575831","caption_id":"117344","seq":"30","text":"\u5982\u679c\u9019\u4e00\u5207\u662f\u4ed6\u5abd\u7684\u7c21\u55ae","translate_comment":"","start":"85.988","dur":"2.067","is_scores":null,"created_at":"1513480431","updated_at":null},{"id":"24575832","caption_id":"117344","seq":"31","text":"\u4f60\u4e0d\u89ba\u5f97\u6bcf\u500b\u4eba\u90fd\u6703\u9078\u64c7\u9019\u689d\u8def\u55ce\uff1f","translate_comment":"","start":"88.055","dur":"2.82","is_scores":null,"created_at":"1513480431","updated_at":null},{"id":"24575833","caption_id":"117344","seq":"32","text":"- [\u5973] \u4f60\u77e5\u9053\u6709\u591a\u5c11\u500b\u5b69\u5b50\u56e0\u70ba","translate_comment":"","start":"94.138","dur":"2.67","is_scores":null,"created_at":"1513480431","updated_at":null},{"id":"24575834","caption_id":"117344","seq":"33","text":"\u4ed6\u5011\u6c92\u6709\u4e0a\u5b78\u7684\u6a5f\u6703\u800c\u611f\u5230\u81ea\u5351\u55ce\uff1f","translate_comment":"","start":"96.808","dur":"2.415","is_scores":null,"created_at":"1513480431","updated_at":null},{"id":"24575835","caption_id":"117344","seq":"34","text":"\u4ed6\u5011\u4e0d\u5920\u597d\u4ed6\u5011\u6c92\u6a5f\u6703","translate_comment":"","start":"99.223","dur":"2.913","is_scores":null,"created_at":"1513480431","updated_at":null},{"id":"24575836","caption_id":"117344","seq":"35","text":"\u7136\u5f8c\u4f60\u770b\u5230\u985e\u4f3c\u52a0\u91cc\u5a01\u7684\u4eba,\u7136\u5f8c\u4ed6\u627f\u8a8d","translate_comment":"","start":"102.136","dur":"4.424","is_scores":null,"created_at":"1513480431","updated_at":null},{"id":"24575837","caption_id":"117344","seq":"36","text":"\u5728\u5927\u773e\u9762\u524d\u627f\u8a8d \u4ed6\u4ee5\u524d\u6210\u7e3e\u721b\u900f\u4e86","translate_comment":"","start":"106.56","dur":"3.994","is_scores":null,"created_at":"1513480431","updated_at":null},{"id":"24575838","caption_id":"117344","seq":"37","text":"\u7136\u5f8c\u4f60\u518d\u770b\u770b\u4ed6\u73fe\u5728\u6240\u5efa\u7acb\u7684\u738b\u671d","translate_comment":"","start":"110.554","dur":"2.084","is_scores":null,"created_at":"1513480431","updated_at":null},{"id":"24575839","caption_id":"117344","seq":"38","text":"\u4f60\u77e5\u9053\u9019\u71c3\u8d77\u4e86\u591a\u5c11\u7684\u5e0c\u671b\u55ce\uff1f","translate_comment":"","start":"112.638","dur":"2.22","is_scores":null,"created_at":"1513480431","updated_at":null},{"id":"24575840","caption_id":"117344","seq":"39","text":"- \u9019\u662f\u500b\u9577\u9060\u6230 \u5728\u62117\u6b72-18\u6b72\u6642","translate_comment":"","start":"114.858","dur":"1.222","is_scores":null,"created_at":"1513480431","updated_at":null},{"id":"24575841","caption_id":"117344","seq":"40","text":"\u4eba\u5011\u90fd\u544a\u8a34\u6211\uff0c\u4f60\u5df2\u7d93\u5b8c\u4e86","translate_comment":"","start":"116.08","dur":"3.947","is_scores":null,"created_at":"1513480431","updated_at":null},{"id":"24575842","caption_id":"117344","seq":"41","text":"\u4ed6\u5011\u544a\u8a34\u6211\u4f60\u662f\u500b\u9b6f\u86c7\uff0c\u56e0\u70ba\u6211\u5f97\u5230\u7684\u6210\u7e3e\u662f\uff0c\u6eff\u6eff\u7684F","translate_comment":"","start":"120.027","dur":"3.205","is_scores":null,"created_at":"1513480431","updated_at":null},{"id":"24575843","caption_id":"117344","seq":"42","text":"\u4f46\u662f\u7576\u6211\u770b\u5230\u9019\u4e9b F \u6642, \u6211\u6253\u5f9e\u5fc3\u5e95\u77e5\u9053","translate_comment":"","start":"123.232","dur":"2.056","is_scores":null,"created_at":"1513480431","updated_at":null},{"id":"24575844","caption_id":"117344","seq":"43","text":"\u9019\u4e0d\u662f\u500b\u6211\u6703\u73a9\u7684\u904a\u6232\uff0c\u6216\u8005\u662f\u6211\u60f3\u8d70\u7684\u8def","translate_comment":"","start":"125.288","dur":"2.038","is_scores":null,"created_at":"1513480431","updated_at":null},{"id":"24575845","caption_id":"117344","seq":"44","text":"\u6211\u62b1\u8457\u7121\u6bd4\u8010\u5fc3.\u6211\u5728\u90a312\u5e74\u671f\u9593\u6211\u5403\u4e86\u591a\u5c11\u7684\u5751","translate_comment":"","start":"127.326","dur":"3.064","is_scores":null,"created_at":"1513480431","updated_at":null},{"id":"24575846","caption_id":"117344","seq":"45","text":"\u5728\u6574\u500b\u5e02\u5834\u548c\u9ad4\u5236\u90fd\u544a\u8a34\u6211\uff0c\u6211\u4e0d\u53ef\u80fd\u7576\u4e0a\u4eba\u751f\u7684\u8d0f\u5bb6\u6642","translate_comment":"","start":"130.39","dur":"3.809","is_scores":null,"created_at":"1513480431","updated_at":null},{"id":"24575847","caption_id":"117344","seq":"46","text":"\u6211\u77e5\u9053\u6211\u7684\u7d50\u5c40\u662f\u4ec0\u9ebc","translate_comment":"","start":"134.199","dur":"1.532","is_scores":null,"created_at":"1513480431","updated_at":null},{"id":"24575848","caption_id":"117344","seq":"47","text":"\u7136\u5f8c\u6216\u8a31\u4f60\u73fe\u5728\u6b63\u662f\u500b 20\u6b72\uff0c30\u6b72\uff0c40\u6b72\u7684\u5e74\u8f15\u4eba","translate_comment":"","start":"135.731","dur":"3.274","is_scores":null,"created_at":"1513480431","updated_at":null},{"id":"24575849","caption_id":"117344","seq":"48","text":"\u7136\u5f8c\u6574\u500b\u9ad4\u5236\u5462, \u6574\u500b\u5e02\u5834\u53ef\u80fd\u6703\u544a\u8a34\u4f60","translate_comment":"","start":"139.005","dur":"2.432","is_scores":null,"created_at":"1513480431","updated_at":null},{"id":"24575850","caption_id":"117344","seq":"49","text":"\u4f60\u5b8c\u86cb\u4e86\uff0c\u53ef\u662f\u91cd\u9ede\u662f\u4e0d\u8981\u56e0\u70ba\u5225\u4eba\u6240\u8aaa\u7684\u800c\u8ff7\u5931\u4e86\u81ea\u5df1","translate_comment":"","start":"141.437","dur":"2.978","is_scores":null,"created_at":"1513480431","updated_at":null},{"id":"24575851","caption_id":"117344","seq":"50","text":"\u7136\u5f8c\u4f60\u5fc5\u9808\u8981\u5f88\u52aa\u529b\u53bb\u5b9a\u4f4d\u81ea\u5df1\u5728","translate_comment":"","start":"144.415","dur":"2.113","is_scores":null,"created_at":"1513480431","updated_at":null},{"id":"24575852","caption_id":"117344","seq":"51","text":"\u5c0d\u7684\u4f4d\u7f6e\u53bb\u722d\u53d6\u4f60\u61c9\u5f97\u7684\u52dd\u5229","translate_comment":"","start":"146.528","dur":"3.483","is_scores":null,"created_at":"1513480431","updated_at":null},{"id":"24575853","caption_id":"117344","seq":"52","text":"\u4f60\u77e5\u9053\u70ba\u4ec0\u9ebc\u6211\u73fe\u5728\u80fd\u5750\u5728\u9019\u55ce?","translate_comment":"","start":"150.011","dur":"1.163","is_scores":null,"created_at":"1513480431","updated_at":null},{"id":"24575854","caption_id":"117344","seq":"53","text":"\u56e0\u70ba\u6211\u6bd4\u4f60\u52aa\u529b\u591a\u4e86. \u653e\u5927\u5427","translate_comment":"","start":"151.174","dur":"2.389","is_scores":null,"created_at":"1513480431","updated_at":null},{"id":"24575855","caption_id":"117344","seq":"54","text":"\u6211\u6bd4\u4f60\u52aa\u529b\u591a\u4e86","translate_comment":"","start":"153.563","dur":"1.486","is_scores":null,"created_at":"1513480431","updated_at":null},{"id":"24575856","caption_id":"117344","seq":"55","text":"\u6211\u89ba\u5f97\u6709\u5f88\u591a\u4eba\u80cc\u4e0a\u4e86\u7121\u6bd4\u7684\u58d3\u529b","translate_comment":"","start":"155.049","dur":"2.485","is_scores":null,"created_at":"1513480431","updated_at":null},{"id":"24575857","caption_id":"117344","seq":"56","text":"\u4ed6\u5011\u8a8d\u70ba\u4ed6\u5011\u5fc5\u9808\u8981\u5728\u4ed6\u501120\u6b72\uff0c30\u6b72\uff0c40\u6b72\u9019\u6bb5\u671f\u9593","translate_comment":"","start":"157.534","dur":"3.227","is_scores":null,"created_at":"1513480431","updated_at":null},{"id":"24575858","caption_id":"117344","seq":"57","text":"\u5f97\u5230\u767e\u842c\u5bcc\u7fc1\u751a\u81f3\u662f\u5104\u842c\u5bcc\u7fc1\u7684\u982d\u929c","translate_comment":"","start":"160.761","dur":"2.136","is_scores":null,"created_at":"1513480431","updated_at":null},{"id":"24575859","caption_id":"117344","seq":"58","text":"\u4e0d\u662f\u4e0d\u53ef\u80fd\uff0c\u4f46\u662f\u9019\u662f\u56f0\u96e3\u7684\u3002\u9019\u982d\u929c\u662f\u7559\u7d66\u5c11\u6578\u5c11\u6578\u7684\u4eba\u7684","translate_comment":"","start":"162.897","dur":"3.553","is_scores":null,"created_at":"1513480431","updated_at":null},{"id":"24575860","caption_id":"117344","seq":"59","text":"\u6211\u5e0c\u671b\u5927\u5bb6\u80fd\u660e\u767d\u7684\u662f","translate_comment":"","start":"166.45","dur":"1.114","is_scores":null,"created_at":"1513480431","updated_at":null},{"id":"24575861","caption_id":"117344","seq":"60","text":"\u5982\u679c\u4f60\u9019\u8f29\u5b50\u6bcf\u4e00\u5929\u90fd\u6295\u4e0b\u4e8618\u500b\u5c0f\u6642\u7684\u52aa\u529b","translate_comment":"","start":"167.564","dur":"2.041","is_scores":null,"created_at":"1513480431","updated_at":null},{"id":"24575862","caption_id":"117344","seq":"61","text":"\u4f46\u662f\u4f60\u9084\u662f\u500b\u905c\u5496,\u90a3\u4f60\u5c31\u5b8c\u4e86","translate_comment":"","start":"169.605","dur":"2.055","is_scores":null,"created_at":"1513480431","updated_at":null},{"id":"24575863","caption_id":"117344","seq":"62","text":"(\u7fa4\u7b11)","translate_comment":"","start":"171.66","dur":"2.188","is_scores":null,"created_at":"1513480431","updated_at":null},{"id":"24575864","caption_id":"117344","seq":"63","text":"\u5929\u4efd\u4e5f\u5f88\u91cd\u8981","translate_comment":"","start":"173.848","dur":"1.277","is_scores":null,"created_at":"1513480431","updated_at":null},{"id":"24575865","caption_id":"117344","seq":"64","text":"\u4e5f\u56e0\u70ba\u5982\u6b64\u4f60\u4e5f\u5fc5\u9808\u628a\u4f60\u7684\u5c08\u9577\u5217\u5165\u8003\u91cf","translate_comment":"","start":"175.125","dur":"3.042","is_scores":null,"created_at":"1513480431","updated_at":null},{"id":"24575866","caption_id":"117344","seq":"65","text":"\u6b63\u56e0\u70ba\u7576\u500b\u65b0\u5275\u7684\u5275\u8fa6\u4eba\u662f\u4ef6\u5f88\u9177\u7684\u4e8b","translate_comment":"","start":"178.167","dur":"2.043","is_scores":null,"created_at":"1513480431","updated_at":null},{"id":"24575867","caption_id":"117344","seq":"66","text":"\u4e0d\u4ee3\u8868\u4f60\u5fc5\u9808\u8981\u53bb\u7576\u500b\u5275\u8fa6\u4eba","translate_comment":"","start":"180.21","dur":"2.441","is_scores":null,"created_at":"1513480431","updated_at":null},{"id":"24575868","caption_id":"117344","seq":"67","text":"\u57282006\u5e74\u65e9\u671f, \u6211\u63a8\u51fa\u4e86\u8461\u8404\u9152\u6587\u5eab\u79c0","translate_comment":"","start":"185.011","dur":"3.186","is_scores":null,"created_at":"1513480431","updated_at":null},{"id":"24575869","caption_id":"117344","seq":"68","text":"\u5728\u90a319\u500b\u6708\u671f\u9593\uff0c\u6211\u6bcf\u500b\u661f\u671f\u76845\u5929\u90fd\u5728\u7d93\u71df\u9019\u7bc0\u76ee","translate_comment":"","start":"188.197","dur":"2.624","is_scores":null,"created_at":"1513480431","updated_at":null},{"id":"24575870","caption_id":"117344","seq":"69","text":"\u4f46\u662f\u6c92\u4eba\u5728\u89c0\u770b\uff0c\u6c92\u4eba\u5728\u4e4e","translate_comment":"","start":"190.821","dur":"2.252","is_scores":null,"created_at":"1513480431","updated_at":null},{"id":"24575871","caption_id":"117344","seq":"70","text":"\u5927\u5bb6\u597d,\u6b61\u8fce\u6536\u770b\u8461\u8404\u9152\u6587\u5eab\u79c0","translate_comment":"","start":"193.073","dur":"1.752","is_scores":null,"created_at":"1513480431","updated_at":null},{"id":"24575872","caption_id":"117344","seq":"71","text":"\u7684\u7b2c\u4e00\u96c6","translate_comment":"","start":"194.825","dur":"1.936","is_scores":null,"created_at":"1513480431","updated_at":null},{"id":"24575873","caption_id":"117344","seq":"72","text":"\u6211\u662f\u52a0\u91cc\u00b7\u7ef4\u7eb3\u67e5\u514b,\u6211\u662f\u8461\u8404\u9152\u6587\u5eab","translate_comment":"","start":"196.761","dur":"1.927","is_scores":null,"created_at":"1513480431","updated_at":null},{"id":"24575874","caption_id":"117344","seq":"73","text":"\u548cWineLibrary.com\u7684\u57f7\u884c\u9577,","translate_comment":"","start":"198.688","dur":"2.415","is_scores":null,"created_at":"1513480431","updated_at":null},{"id":"24575875","caption_id":"117344","seq":"74","text":"\u7136\u5f8c\u6211\u5f88\u9ad8\u8208\u53ef\u4ee5\u63a8\u51fa\u6211\u5011\u89ba\u5f97","translate_comment":"","start":"201.103","dur":"2.74","is_scores":null,"created_at":"1513480431","updated_at":null},{"id":"24575876","caption_id":"117344","seq":"75","text":"\u662f\u5168\u4e16\u754c\u7684\u7b2c\u4e00\u500b\u8461\u8404\u9152\u5f71\u7247\u90e8\u843d\u683c","translate_comment":"","start":"203.843","dur":"2.67","is_scores":null,"created_at":"1513480431","updated_at":null},{"id":"24575877","caption_id":"117344","seq":"76","text":"- [\u63a1\u8a2a\u8005] \u4f60\u7684\u7b2c\u4e00\u500b\u5f71\u7247\u6709\u591a\u5c11\u89c0\u770b\u6578\u5462?","translate_comment":"","start":"206.513","dur":"1.556","is_scores":null,"created_at":"1513480431","updated_at":null},{"id":"24575878","caption_id":"117344","seq":"77","text":"- 30, 75. \u6211\u7684\u610f\u601d\u662f\uff0c\u6c92\u4eba\u5728\u89c0\u770b","translate_comment":"","start":"208.069","dur":"2.786","is_scores":null,"created_at":"1513480431","updated_at":null},{"id":"24575879","caption_id":"117344","seq":"78","text":"\u6709\u4e9b\u4eba\u6703\u9078\u64c7\u5beb\u96fb\u5b50\u90f5\u4ef6,\u5c31\u7d66\u500b\u4f8b\u5b50\uff0c\u6211\u6bcf\u5929\u90fd\u6703","translate_comment":"","start":"210.855","dur":"2.314","is_scores":null,"created_at":"1513480431","updated_at":null},{"id":"24575880","caption_id":"117344","seq":"79","text":"\u6536\u523050\u5e7e\u5c01\u4f86\u81ea\u4e00\u4e9b\u5275\u696d\u5bb6\u7684\u96fb\u5b50\u90f5\u4ef6\uff0c\u4ed6\u5011\u554f\u8aaa","translate_comment":"","start":"213.169","dur":"1.799","is_scores":null,"created_at":"1513480431","updated_at":null},{"id":"24575881","caption_id":"117344","seq":"80","text":"\u201c\u563f,\u6211\u77e5\u9053\u4f60\u5f88\u5f37\u8abf\u8010\u5fc3","translate_comment":"","start":"214.968","dur":"2.505","is_scores":null,"created_at":"1513480431","updated_at":null},{"id":"24575882","caption_id":"117344","seq":"81","text":"\u201c\u4f46\u662f\u6211\u505a\u4e86\u9019\u4e9b\u6771\u897f\u537b\u4ecd\u7136\u6c92\u6709\u4efb\u4f55\u6548\u679c\uff0c\u727d\u5f15\u529b","translate_comment":"","start":"217.473","dur":"2.484","is_scores":null,"created_at":"1513480431","updated_at":null},{"id":"24575883","caption_id":"117344","seq":"82","text":"\"\u6211\u662f\u5426\u8a72\u653e\u68c4\u6539\u505a\u5176\u4ed6\u4e8b\u5462\uff1f?\u201d","translate_comment":"","start":"219.957","dur":"1.834","is_scores":null,"created_at":"1513480431","updated_at":null},{"id":"24575884","caption_id":"117344","seq":"83","text":"\u7121\u53ef\u907f\u514d\u7684,\u6211\u6703\u56de\u8986\u4ed6\u554f\u4ed6\u8aaa","translate_comment":"","start":"221.791","dur":"1.532","is_scores":null,"created_at":"1513480431","updated_at":null},{"id":"24575885","caption_id":"117344","seq":"84","text":"\"\u4f60\u505a\u4e86\u9019\u4ef6\u4e8b\u591a\u4e45\u554a?\u201d","translate_comment":"","start":"223.323","dur":"1","is_scores":null,"created_at":"1513480431","updated_at":null},{"id":"24575886","caption_id":"117344","seq":"85","text":"\u201c\u5594\uff0c\u56db\u500b\u6708\u5427\u201d","translate_comment":"","start":"224.323","dur":"0.898","is_scores":null,"created_at":"1513480431","updated_at":null},{"id":"24575887","caption_id":"117344","seq":"86","text":"\u6211\u7684\u7b2c\u4e00\u500b\u53cd\u61c9\u662f \u201c\u5e79\uff01\u201d","translate_comment":"","start":"225.221","dur":"1.41","is_scores":null,"created_at":"1513480431","updated_at":null},{"id":"24575888","caption_id":"117344","seq":"87","text":"(\u7b11)","translate_comment":"","start":"226.631","dur":"1.278","is_scores":null,"created_at":"1513480431","updated_at":null},{"id":"24575889","caption_id":"117344","seq":"88","text":"\u9019\u662f\u4f60\u4e00\u8f29\u5b50\u90fd\u60f3\u505a\u7684\u4e8b\uff0c\u4f60\u7684\u7d42\u751f\u4e8b\u696d\uff0c\u7136\u5f8c\u4f60\u4ed6\u5abd\u7684\u57284\u500b\u6708\u5f8c","translate_comment":"","start":"227.909","dur":"1.811","is_scores":null,"created_at":"1513480431","updated_at":null},{"id":"24575890","caption_id":"117344","seq":"89","text":"\u5c31\u60f3\u653e\u68c4?","translate_comment":"","start":"229.72","dur":"1.486","is_scores":null,"created_at":"1513480431","updated_at":null},{"id":"24575891","caption_id":"117344","seq":"90","text":"\u4f60\u5230\u5e95\u5728\u60f3\u4ec0\u9ebc\u554a?","translate_comment":"","start":"231.206","dur":"1.393","is_scores":null,"created_at":"1513480431","updated_at":null},{"id":"24575892","caption_id":"117344","seq":"91","text":"\u8010\u5fc3\u662f\u88ab\u4eba\u5011\u4f4e\u4f30\u7684\u7279\u8cea","translate_comment":"","start":"232.599","dur":"2.298","is_scores":null,"created_at":"1513480431","updated_at":null},{"id":"24575893","caption_id":"117344","seq":"92","text":"\u6211\u5728\u6211\u7684\u8461\u8404\u9152\u4f01\u696d\u6210\u9577\u7684\u6642\u5019\u5f88\u6210\u529f","translate_comment":"","start":"234.897","dur":"2.926","is_scores":null,"created_at":"1513480431","updated_at":null},{"id":"24575894","caption_id":"117344","seq":"93","text":"\u53ef\u662f\u7576\u6211\u63a8\u51fa\u90a3\u500b\u7dda\u4e0a\u79c0\u6642\uff0c\u6211\u90fd\u628a\u6211\u7684\u7cbe\u529b\u6295\u653e\u5728","translate_comment":"","start":"237.823","dur":"2.02","is_scores":null,"created_at":"1513480431","updated_at":null},{"id":"24575895","caption_id":"117344","seq":"94","text":"\u5982\u4f55\u63a8\u5ee3\u90a3\u500b\u7dda\u4e0a\u79c0","translate_comment":"","start":"239.843","dur":"1.695","is_scores":null,"created_at":"1513480431","updated_at":null},{"id":"24575896","caption_id":"117344","seq":"95","text":"\u4e5f\u56e0\u70ba\u5982\u6b64\u8461\u8404\u9152\u6587\u5eab\u7684\u6210\u9577\u7387\u958b\u59cb\u8b8a0","translate_comment":"","start":"241.538","dur":"2.415","is_scores":null,"created_at":"1513480431","updated_at":null},{"id":"24575897","caption_id":"117344","seq":"96","text":"\u56e0\u70ba\u6211\u662f\u6211\u5011\u7684\u5f15\u64ce","translate_comment":"","start":"243.953","dur":"1.277","is_scores":null,"created_at":"1513480431","updated_at":null},{"id":"24575898","caption_id":"117344","seq":"97","text":"\u6c92\u4eba\u5728\u770b\u6211\u7684\u5f71\u7247\uff0c\u4f46\u662f\u6211\u77e5\u9053\u6211\u505a\u7684\u9078\u64c7\u662f\u5c0d\u7684","translate_comment":"","start":"245.23","dur":"2.043","is_scores":null,"created_at":"1513480431","updated_at":null},{"id":"24575899","caption_id":"117344","seq":"98","text":"\u7136\u5f8c\u90a3\u500b\u5f71\u7247\u771f\u6b63\u8d77\u98db\u7684\u6642\u5019\u662f\u5728","translate_comment":"","start":"247.273","dur":"1.904","is_scores":null,"created_at":"1513480431","updated_at":null},{"id":"24575900","caption_id":"117344","seq":"99","text":"2007\u4e2d\u5427,\u5728\u9019\u4e00\u5e74\u534a\u671f\u9593\u88e1\uff0c\u4e00\u500b\u661f\u671f5\u5929","translate_comment":"","start":"249.177","dur":"4.401","is_scores":null,"created_at":"1513480431","updated_at":null},{"id":"24575901","caption_id":"117344","seq":"100","text":"\u7d93\u71df\u8457\u9019\u500b\u7dda\u4e0a\u79c0\uff0c\u7372\u5f97\u7684\u53ea\u662f\u5e7e\u767e\u500b","translate_comment":"","start":"253.578","dur":"1.632","is_scores":null,"created_at":"1513480431","updated_at":null},{"id":"24575902","caption_id":"117344","seq":"101","text":"\u7136\u5f8c\u6210\u9577\u5230\u5e7e\u5343\u500b\u89c0\u770b\u6578","translate_comment":"","start":"255.21","dur":"2.623","is_scores":null,"created_at":"1513480431","updated_at":null},{"id":"24575903","caption_id":"117344","seq":"102","text":"- \u4f60\u5fc5\u9808\u8981\u4e00\u76f4\u7684\u6295\u4e0b\u52aa\u529b\uff0c\u6bcf\u4e00\u5929","translate_comment":"","start":"257.833","dur":"1.602","is_scores":null,"created_at":"1513480431","updated_at":null},{"id":"24575904","caption_id":"117344","seq":"103","text":"\u4e00\u6c38\u9060\u6bd4\u96f6\u4f86\u5f97\u66f4\u597d\u4f60\u5fc5\u9808\u8981\u6295\u4e0b\u52aa\u529b","translate_comment":"","start":"259.435","dur":"1.922","is_scores":null,"created_at":"1513480431","updated_at":null},{"id":"24575905","caption_id":"117344","seq":"104","text":"\u6295\u4e0b\u52aa\u529b, \u62fc\u547d\uff0c\u57cb\u982d\u82e6\u5e79","translate_comment":"","start":"261.357","dur":"1.382","is_scores":null,"created_at":"1513480431","updated_at":null},{"id":"24575906","caption_id":"117344","seq":"105","text":"\u4ed6\u6c92\u6709\u6377\u5f91\u4f60\u6240\u6295\u4e0b\u7684\u52aa\u529b\u662f\u4e00\u500b\u56e0\u7d20","translate_comment":"","start":"262.739","dur":"3.079","is_scores":null,"created_at":"1513480431","updated_at":null},{"id":"24575907","caption_id":"117344","seq":"106","text":"\u4f46\u662f\u4f60\u6301\u6709\u7684\u8010\u5fc3\u4e5f\u662f\u95dc\u9375","translate_comment":"","start":"265.818","dur":"2.601","is_scores":null,"created_at":"1513480431","updated_at":null},{"id":"24575908","caption_id":"117344","seq":"107","text":"\u6211\u4e0d\u9700\u8981\u572825\u6b72\u6642\u8cfa\u5f88\u591a\u9322","translate_comment":"","start":"268.419","dur":"2.693","is_scores":null,"created_at":"1513480431","updated_at":null},{"id":"24575909","caption_id":"117344","seq":"108","text":"\u5e79,\u6211\u751a\u81f3\u4e0d\u9700\u8981\u572845\u6b72\u524d\u8cfa\u5f88\u591a\u9322","translate_comment":"","start":"271.112","dur":"2.554","is_scores":null,"created_at":"1513480431","updated_at":null},{"id":"24575910","caption_id":"117344","seq":"109","text":"\u9019\u662f\u500b\u5f88\u9577\uff0c\u5f88\u9577\u7684\u6230\u722d\u800c\u6211\u4e5f\u662f\u88ab\u9019\u904e\u7a0b\u63a8\u52d5\u8457\u7684","translate_comment":"","start":"273.666","dur":"4.013","is_scores":null,"created_at":"1513480431","updated_at":null},{"id":"24575911","caption_id":"117344","seq":"110","text":"\u6211\u89ba\u5f97\u8eab\u70ba\u4e00\u540d\u79fb\u6c11\u8005\uff0c\u6211\u89ba\u5f97\u6211\u5c31\u662f\u6709\u90a3\u500bDNA","translate_comment":"","start":"277.679","dur":"3.348","is_scores":null,"created_at":"1513480431","updated_at":null},{"id":"24575912","caption_id":"117344","seq":"111","text":"\u6bd4\u8d77\u52dd\u5229\u6211\u66f4\u559c\u6b61\u5931\u6557","translate_comment":"","start":"281.027","dur":"2.06","is_scores":null,"created_at":"1513480431","updated_at":null},{"id":"24575913","caption_id":"117344","seq":"112","text":"\u6211\u559c\u6b61\u90a3\u4efd\u6311\u6230","translate_comment":"","start":"283.087","dur":"1.353","is_scores":null,"created_at":"1513480431","updated_at":null},{"id":"24575914","caption_id":"117344","seq":"113","text":"\u6211\u4e0d\u5728\u610f\u96a8\u8457\u9019\u689d\u8def\u800c\u4f86\u7684\u7e41\u7463\u4e8b","translate_comment":"","start":"284.44","dur":"2.717","is_scores":null,"created_at":"1513480431","updated_at":null},{"id":"24575915","caption_id":"117344","seq":"114","text":"\u56e0\u70ba\u9019\u500b\u904a\u6232\uff0c\u6211\u9078\u64c7\u7684\u8def\u662f\u8b93\u6211\u958b\u5fc3\u7684","translate_comment":"","start":"287.157","dur":"3.389","is_scores":null,"created_at":"1513480431","updated_at":null},{"id":"24575916","caption_id":"117344","seq":"115","text":"\u9019\u5c0d\u6211\u4f86\u8aaa\u662f\u500b\u6c92\u6709\u7d50\u5c40\u7684\u904a\u6232","translate_comment":"","start":"290.546","dur":"2.09","is_scores":null,"created_at":"1513480431","updated_at":null},{"id":"24575917","caption_id":"117344","seq":"116","text":"\u6211\u4e0d\u6703\u56e0\u70ba\u8cfa\u5230\u4e86\u4e00\u5b9a\u7684\u6578\u91cf\u5f8c\u5c31\u9000\u51fa","translate_comment":"","start":"292.636","dur":"1.721","is_scores":null,"created_at":"1513480431","updated_at":null},{"id":"24575918","caption_id":"117344","seq":"117","text":"\u9019\u500b\u904a\u6232, \u9019\u500b\u904e\u7a0b,\u9019\u500b\u6500\u722c\u60f3\u9054\u5230\u5dd4\u5cf0\u7684\u904e\u7a0b","translate_comment":"","start":"294.357","dur":"2.9","is_scores":null,"created_at":"1513480431","updated_at":null},{"id":"24575919","caption_id":"117344","seq":"118","text":"\u662f\u4e00\u76f4\u63a8\u52d5\u8457\u6211\u7684\u85e5\u7269","translate_comment":"","start":"297.257","dur":"2.182","is_scores":null,"created_at":"1513480431","updated_at":null},{"id":"24575920","caption_id":"117344","seq":"119","text":"\u5b83\u662f\u6211\u7684\u6c27\u6c23\uff0c\u5b83\u662f\u6211\u6240\u611b\u7684","translate_comment":"","start":"299.439","dur":"3.506","is_scores":null,"created_at":"1513480431","updated_at":null},{"id":"24575921","caption_id":"117344","seq":"120","text":"\u6240\u4ee5\u4e00\u5929\u6703\u96a8\u8457\u4e00\u5929\u7684\u904e 2016, 2017, 2018,","translate_comment":"","start":"302.945","dur":"3.903","is_scores":null,"created_at":"1513480431","updated_at":null},{"id":"24575922","caption_id":"117344","seq":"121","text":"2019, 2020, 2021.","translate_comment":"","start":"306.848","dur":"3.063","is_scores":null,"created_at":"1513480431","updated_at":null},{"id":"24575923","caption_id":"117344","seq":"122","text":"\u7136\u5f8c\u4f60\u6703\u7e7c\u7e8c\u627e\u77ed\u671f\u7684\u73a9\u6cd5","translate_comment":"","start":"309.911","dur":"2.113","is_scores":null,"created_at":"1513480431","updated_at":null},{"id":"24575924","caption_id":"117344","seq":"123","text":"\u4f60\u6703\u53bb\u5c0b\u627e\u90a3\u500b\u542b\u6709\u5947\u8e5f\u7684\u6f14\u7b97\u6cd5","translate_comment":"","start":"312.024","dur":"2.415","is_scores":null,"created_at":"1513480431","updated_at":null},{"id":"24575925","caption_id":"117344","seq":"124","text":"\u4f60\u6703\u53bb\u5c0b\u627e\u54ea\u500b\u6703\u6539\u8b8a\u4f60\u6574\u500b\u751f\u6daf\u7684","translate_comment":"","start":"314.439","dur":"2.763","is_scores":null,"created_at":"1513480431","updated_at":null},{"id":"24575926","caption_id":"117344","seq":"125","text":"\u54ea\u4e00\u6b65,\u7136\u5f8c\u4f60\u6703\u4e00\u76f4\u7684\u5c0b\u627e","translate_comment":"","start":"317.202","dur":"2.565","is_scores":null,"created_at":"1513480431","updated_at":null},{"id":"24575927","caption_id":"117344","seq":"126","text":"\u4e00\u76f4\u5c08\u6ce8\u5728\u90a3\u77ed\u66ab\u7684\u904a\u6232 \u800c\u6211\u5462\u6211\u6703\u7e7c\u7e8c\u57cb\u982d\u82e6\u5e79\uff0c\u6301\u7e8c\u7684\u6295\u5165\u5f88\u591a\u7684\u6642\u9593","translate_comment":"","start":"319.767","dur":"3.691","is_scores":null,"created_at":"1513480431","updated_at":null},{"id":"24575928","caption_id":"117344","seq":"127","text":"\u8207\u52aa\u529b,\u9577\u9060\u7684\u50f9\u503c\u3002\u7136\u5f8c\u5728\u4eba\u5011\u76fc\u671b\u548c\u767c\u767d\u65e5\u5922\u6642","translate_comment":"","start":"323.458","dur":"4.064","is_scores":null,"created_at":"1513480431","updated_at":null},{"id":"24575929","caption_id":"117344","seq":"128","text":"\u6211\u6703\u4e00\u76f4\u6301\u7e8c\u7684\u52aa\u529b\uff0c\u62fc\u547d","translate_comment":"","start":"327.522","dur":"2.438","is_scores":null,"created_at":"1513480431","updated_at":null},{"id":"24575930","caption_id":"117344","seq":"129","text":"\u6211\u6703\u4e00\u76f4\u57f7\u884c","translate_comment":"","start":"329.96","dur":"1.486","is_scores":null,"created_at":"1513480431","updated_at":null},{"id":"24575931","caption_id":"117344","seq":"130","text":"\u4f60\u53ef\u4ee5\u73a9\u4f60\u77ed\u66ab\u7684\u904a\u6232 \u800c\u6211\u6703\u6301\u7e8c\u7684\u6253\u6211\u7684\u9577\u9060\u6230","translate_comment":"","start":"331.446","dur":"3.158","is_scores":null,"created_at":"1513480431","updated_at":null},{"id":"24575932","caption_id":"117344","seq":"131","text":"\u7136\u5f8c\u662f\u6642\u5019\u5e36\u4e0a\u982d\u76d4\uff0c\u57cb\u982d\u82e6\u5e79\u53bb\u4e86","translate_comment":"","start":"334.604","dur":"1.927","is_scores":null,"created_at":"1513480431","updated_at":null},{"id":"24575933","caption_id":"117344","seq":"132","text":"(\u5e36\u52d5\u4eba\u5fc3\u9f13\u8072\u548c\u96fb\u5b50\u8d8a)","translate_comment":"","start":"336.531","dur":"5","is_scores":null,"created_at":"1513480431","updated_at":null},{"id":"24575934","caption_id":"117344","seq":"133","text":"\u8acb\u9000\u4e00\u6b65\u7684\u601d\u8003\uff0c\u4e26\u5229\u7528\u9019\u5f71\u7247\u63d0\u9192\u81ea\u5df1","translate_comment":"","start":"348.094","dur":"3.204","is_scores":null,"created_at":"1513480431","updated_at":null},{"id":"24575935","caption_id":"117344","seq":"134","text":"\u5728\u4f60\u60f3\u8981\u8d70\u6377\u5f91\u7684\u6642\u5019","translate_comment":"","start":"351.298","dur":"2.159","is_scores":null,"created_at":"1513480431","updated_at":null},{"id":"24575936","caption_id":"117344","seq":"135","text":"\u6216\u4e00\u6b65\u767b\u5929\u6642, \u63d0\u9192\u81ea\u5df1\u8aaa","translate_comment":"","start":"353.457","dur":"2.206","is_scores":null,"created_at":"1513480431","updated_at":null},{"id":"24575937","caption_id":"117344","seq":"136","text":"\u4f60\u5982\u4f55\u8cfa\u9322 \u548c\u4f60\u8cfa\u591a\u5c11\u9322","translate_comment":"","start":"355.663","dur":"3.228","is_scores":null,"created_at":"1513480431","updated_at":null},{"id":"24575938","caption_id":"117344","seq":"137","text":"\u662f\u540c\u6a23\u7684\u91cd\u8981","translate_comment":"","start":"358.891","dur":"1.531","is_scores":null,"created_at":"1513480431","updated_at":null},{"id":"24575939","caption_id":"117344","seq":"138","text":"(\u596e\u9b25\u4eba\u5fc3\u97f3\u6a02)","translate_comment":"","start":"360.422","dur":"2.67","is_scores":null,"created_at":"1513480431","updated_at":null}]}