{"en":[
  {"id":"25520236","caption_id":"120462","seq":"1","text":"Theoretically we are free to select the kind of person we love. We might have chosen someone else.","translate_comment":"","start":"1.189","dur":"6.221","is_scores":null,"created_at":"1517502965","updated_at":null},
  {"id":"25520237","caption_id":"120462","seq":"2","text":"We're not being forced into a relationship by social convention or match-making or dynastic imperatives.","translate_comment":"","start":"7.41","dur":"6.07","is_scores":null,"created_at":"1517502965","updated_at":null},
  {"id":"25520238","caption_id":"120462","seq":"3","text":"But in reality our choice of lover is probably a lot less free than we imagine.","translate_comment":"","start":"13.48","dur":"8.41","is_scores":null,"created_at":"1517502965","updated_at":null},
  {"id":"25520239","caption_id":"120462","seq":"4","text":"Some very real constraints around whom we can love and feel properly attracted to come","translate_comment":"","start":"21.89","dur":"5","is_scores":null,"created_at":"1517502965","updated_at":null},
  {"id":"25520240","caption_id":"120462","seq":"5","text":"from a place we might not think to look: our childhoods. Our psychological history strongly","translate_comment":"","start":"26.89","dur":"6.32","is_scores":null,"created_at":"1517502965","updated_at":null},
  {"id":"25520241","caption_id":"120462","seq":"6","text":"predisposes us to fall for only certain types of people. We love along grooves formed in childhood.","translate_comment":"","start":"33.21","dur":"7.8","is_scores":null,"created_at":"1517502965","updated_at":null},{"id":"25520242","caption_id":"120462","seq":"7","text":"We look for people who in many ways recreate the feelings of love we knew when we were small.","translate_comment":"","start":"41.01","dur":"5.329","is_scores":null,"created_at":"1517502965","updated_at":null},{"id":"25520243","caption_id":"120462","seq":"8","text":"The problem is that the love we imbibed in childhood was unlikely","translate_comment":"","start":"46.339","dur":"5.48","is_scores":null,"created_at":"1517502965","updated_at":null},{"id":"25520244","caption_id":"120462","seq":"9","text":"to have been made up simply of generosity, tenderness and kindness. Given the way the","translate_comment":"","start":"51.819","dur":"5.591","is_scores":null,"created_at":"1517502965","updated_at":null},{"id":"25520245","caption_id":"120462","seq":"10","text":"world is, love was liable to have come entwined with certain painful aspects: a feeling of","translate_comment":"","start":"57.41","dur":"6.14","is_scores":null,"created_at":"1517502965","updated_at":null},{"id":"25520246","caption_id":"120462","seq":"11","text":"not being quite good enough; a love for a parent who was fragile or depressed; a sense","translate_comment":"","start":"63.55","dur":"5.57","is_scores":null,"created_at":"1517502965","updated_at":null},{"id":"25520247","caption_id":"120462","seq":"12","text":"that one could never be fully vulnerable around a caregiver. This predisposes us to look","translate_comment":"","start":"69.12","dur":"5.87","is_scores":null,"created_at":"1517502965","updated_at":null},{"id":"25520248","caption_id":"120462","seq":"13","text":"in adulthood for partners who won't necessarily simply be kind to us, but who will \u2013 most","translate_comment":"","start":"74.99","dur":"7.16","is_scores":null,"created_at":"1517502965","updated_at":null},{"id":"25520249","caption_id":"120462","seq":"14","text":"importantly \u2013 feel familiar; which can be a subtly but importantly different thing.","translate_comment":"","start":"82.15","dur":"7.1","is_scores":null,"created_at":"1517502965","updated_at":null},{"id":"25520250","caption_id":"120462","seq":"15","text":"We may be constrained to look away from prospective candidates because they don't satisfy a","translate_comment":"","start":"89.25","dur":"4.76","is_scores":null,"created_at":"1517502965","updated_at":null},{"id":"25520251","caption_id":"120462","seq":"16","text":"yearning for the complexities we associate with love. We may describe someone as not","translate_comment":"","start":"94.01","dur":"6.53","is_scores":null,"created_at":"1517502965","updated_at":null},{"id":"25520252","caption_id":"120462","seq":"17","text":"sexy' or  'boring' when in truth we mean: unlikely to make me suffer in the way I need","translate_comment":"","start":"100.54","dur":"6.46","is_scores":null,"created_at":"1517502965","updated_at":null},{"id":"25520253","caption_id":"120462","seq":"18","text":"to suffer in order to feel that love is real. It's common to advise people who are drawn to tricky candidates simply to leave them and find someone more wholesome. This is both","translate_comment":"","start":"107","dur":"7.12","is_scores":null,"created_at":"1517502965","updated_at":null},{"id":"25520255","caption_id":"120462","seq":"19","text":"theoretically appealing and often practically impossible. We cannot magically redirect the","translate_comment":"","start":"120.23","dur":"6.4","is_scores":null,"created_at":"1517502965","updated_at":null},{"id":"25520256","caption_id":"120462","seq":"20","text":"well-springs of attraction. Rather than aim for a transformation in the types of people","translate_comment":"","start":"126.63","dur":"5.53","is_scores":null,"created_at":"1517502965","updated_at":null},{"id":"25520257","caption_id":"120462","seq":"21","text":"we're attracted to, it may be wiser simply to adjust how we respond and behave around","translate_comment":"","start":"132.16","dur":"6.5","is_scores":null,"created_at":"1517502965","updated_at":null},{"id":"25520258","caption_id":"120462","seq":"22","text":"the occasionally difficult characters whom our past mandates we will find compelling.","translate_comment":"","start":"138.66","dur":"6.73","is_scores":null,"created_at":"1517502965","updated_at":null},{"id":"25520259","caption_id":"120462","seq":"23","text":"Our problems are often generated because we continue to respond to compelling people in","translate_comment":"","start":"145.39","dur":"5.37","is_scores":null,"created_at":"1517502965","updated_at":null},{"id":"25520260","caption_id":"120462","seq":"24","text":"the way we learned to behave as children around their templates. For instance, maybe we had","translate_comment":"","start":"150.76","dur":"6.64","is_scores":null,"created_at":"1517502965","updated_at":null},{"id":"25520261","caption_id":"120462","seq":"25","text":"a rather irate parent who often raised their voice. We loved them, and reacted by feeling","translate_comment":"","start":"157.4","dur":"5.51","is_scores":null,"created_at":"1517502965","updated_at":null},{"id":"25520262","caption_id":"120462","seq":"26","text":"that when they were angry we must be guilty. We got timid or humble. Now if a partner","translate_comment":"","start":"162.91","dur":"6.17","is_scores":null,"created_at":"1517502965","updated_at":null},{"id":"25520263","caption_id":"120462","seq":"27","text":"(to whom we are magnetically drawn) gets cross, we respond as squashed, brow-beaten children:","translate_comment":"","start":"169.08","dur":"7.17","is_scores":null,"created_at":"1517502965","updated_at":null},{"id":"25520264","caption_id":"120462","seq":"28","text":"we sulk, we feel it's our fault, we feel got at and yet deserving of criticism, we","translate_comment":"","start":"176.25","dur":"5.951","is_scores":null,"created_at":"1517502965","updated_at":null},{"id":"25520265","caption_id":"120462","seq":"29","text":"build up a lot of resentment. Or perhaps we're drawn to someone with short-fuse \u2013 which","translate_comment":"","start":"182.201","dur":"5.669","is_scores":null,"created_at":"1517502965","updated_at":null},{"id":"25520266","caption_id":"120462","seq":"30","text":"makes us blow up in turn. Or if we had a fragile, vulnerable parent who was easily hurt, we","translate_comment":"","start":"187.87","dur":"6.479","is_scores":null,"created_at":"1517502965","updated_at":null},{"id":"25520267","caption_id":"120462","seq":"31","text":"readily end up with a partner who is also a bit weak and demands us to care for them;","translate_comment":"","start":"194.349","dur":"5.591","is_scores":null,"created_at":"1517502965","updated_at":null},{"id":"25520268","caption_id":"120462","seq":"32","text":"but then we get frustrated by their weakness \u2013 we tiptoe round them, we try to encourage","translate_comment":"","start":"199.94","dur":"4.91","is_scores":null,"created_at":"1517502965","updated_at":null},{"id":"25520269","caption_id":"120462","seq":"33","text":"and reassure (as we did when we were little) but we also condemn this person for being undeserving.","translate_comment":"","start":"204.85","dur":"4.84","is_scores":null,"created_at":"1517502965","updated_at":null},{"id":"25520270","caption_id":"120462","seq":"34","text":"We probably can't change our templates of attraction. But rather than seek","translate_comment":"","start":"209.69","dur":"6.64","is_scores":null,"created_at":"1517502965","updated_at":null},{"id":"25520271","caption_id":"120462","seq":"35","text":"to radically re-engineer our instincts, what we can do is try to learn to react to desirable","translate_comment":"","start":"216.33","dur":"6.3","is_scores":null,"created_at":"1517502965","updated_at":null},{"id":"25520272","caption_id":"120462","seq":"36","text":"candidates not as we did as children but in the more mature and constructive manner of","translate_comment":"","start":"222.63","dur":"6.09","is_scores":null,"created_at":"1517502965","updated_at":null},{"id":"25520273","caption_id":"120462","seq":"37","text":"a rational adult. There is an enormous opportunity to move ourselves from a childlike to a more","translate_comment":"","start":"228.72","dur":"7.28","is_scores":null,"created_at":"1517502965","updated_at":null},{"id":"25520274","caption_id":"120462","seq":"38","text":"adult pattern of response in relation to the difficulties we are attracted to.","translate_comment":"","start":"236","dur":"4.64","is_scores":null,"created_at":"1517502965","updated_at":null},{"id":"25520275","caption_id":"120462","seq":"39","text":"Consider this table, column A: Partner's tricky behaviour.  Column B: the child-like response on our part.","translate_comment":"","start":"241.44","dur":"8.32","is_scores":null,"created_at":"1517502965","updated_at":null},{"id":"25520276","caption_id":"120462","seq":"40","text":"And column C: The more adult response we should aim for. Raising our voice could lead to a sense of \"it's all my fault\"","translate_comment":"","start":"249.76","dur":"8.64","is_scores":null,"created_at":"1517502965","updated_at":null},{"id":"25520277","caption_id":"120462","seq":"41","text":"The more mature response might be, \"This is their issue, I don't have to feel bad.\"","translate_comment":"","start":"258.4","dur":"4.96","is_scores":null,"created_at":"1517502965","updated_at":null},{"id":"25520278","caption_id":"120462","seq":"42","text":"Or if the partner is rather patronising the child-like response might be; \"I'm so stupid.\"  But the more adult response might be; \"There are lots of kinds of intelligence. And mine is fine.\"","translate_comment":"","start":"263.36","dur":"11.2","is_scores":null,"created_at":"1517502965","updated_at":null},{"id":"25520279","caption_id":"120462","seq":"43","text":"and so on...  Take a moment to look at the chart.","translate_comment":"","start":"274.56","dur":"4.8","is_scores":null,"created_at":"1517502965","updated_at":null},{"id":"25520280","caption_id":"120462","seq":"44","text":"We are almost certainly with somebody with a particularly knotty set of issues which","translate_comment":"","start":"285.44","dur":"5.12","is_scores":null,"created_at":"1517502965","updated_at":null},{"id":"25520281","caption_id":"120462","seq":"45","text":"trigger our desires and our childlike defensive moves. The answer isn't to end the relationship,","translate_comment":"","start":"290.56","dur":"7.81","is_scores":null,"created_at":"1517502965","updated_at":null},{"id":"25520282","caption_id":"120462","seq":"46","text":"but rather to strive to deal with their compelling challenges with some of the wisdom of which","translate_comment":"","start":"298.37","dur":"5.78","is_scores":null,"created_at":"1517502965","updated_at":null},{"id":"25520283","caption_id":"120462","seq":"47","text":"we weren't capable when we first encountered these in a parent or caregiver. It probably","translate_comment":"","start":"304.15","dur":"5.85","is_scores":null,"created_at":"1517502965","updated_at":null},{"id":"25520284","caption_id":"120462","seq":"48","text":"isn't in our remit to locate a wholly grown-up lover. But it's always in our remit to behave","translate_comment":"","start":"310","dur":"7.6","is_scores":null,"created_at":"1517502965","updated_at":null},{"id":"25520285","caption_id":"120462","seq":"49","text":"in more grown-up ways around our partner's less mature sides.","translate_comment":"","start":"317.6","dur":"6.24","is_scores":null,"created_at":"1517502965","updated_at":null},{"id":"25520286","caption_id":"120462","seq":"50","text":"We hope you enjoyed this film, for more from The School of Life you can subscribe to our channel and take a look at our range of products on our website.","translate_comment":"","start":"323.84","dur":"9.92","is_scores":null,"created_at":"1517502965","updated_at":null}],"zh-Hant":[{"id":"27017910","caption_id":"126861","seq":"1","text":"\u7406\u8ad6\u4e0a\uff0c\u6211\u5011\u81ea\u7531\u5730\u9078\u64c7\u6200\u611b\u5c0d\u8c61","translate_comment":"","start":"1.189","dur":"6.221","is_scores":null,"created_at":"1521128745","updated_at":null},{"id":"27017911","caption_id":"126861","seq":"2","text":"\u4e0d\u53d7\u79ae\u4fd7\u3001\u9580\u6236\u3001\u5f8b\u6cd5\u8aa1\u4ee4\u7684\u9650\u5236","translate_comment":"","start":"7.41","dur":"6.07","is_scores":null,"created_at":"1521128745","updated_at":null},{"id":"27017912","caption_id":"126861","seq":"3","text":"\u4e8b\u5be6\u4e0a\uff0c\u64c7\u5076\u4e0d\u5982\u6211\u5011\u6240\u60f3\u7684\u81ea\u7531","translate_comment":"","start":"13.48","dur":"8.41","is_scores":null,"created_at":"1521128745","updated_at":null},{"id":"27017913","caption_id":"126861","seq":"4","text":"\u6211\u5011\u9078\u64c7\u6240\u611b\u3001\u88ab\u5438\u5f15\u7684\u985e\u578b","translate_comment":"","start":"21.89","dur":"5","is_scores":null,"created_at":"1521128745","updated_at":null},{"id":"27017914","caption_id":"126861","seq":"5","text":"\u53ef\u80fd\u88ab\u65e9\u5df2\u6de1\u5fd8\u7684\u7ae5\u5e74\u6240\u727d\u5236","translate_comment":"","start":"26.89","dur":"6.32","is_scores":null,"created_at":"1521128745","updated_at":null},{"id":"27017915","caption_id":"126861","seq":"6","text":"\u4eba\u5011\u7684\u904e\u5f80\u5fc3\u7406\u6b77\u7a0b\uff0c\u4e3b\u5bb0\u4e86\u6200\u611b\u504f\u597d\u3002\u4e00\u5207\u59cb\u65bc\u7ae5\u5e74","translate_comment":"","start":"33.21","dur":"7.8","is_scores":null,"created_at":"1521128745","updated_at":null},{"id":"27017916","caption_id":"126861","seq":"7","text":"\u4eba\u5011\u5c0b\u627e\u80fd\u91cd\u73fe\u7ae5\u5e74\u611b\u7684\u611f\u89ba\u7684\u5c0d\u8c61","translate_comment":"","start":"41.01","dur":"5.329","is_scores":null,"created_at":"1521128745","updated_at":null},{"id":"27017917","caption_id":"126861","seq":"8","text":"\u554f\u984c\u662f\uff0c\u88ab\u6295\u5c04\u7ae5\u5e74\u60c5\u61f7\u7684\u5c0d\u8c61","translate_comment":"","start":"46.339","dur":"5.48","is_scores":null,"created_at":"1521128745","updated_at":null},{"id":"27017918","caption_id":"126861","seq":"9","text":"\u4e0d\u53ef\u80fd\u4e00\u6627\u6177\u6168\u3001\u6eab\u67d4\u3001\u53cb\u611b","translate_comment":"","start":"51.819","dur":"5.591","is_scores":null,"created_at":"1521128745","updated_at":null},{"id":"27017919","caption_id":"126861","seq":"10","text":"\u300c\u611b\u300d\u4e5f\u6709\u9ed1\u6697\u9762\uff1a","translate_comment":"","start":"57.41","dur":"6.14","is_scores":null,"created_at":"1521128745","updated_at":null},{"id":"27017920","caption_id":"126861","seq":"11","text":"\u96e3\u53d7\u7684\u7d93\u9a57\u3001\u8106\u5f31\u6291\u9b31\u7684\u7236\u6bcd\u3001","translate_comment":"","start":"63.55","dur":"5.57","is_scores":null,"created_at":"1521128745","updated_at":null},{"id":"27017921","caption_id":"126861","seq":"12","text":"\u96e3\u6709\u5341\u5168\u5341\u7f8e\u7684\u990a\u80b2\u3002\u9019\u4e9b\u7ae5\u5e74\u7d93\u9a57","translate_comment":"","start":"69.12","dur":"5.87","is_scores":null,"created_at":"1521128745","updated_at":null},{"id":"27017922","caption_id":"126861","seq":"13","text":"\u8b93\u4eba\u5011\u5c0b\u627e\u4e0d\u4e00\u5b9a\u611b\u81ea\u5df1\uff0c\u4f46\u8981\u300c\u719f\u6089\u300d\u7684\u5c0d\u8c61","translate_comment":"","start":"74.99","dur":"7.16","is_scores":null,"created_at":"1521128745","updated_at":null},{"id":"27017923","caption_id":"126861","seq":"14","text":"\u9019\u662f\u96e3\u8a00\u55bb\uff0c\u4f46\u537b\u81f3\u95dc\u91cd\u5927\u7684\u4e8b","translate_comment":"","start":"82.15","dur":"7.1","is_scores":null,"created_at":"1521128745","updated_at":null},{"id":"27017924","caption_id":"126861","seq":"15","text":"\u6211\u5011\u53ef\u80fd\u6703\u6309\u637a\u4e0d\u4f4f\uff0c\u4e00\u518d\u5c0b\u627e\u53ef\u80fd\u4eba\u9078\uff0c\u56e0\u70ba\u6c92\u6709\u4eba\u80fd\u7b26\u5408\u6240\u6709\u8981\u6c42","translate_comment":"","start":"89.25","dur":"4.76","is_scores":null,"created_at":"1521128745","updated_at":null},{"id":"27017925","caption_id":"126861","seq":"16","text":"\u6211\u5011\u53ef\u80fd\u6703\u5acc\u67d0\u4eba\u4e0d\u5920\u6027\u611f\u6216\u592a\u7121\u804a","translate_comment":"","start":"94.01","dur":"6.53","is_scores":null,"created_at":"1521128745","updated_at":null},{"id":"27017926","caption_id":"126861","seq":"17","text":"\u4e8b\u5be6\u4e0a\uff0c\u9019\u662f\u300c\u4ed6\u4e0d\u80fd\u6eff\u8db3\u6211\u5c0d\u771f\u611b\u7684\u689d\u4ef6\u300d","translate_comment":"","start":"100.54","dur":"6.46","is_scores":null,"created_at":"1521128745","updated_at":null},{"id":"27017927","caption_id":"126861","seq":"18","text":"\u9019\u53ef\u4ee5\u7528\u4f86\u5efa\u8b70\u9a0e\u9a62\u627e\u99ac\u7684\u4eba","translate_comment":"","start":"107","dur":"7.12","is_scores":null,"created_at":"1521128745","updated_at":null},{"id":"27017929","caption_id":"126861","seq":"19","text":"\u56e0\u70ba\u9019\u4e0d\u5207\u5be6\u969b\u3002\u5438\u5f15\u529b\u7684\u7de3\u7531\u96e3\u79fb","translate_comment":"","start":"120.23","dur":"6.4","is_scores":null,"created_at":"1521128745","updated_at":null},{"id":"27017930","caption_id":"126861","seq":"20","text":"\u4e0d\u5982\u6539\u8b8a\u81ea\u5df1\u559c\u6b61\u7684\u985e\u578b","translate_comment":"","start":"126.63","dur":"5.53","is_scores":null,"created_at":"1521128745","updated_at":null},{"id":"27017931","caption_id":"126861","seq":"21","text":"\u9762\u5c0d\u7e3d\u662f\u8b93\u6211\u5011\u5fc3\u52d5\u7684\u9ebb\u7169\u4eba\u7269","translate_comment":"","start":"132.16","dur":"6.5","is_scores":null,"created_at":"1521128745","updated_at":null},{"id":"27017932","caption_id":"126861","seq":"22","text":"\u4ee5\u6070\u7576\u7684\u8209\u6b62\u61c9\u5c0d\uff0c\u624d\u662f\u660e\u667a\u4e4b\u8209","translate_comment":"","start":"138.66","dur":"6.73","is_scores":null,"created_at":"1521128745","updated_at":null},{"id":"27017933","caption_id":"126861","seq":"23","text":"\u554f\u984c\u662f\uff0c\u6211\u5011\u7e3d\u662f\u5e0c\u671b\u5c0d\u65b9\u80fd\u6309\u81ea\u5df1\u7ae5\u5e74\u6a21\u5f0f\u9032\u884c","translate_comment":"","start":"145.39","dur":"5.37","is_scores":null,"created_at":"1521128745","updated_at":null},{"id":"27017934","caption_id":"126861","seq":"24","text":"\u8209\u4f8b\u4f86\u8aaa\uff0c\u6211\u5011\u6709\u4e00\u5c0d\u6613\u6012\u7684\u96d9\u89aa","translate_comment":"","start":"150.76","dur":"6.64","is_scores":null,"created_at":"1521128745","updated_at":null},{"id":"27017935","caption_id":"126861","seq":"25","text":"\u56e0\u70ba\u611b\u7236\u6bcd\uff0c\u6240\u4ee5\u5728\u4ed6\u5011\u61a4\u6012\u6642\u5230\u81ea\u8cac","translate_comment":"","start":"157.4","dur":"5.51","is_scores":null,"created_at":"1521128745","updated_at":null},{"id":"27017936","caption_id":"126861","seq":"26","text":"\u628a\u7236\u6bcd\u751f\u6c23\u6b78\u548e\u65bc\u81ea\u5df1\uff0c\u8b8a\u5f97\u81bd\u602f\u5351\u5fae","translate_comment":"","start":"162.91","dur":"6.17","is_scores":null,"created_at":"1521128745","updated_at":null},{"id":"27017937","caption_id":"126861","seq":"27","text":"\u73fe\u5728\u6211\u5011\u6df1\u611b\u7684\u5c0d\u8c61\u751f\u6c23\u4e86\uff0c\u6211\u5011\u540c\u6a23\u8868\u73fe\u51fa\u5351\u8eac\u5c48\u819d\u7684\u6a21\u6a23","translate_comment":"","start":"169.08","dur":"7.17","is_scores":null,"created_at":"1521128745","updated_at":null},{"id":"27017938","caption_id":"126861","seq":"28","text":"\u5373\u4fbf\u4e0d\u5feb\u6a02\uff0c\u4e5f\u602a\u7f6a\u81ea\u5df1\uff0c\u8a8d\u70ba\u88ab\u6279\u8a55\u662f\u61c9\u5f97\u7684","translate_comment":"","start":"176.25","dur":"5.951","is_scores":null,"created_at":"1521128745","updated_at":null},{"id":"27017939","caption_id":"126861","seq":"29","text":"\u6211\u5011\u88ab\u9019\u6a23\u6613\u6012\u7684\u4eba\u5438\u5f15\uff0c\u4e5f\u76f8\u5c0d\u5f71\u97ff\u6211\u5011\u8b8a\u5f97\u6613\u6012","translate_comment":"","start":"182.201","dur":"5.669","is_scores":null,"created_at":"1521128745","updated_at":null},{"id":"27017940","caption_id":"126861","seq":"30","text":"\u6216\u6211\u5011\u6709\u500b\u8106\u5f31\u7684\u7236\u6bcd","translate_comment":"","start":"187.87","dur":"6.479","is_scores":null,"created_at":"1521128745","updated_at":null},{"id":"27017941","caption_id":"126861","seq":"31","text":"\u6211\u5011\u4e5f\u53ef\u80fd\u5c0b\u627e\u540c\u6a23\u5b0c\u5f31\u3001\u9700\u8981\u4ef0\u8cf4\u6211\u5011\u7684\u4eba","translate_comment":"","start":"194.349","dur":"5.591","is_scores":null,"created_at":"1521128745","updated_at":null},{"id":"27017942","caption_id":"126861","seq":"32","text":"\u4e0d\u4e45\u5c31\u6703\u56e0\u4ed6\u5011\u7684\u67d4\u5f31\u800c\u53ad\u7169\u3002\u5c0f\u5fc3\u7ffc\u7ffc\u5730\u7167\u9867\uff0c","translate_comment":"","start":"199.94","dur":"4.91","is_scores":null,"created_at":"1521128745","updated_at":null},{"id":"27017943","caption_id":"126861","seq":"33","text":"\u767e\u822c\u9f13\u52f5\u3001\u4fdd\u8b49\u3002\u4ecd\u6703\u8b74\u8cac\u4ed6\u5011\u4e0d\u503c\u5f97\u5982\u6b64\u76f8\u5f85","translate_comment":"","start":"204.85","dur":"4.84","is_scores":null,"created_at":"1521128745","updated_at":null},{"id":"27017944","caption_id":"126861","seq":"34","text":"\u6211\u5011\u4e5f\u8a31\u4e0d\u80fd\u6539\u8b8a\u8457\u8ff7\u7684\u985e\u578b","translate_comment":"","start":"209.69","dur":"6.64","is_scores":null,"created_at":"1521128745","updated_at":null},{"id":"27017945","caption_id":"126861","seq":"35","text":"\u4f46\u8207\u5176\u518d\u8b93\u81ea\u5df1\u9677\u5165\u7ae5\u5e74\u7aa0\u81fc\uff0c\u6211\u5011\u80fd\u8a66\u8457\u5b78\u7fd2","translate_comment":"","start":"216.33","dur":"6.3","is_scores":null,"created_at":"1521128745","updated_at":null},{"id":"27017946","caption_id":"126861","seq":"36","text":"\u63a5\u53d7\u66f4\u6210\u719f\u3001\u5b8c\u6574\u3001\u7406\u6027\u7684\u5c0d\u8c61","translate_comment":"","start":"222.63","dur":"6.09","is_scores":null,"created_at":"1521128745","updated_at":null},{"id":"27017947","caption_id":"126861","seq":"37","text":"\u5f9e\u5e7c\u7a1a\uff0c\u9081\u5411\u6210\u719f\u4e4b\u9593\u7684\u5dee\u8ddd","translate_comment":"","start":"228.72","dur":"7.28","is_scores":null,"created_at":"1521128745","updated_at":null},{"id":"27017948","caption_id":"126861","seq":"38","text":"\u8207\u6211\u5011\u57f7\u8ff7\u7684\u56f0\u96e3\u6709\u95dc","translate_comment":"","start":"236","dur":"4.64","is_scores":null,"created_at":"1521128745","updated_at":null},{"id":"27017949","caption_id":"126861","seq":"39","text":"\u770b\u770b\u9019\u500b\u8868\uff0cA\u6b04 : \u5c0d\u65b9\u884c\u70ba\uff0cB\u6b04 : \u81ea\u5df1\u672a\u6210\u719f\u7684\u53cd\u61c9","translate_comment":"","start":"241.44","dur":"8.32","is_scores":null,"created_at":"1521128745","updated_at":null},{"id":"27017950","caption_id":"126861","seq":"40","text":"C\u6b04 : \u6210\u719f\u7684\u76ee\u6a19\u4f5c\u70ba\u3002\u300c\u8b1b\u8a71\u63d0\u9ad8\u97f3\u91cf\u300d\u5c0e\u81f4\u300c\u81ea\u8cac\u300d","translate_comment":"","start":"249.76","dur":"8.64","is_scores":null,"created_at":"1521128745","updated_at":null},{"id":"27017951","caption_id":"126861","seq":"41","text":"\u6210\u719f\u7684\u60f3\u6cd5\u53ef\u4ee5\u662f\u300c\u9019\u662f\u4ed6\u5011\u7684\u554f\u984c\uff0c\u6211\u7121\u9700\u70ba\u6b64\u56f0\u64fe\u3002\u300d","translate_comment":"","start":"258.4","dur":"4.96","is_scores":null,"created_at":"1521128745","updated_at":null},{"id":"27017952","caption_id":"126861","seq":"42","text":"\u6216\u662f\u300c\u5b0c\u5f31\u7684\u7236\u6bcd\u300d\u5c0e\u81f4\u5b69\u5b50\u81ea\u8a8d\u611a\u7b28\uff0c\u6210\u719f\u7684\u60f3\u6cd5\u53ef\u80fd\u662f\u300c\u8070\u660e\u667a\u6167\u6709\u5f88\u591a\u7a2e\uff0c\u50cf\u6211\u4e5f\u4e0d\u932f\u3002\u300d","translate_comment":"","start":"263.36","dur":"11.2","is_scores":null,"created_at":"1521128745","updated_at":null},{"id":"27017953","caption_id":"126861","seq":"43","text":"\u8af8\u5982\u6b64\u985e\uff0c\u770b\u4e00\u4e0b\u9019\u5f35\u8868","translate_comment":"","start":"274.56","dur":"4.8","is_scores":null,"created_at":"1521128745","updated_at":null},{"id":"27017954","caption_id":"126861","seq":"44","text":"\u6211\u5011\u5e7e\u4e4e\u8207\u4ed6\u4eba\u90fd\u6709\u5c64\u8907\u96dc\u68d8\u624b\u7684\u95dc\u4fc2","translate_comment":"","start":"285.44","dur":"5.12","is_scores":null,"created_at":"1521128745","updated_at":null},{"id":"27017955","caption_id":"126861","seq":"45","text":"\u6fc0\u8d77\u6211\u5011\u7684\u9050\u60f3\u8207\u7ae5\u5e74\u7684\u9632\u885b\u8209\u52d5\u3002\u4e26\u4e0d\u662f\u8981\u4f60\u7d50\u675f\u9019\u6a23\u7684\u95dc\u4fc2","translate_comment":"","start":"290.56","dur":"7.81","is_scores":null,"created_at":"1521128745","updated_at":null},{"id":"27017956","caption_id":"126861","seq":"46","text":"\u800c\u662f\u4ee5\u667a\u6167\u529b\u6297\u7236\u6bcd\u6216\u7167\u9867\u8005\u7d66\u6211\u5011\u7684\u96e3\u984c","translate_comment":"","start":"298.37","dur":"5.78","is_scores":null,"created_at":"1521128745","updated_at":null},{"id":"27017957","caption_id":"126861","seq":"47","text":"\u5118\u7ba1\u66fe\u8b93\u5e74\u5e7c\u7684\u6211\u5011\u7121\u8a08\u53ef\u65bd","translate_comment":"","start":"304.15","dur":"5.85","is_scores":null,"created_at":"1521128745","updated_at":null},{"id":"27017958","caption_id":"126861","seq":"48","text":"\u4e0d\u5168\u7136\u662f\u5bec\u6055\u4f60\u7684\u611b\u4eba","translate_comment":"","start":"310","dur":"7.6","is_scores":null,"created_at":"1521128745","updated_at":null},{"id":"27017959","caption_id":"126861","seq":"49","text":"\u800c\u662f\u4ee5\u66f4\u6210\u719f\u65b9\u5f0f\u5305\u5bb9\u5c0d\u65b9\u7684\u4e0d\u6210\u719f","translate_comment":"","start":"317.6","dur":"6.24","is_scores":null,"created_at":"1521128745","updated_at":null},{"id":"27017960","caption_id":"126861","seq":"50","text":"\u5e0c\u671b\u4f60\u559c\u6b61\uff0c\u4f60\u53ef\u4ee5\u8a02\u95b1\u6216\u9032\u5230\u6211\u5011\u7684\u7db2\u7ad9\uff0c\u89c0\u770b\u66f4\u591a The School of Life \u7684\u5f71\u7247","translate_comment":"","start":"323.84","dur":"9.92","is_scores":null,"created_at":"1521128745","updated_at":null}]}