{"en":[{"id":"27699397","caption_id":"129577","seq":"1","text":"If you look at the DeleteFacebook hashtag,","translate_comment":"","start":"0.9","dur":"3","is_scores":null,"created_at":"1522232705","updated_at":null},{"id":"27699398","caption_id":"129577","seq":"2","text":"people are really angry.","translate_comment":"","start":"3.9","dur":"1.06","is_scores":null,"created_at":"1522232705","updated_at":null},{"id":"27699399","caption_id":"129577","seq":"3","text":"And I think they\u2019re sort of becoming","translate_comment":"","start":"4.96","dur":"1.67","is_scores":null,"created_at":"1522232705","updated_at":null},{"id":"27699400","caption_id":"129577","seq":"4","text":"aware of the extent to which they\u2019re","translate_comment":"","start":"6.63","dur":"2.04","is_scores":null,"created_at":"1522232705","updated_at":null},{"id":"27699401","caption_id":"129577","seq":"5","text":"being watched and tracked.","translate_comment":"","start":"8.67","dur":"1.8","is_scores":null,"created_at":"1522232705","updated_at":null},{"id":"27699402","caption_id":"129577","seq":"6","text":"This feels like it\u2019s a turning point for many of the people","translate_comment":"","start":"10.47","dur":"3.75","is_scores":null,"created_at":"1522232705","updated_at":null},{"id":"27699403","caption_id":"129577","seq":"7","text":"who use Facebook and aren\u2019t happy about how their data is being used.","translate_comment":"","start":"14.22","dur":"3.81","is_scores":null,"created_at":"1522232705","updated_at":null},{"id":"27699405","caption_id":"129577","seq":"8","text":"And the more they find out, the less happy they are.","translate_comment":"","start":"18.12","dur":"2.4","is_scores":null,"created_at":"1522232705","updated_at":null},{"id":"27699406","caption_id":"129577","seq":"9","text":"I think people underestimate how hard","translate_comment":"","start":"23.349","dur":"1.541","is_scores":null,"created_at":"1522232705","updated_at":null},{"id":"27699407","caption_id":"129577","seq":"10","text":"it is to untangle ourselves from a social network like Facebook.","translate_comment":"","start":"24.89","dur":"6.43","is_scores":null,"created_at":"1522232705","updated_at":null},{"id":"27699408","caption_id":"129577","seq":"11","text":"So before you delete your Facebook account, just","translate_comment":"","start":"31.32","dur":"1.67","is_scores":null,"created_at":"1522232705","updated_at":null},{"id":"27699409","caption_id":"129577","seq":"12","text":"remember that it\u2019s not just Facebook that you\u2019ll","translate_comment":"","start":"32.99","dur":"2.61","is_scores":null,"created_at":"1522232705","updated_at":null},{"id":"27699410","caption_id":"129577","seq":"13","text":"be losing access to.","translate_comment":"","start":"35.6","dur":"0.99","is_scores":null,"created_at":"1522232705","updated_at":null},{"id":"27699411","caption_id":"129577","seq":"14","text":"It\u2019s also all of the third-party apps","translate_comment":"","start":"36.59","dur":"2.58","is_scores":null,"created_at":"1522232705","updated_at":null},{"id":"27699412","caption_id":"129577","seq":"15","text":"that you use Facebook to log in to","translate_comment":"","start":"39.17","dur":"2.76","is_scores":null,"created_at":"1522232705","updated_at":null},{"id":"27699413","caption_id":"129577","seq":"16","text":"or that are connected or plugged into your Facebook account.","translate_comment":"","start":"41.93","dur":"3.57","is_scores":null,"created_at":"1522232705","updated_at":null},{"id":"27699414","caption_id":"129577","seq":"17","text":"So it\u2019s important before you make","translate_comment":"","start":"45.5","dur":"1.05","is_scores":null,"created_at":"1522232705","updated_at":null},{"id":"27699415","caption_id":"129577","seq":"18","text":"this choice to go through those apps,","translate_comment":"","start":"46.55","dur":"2.729","is_scores":null,"created_at":"1522232705","updated_at":null},{"id":"27699416","caption_id":"129577","seq":"19","text":"see which ones you still need access to,","translate_comment":"","start":"49.28","dur":"2.46","is_scores":null,"created_at":"1522232705","updated_at":null},{"id":"27699417","caption_id":"129577","seq":"20","text":"and if there are any, to switch your login from Facebook","translate_comment":"","start":"51.74","dur":"3.12","is_scores":null,"created_at":"1522232705","updated_at":null},{"id":"27699418","caption_id":"129577","seq":"21","text":"to something else.","translate_comment":"","start":"54.86","dur":"1.56","is_scores":null,"created_at":"1522232705","updated_at":null},{"id":"27699419","caption_id":"129577","seq":"22","text":"So you can still access it even after you\u2019ve deleted your Facebook account.","translate_comment":"","start":"56.42","dur":"3.49","is_scores":null,"created_at":"1522232705","updated_at":null},{"id":"27699421","caption_id":"129577","seq":"23","text":"And there are just some apps that you won\u2019t have access to if you delete your Facebook account.","translate_comment":"","start":"59.96","dur":"4.29","is_scores":null,"created_at":"1522232705","updated_at":null},{"id":"27699423","caption_id":"129577","seq":"24","text":"Facebook has a lot of ways to track your activity","translate_comment":"","start":"67.25","dur":"2.92","is_scores":null,"created_at":"1522232705","updated_at":null},{"id":"27699424","caption_id":"129577","seq":"25","text":"even if you\u2019re not logged in or if you delete your account","translate_comment":"","start":"70.17","dur":"2.78","is_scores":null,"created_at":"1522232705","updated_at":null},{"id":"27699425","caption_id":"129577","seq":"26","text":"entirely, and it uses what it calls the social graph","translate_comment":"","start":"72.95","dur":"4.74","is_scores":null,"created_at":"1522232705","updated_at":null},{"id":"27699426","caption_id":"129577","seq":"27","text":"to track the activity of people across the internet","translate_comment":"","start":"77.69","dur":"3.03","is_scores":null,"created_at":"1522232705","updated_at":null},{"id":"27699427","caption_id":"129577","seq":"28","text":"beyond just Facebook.com.","translate_comment":"","start":"80.72","dur":"3.09","is_scores":null,"created_at":"1522232705","updated_at":null},{"id":"27699428","caption_id":"129577","seq":"29","text":"This accounts for everyone who uses the internet,","translate_comment":"","start":"83.81","dur":"2.96","is_scores":null,"created_at":"1522232705","updated_at":null},{"id":"27699429","caption_id":"129577","seq":"30","text":"and you don\u2019t have to have a Facebook profile to be","translate_comment":"","start":"86.77","dur":"3.159","is_scores":null,"created_at":"1522232705","updated_at":null},{"id":"27699430","caption_id":"129577","seq":"31","text":"tracked by Facebook.","translate_comment":"","start":"89.93","dur":"1.17","is_scores":null,"created_at":"1522232705","updated_at":null},{"id":"27699431","caption_id":"129577","seq":"32","text":"For example, if your friends have Facebook","translate_comment":"","start":"91.1","dur":"3.06","is_scores":null,"created_at":"1522232705","updated_at":null},{"id":"27699432","caption_id":"129577","seq":"33","text":"accounts or Facebook Messenger accounts","translate_comment":"","start":"94.16","dur":"3.04","is_scores":null,"created_at":"1522232705","updated_at":null},{"id":"27699433","caption_id":"129577","seq":"34","text":"and if they\u2019ve uploaded their contacts to Facebook","translate_comment":"","start":"97.2","dur":"3.3","is_scores":null,"created_at":"1522232705","updated_at":null},{"id":"27699434","caption_id":"129577","seq":"35","text":"and if you\u2019re one of their contacts, then","translate_comment":"","start":"100.5","dur":"1.94","is_scores":null,"created_at":"1522232705","updated_at":null},{"id":"27699435","caption_id":"129577","seq":"36","text":"Facebook knows your name and your phone number","translate_comment":"","start":"102.44","dur":"2.97","is_scores":null,"created_at":"1522232705","updated_at":null},{"id":"27699436","caption_id":"129577","seq":"37","text":"and can track you. When you deactivate or delete","translate_comment":"","start":"105.41","dur":"6.42","is_scores":null,"created_at":"1522232705","updated_at":null},{"id":"27699437","caption_id":"129577","seq":"38","text":"your Facebook profile, your profile disappears","translate_comment":"","start":"111.83","dur":"3.15","is_scores":null,"created_at":"1522232705","updated_at":null},{"id":"27699438","caption_id":"129577","seq":"39","text":"and people can\u2019t see what you posted or search for you.","translate_comment":"","start":"114.98","dur":"3.33","is_scores":null,"created_at":"1522232705","updated_at":null},{"id":"27699439","caption_id":"129577","seq":"40","text":"But all of the data that you gave over to third-party app","translate_comment":"","start":"118.31","dur":"3.33","is_scores":null,"created_at":"1522232705","updated_at":null},{"id":"27699440","caption_id":"129577","seq":"41","text":"developers is still out there.","translate_comment":"","start":"121.64","dur":"2.26","is_scores":null,"created_at":"1522232705","updated_at":null},{"id":"27699441","caption_id":"129577","seq":"42","text":"And those developers are not required","translate_comment":"","start":"123.9","dur":"2.51","is_scores":null,"created_at":"1522232705","updated_at":null},{"id":"27699442","caption_id":"129577","seq":"43","text":"to delete it or do anything with it.","translate_comment":"","start":"126.41","dur":"2.46","is_scores":null,"created_at":"1522232705","updated_at":null},{"id":"27699443","caption_id":"129577","seq":"44","text":"They can use it however they want.","translate_comment":"","start":"128.87","dur":"1.638","is_scores":null,"created_at":"1522232705","updated_at":null},{"id":"27699444","caption_id":"129577","seq":"45","text":"For as long as they want.","translate_comment":"","start":"130.508","dur":"2.032","is_scores":null,"created_at":"1522232705","updated_at":null},{"id":"27699445","caption_id":"129577","seq":"46","text":"There\u2019s a whole list of ways that Facebook will track you","translate_comment":"","start":"132.54","dur":"2.9","is_scores":null,"created_at":"1522232705","updated_at":null},{"id":"27699446","caption_id":"129577","seq":"47","text":"outside of Facebook.com.","translate_comment":"","start":"135.44","dur":"1.81","is_scores":null,"created_at":"1522232705","updated_at":null},{"id":"27699447","caption_id":"129577","seq":"48","text":"To do the full cleanse,","translate_comment":"","start":"137.35","dur":"2.08","is_scores":null,"created_at":"1522232705","updated_at":null},{"id":"27699448","caption_id":"129577","seq":"49","text":"you would have to actually manually block a list of URLs that they use to track you.","translate_comment":"","start":"139.53","dur":"5.18","is_scores":null,"created_at":"1522232705","updated_at":null},{"id":"27699449","caption_id":"129577","seq":"50","text":"These are the lengths you\u2019d have to go to if you truly wanted","translate_comment":"","start":"144.71","dur":"2.94","is_scores":null,"created_at":"1522232705","updated_at":null},{"id":"27699450","caption_id":"129577","seq":"51","text":"to get off of Facebook\u2019s grid.","translate_comment":"","start":"147.65","dur":"2.87","is_scores":null,"created_at":"1522232705","updated_at":null}],"zh-Hant":[{"id":"27699551","caption_id":"129579","seq":"1","text":"\u5982\u679c\u4f60\u770b\u522a\u9664\u81c9\u66f8\u5e33\u865f\u7684\u4e3b\u984c\u6a19\u7c64\uff0c","translate_comment":"","start":"0.9","dur":"3","is_scores":null,"created_at":"1522233195","updated_at":null},{"id":"27699552","caption_id":"129579","seq":"2","text":"\u4f60\u6703\u767c\u73fe\u4eba\u5011\u975e\u5e38\u751f\u6c23","translate_comment":"","start":"3.9","dur":"1.06","is_scores":null,"created_at":"1522233195","updated_at":null},{"id":"27699553","caption_id":"129579","seq":"3","text":"\u6211\u89ba\u5f97\u4eba\u5011\u958b\u59cb","translate_comment":"","start":"4.96","dur":"1.67","is_scores":null,"created_at":"1522233195","updated_at":null},{"id":"27699554","caption_id":"129579","seq":"4","text":"\u610f\u8b58\u5230\u81ea\u5df1\u6709\u67d0\u7a2e\u7a0b\u5ea6\u4e0a","translate_comment":"","start":"6.63","dur":"2.04","is_scores":null,"created_at":"1522233195","updated_at":null},{"id":"27699555","caption_id":"129579","seq":"5","text":"\u88ab\u76e3\u8996\u53ca\u8ffd\u8e64","translate_comment":"","start":"8.67","dur":"1.8","is_scores":null,"created_at":"1522233195","updated_at":null},{"id":"27699556","caption_id":"129579","seq":"6","text":"\u5c0d\u65bc\u8a31\u591a\u81c9\u66f8\u7528\u6236\u4f86\u8aaa\uff0c\u9019\u662f\u500b\u8f49\u6369\u9ede","translate_comment":"","start":"10.47","dur":"3.75","is_scores":null,"created_at":"1522233195","updated_at":null},{"id":"27699557","caption_id":"129579","seq":"7","text":"\u4ed6\u5011\u56e0\u70ba\u4e0d\u77e5\u9053\u81ea\u5df1\u7684\u8cc7\u6599\u662f\u5982\u4f55\u88ab\u904b\u7528\u800c\u5f88\u4e0d\u958b\u5fc3","translate_comment":"","start":"14.22","dur":"3.81","is_scores":null,"created_at":"1522233195","updated_at":null},{"id":"27699559","caption_id":"129579","seq":"8","text":"\u7528\u6236\u82e5\u767c\u73fe\u8d8a\u591a\u5167\u5e55\uff0c\u4ed6\u5011\u5c31\u8d8a\u4e0d\u958b\u5fc3","translate_comment":"","start":"18.12","dur":"2.4","is_scores":null,"created_at":"1522233195","updated_at":null},{"id":"27699560","caption_id":"129579","seq":"9","text":"\u4e0d\u904e\uff0c\u6211\u8a8d\u70ba\u4eba\u5011\u4f4e\u4f30\u4e86","translate_comment":"","start":"23.349","dur":"1.541","is_scores":null,"created_at":"1522233195","updated_at":null},{"id":"27699561","caption_id":"129579","seq":"10","text":"\u628a\u81ea\u5df1\u5f9e\u50cf\u662f\u81c9\u66f8\u9019\u985e\u7684\u793e\u7fa4\u7db2\u7d61\u89e3\u6551\u51fa\u4f86\u7684\u96e3\u5ea6","translate_comment":"","start":"24.89","dur":"6.43","is_scores":null,"created_at":"1522233195","updated_at":null},{"id":"27699562","caption_id":"129579","seq":"11","text":"\u6240\u4ee5\uff0c\u5728\u4f60\u522a\u9664\u4f60\u7684\u81c9\u66f8\u5e33\u865f\u4e4b\u524d\uff0c","translate_comment":"","start":"31.32","dur":"1.67","is_scores":null,"created_at":"1522233195","updated_at":null},{"id":"27699563","caption_id":"129579","seq":"12","text":"\u8acb\u8a18\u4f4f\u4e0d\u5149\u53ea\u6709\u81c9\u66f8","translate_comment":"","start":"32.99","dur":"2.61","is_scores":null,"created_at":"1522233195","updated_at":null},{"id":"27699564","caption_id":"129579","seq":"13","text":"\u6703\u88ab\u522a\u9664","translate_comment":"","start":"35.6","dur":"0.99","is_scores":null,"created_at":"1522233195","updated_at":null},{"id":"27699565","caption_id":"129579","seq":"14","text":"\u9084\u6709\u90a3\u4e9b\u7b2c\u4e09\u65b9\u7684\u7a0b\u5f0f\u3001","translate_comment":"","start":"36.59","dur":"2.58","is_scores":null,"created_at":"1522233195","updated_at":null},{"id":"27699566","caption_id":"129579","seq":"15","text":"\u4f60\u66fe\u63a5\u4f7f\u7528\u81c9\u66f8\u767b\u5165\u3001","translate_comment":"","start":"39.17","dur":"2.76","is_scores":null,"created_at":"1522233195","updated_at":null},{"id":"27699567","caption_id":"129579","seq":"16","text":"\u6216\u662f\u548c\u4f60\u7684\u81c9\u66f8\u5e33\u865f\u9023\u7d50\u6216\u9023\u52d5\u7684\u7db2\u7ad9","translate_comment":"","start":"41.93","dur":"3.57","is_scores":null,"created_at":"1522233195","updated_at":null},{"id":"27699568","caption_id":"129579","seq":"17","text":"\u6240\u4ee5\u5728\u4f60\u522a\u9664\u81c9\u66f8\u4e4b\u524d","translate_comment":"","start":"45.5","dur":"1.05","is_scores":null,"created_at":"1522233195","updated_at":null},{"id":"27699569","caption_id":"129579","seq":"18","text":"\u4e00\u5b9a\u8981\u700f\u89bd\u904e\u9019\u4e9b\u8207\u81c9\u66f8\u9023\u7d50\u7684\u7a0b\u5f0f\uff0c","translate_comment":"","start":"46.55","dur":"2.729","is_scores":null,"created_at":"1522233195","updated_at":null},{"id":"27699570","caption_id":"129579","seq":"19","text":"\u770b\u770b\u54ea\u4e9b\u4f60\u9084\u9700\u8981\u4f7f\u7528\uff0c","translate_comment":"","start":"49.28","dur":"2.46","is_scores":null,"created_at":"1522233195","updated_at":null},{"id":"27699571","caption_id":"129579","seq":"20","text":"\u5982\u679c\u6709\u7684\u8a71\uff0c\u628a\u4ed6\u5011\u7684\u81c9\u66f8\u767b\u5165","translate_comment":"","start":"51.74","dur":"3.12","is_scores":null,"created_at":"1522233195","updated_at":null},{"id":"27699572","caption_id":"129579","seq":"21","text":"\u6539\u6210\u5176\u4ed6\u7684\u767b\u5165\u65b9\u5f0f","translate_comment":"","start":"54.86","dur":"1.56","is_scores":null,"created_at":"1522233195","updated_at":null},{"id":"27699573","caption_id":"129579","seq":"22","text":"\u6240\u4ee5\u5373\u4f7f\u522a\u9664\u4e86\u81c9\u66f8\uff0c\u4f60\u9084\u662f\u80fd\u767b\u5165\u9019\u4e9b\u7db2\u7ad9","translate_comment":"","start":"56.42","dur":"3.49","is_scores":null,"created_at":"1522233195","updated_at":null},{"id":"27699575","caption_id":"129579","seq":"23","text":"\u4f46\uff0c\u5982\u679c\u4f60\u522a\u9664\u4e86\u81c9\u66f8\uff0c\u9084\u662f\u6703\u6709\u4e00\u4e9b\u7a0b\u5f0f\u662f\u4f60\u7121\u6cd5\u5b58\u53d6\u7684","translate_comment":"","start":"59.96","dur":"4.29","is_scores":null,"created_at":"1522233195","updated_at":null},{"id":"27699577","caption_id":"129579","seq":"24","text":"\u81c9\u66f8\u6709\u5f88\u591a\u65b9\u5f0f\u4f86\u8ffd\u8e64\u4f60\u7684\u6d3b\u52d5","translate_comment":"","start":"67.25","dur":"2.92","is_scores":null,"created_at":"1522233195","updated_at":null},{"id":"27699578","caption_id":"129579","seq":"25","text":"\u5373\u4f7f\u4f60\u6c92\u6709\u767b\u5165\u6216\u751a\u81f3\u5df2\u7d93\u5b8c\u5168\u522a\u9664\u81c9\u66f8","translate_comment":"","start":"70.17","dur":"2.78","is_scores":null,"created_at":"1522233195","updated_at":null},{"id":"27699579","caption_id":"129579","seq":"26","text":"\u81c9\u66f8\u4f7f\u7528\u4e00\u500b\u540d\u70ba\u793e\u4ea4\u5716\u8868\u7684\u6771\u897f","translate_comment":"","start":"72.95","dur":"4.74","is_scores":null,"created_at":"1522233195","updated_at":null},{"id":"27699580","caption_id":"129579","seq":"27","text":"\u4f86\u8ffd\u8e64\u6574\u500b\u7db2\u8def\u7684\u4f7f\u7528\u8005","translate_comment":"","start":"77.69","dur":"3.03","is_scores":null,"created_at":"1522233195","updated_at":null},{"id":"27699581","caption_id":"129579","seq":"28","text":"\u9019\u4e0d\u5149\u53ea\u6709\u81c9\u66f8\u7684\u7528\u6236","translate_comment":"","start":"80.72","dur":"3.09","is_scores":null,"created_at":"1522233195","updated_at":null},{"id":"27699582","caption_id":"129579","seq":"29","text":"\u9019\u500b\u5716\u8868\u662f\u91dd\u5c0d\u6240\u6709\u4f7f\u7528\u7db2\u8def\u7684\u4eba\uff0c","translate_comment":"","start":"83.81","dur":"2.96","is_scores":null,"created_at":"1522233195","updated_at":null},{"id":"27699583","caption_id":"129579","seq":"30","text":"\u800c\u4e14\u4f60\u4e0d\u9700\u8981\u6709\u81c9\u66f8\u5e33\u865f","translate_comment":"","start":"86.77","dur":"3.159","is_scores":null,"created_at":"1522233195","updated_at":null},{"id":"27699584","caption_id":"129579","seq":"31","text":"\u5c31\u6703\u88ab\u81c9\u66f8\u8ffd\u8e64","translate_comment":"","start":"89.93","dur":"1.17","is_scores":null,"created_at":"1522233195","updated_at":null},{"id":"27699585","caption_id":"129579","seq":"32","text":"\u8209\u4f8b\u4f86\u8aaa\uff0c\u5982\u679c\u4f60\u670b\u53cb\u6709\u81c9\u66f8\u5e33\u865f","translate_comment":"","start":"91.1","dur":"3.06","is_scores":null,"created_at":"1522233195","updated_at":null},{"id":"27699586","caption_id":"129579","seq":"33","text":"\u6216\u662f  Messenger \u7684\u5e33\u865f","translate_comment":"","start":"94.16","dur":"3.04","is_scores":null,"created_at":"1522233195","updated_at":null},{"id":"27699587","caption_id":"129579","seq":"34","text":"\u800c\u4ed6\u5011\u6709\u4e0a\u50b3\u4ed6\u5011\u7684\u806f\u7d61\u8cc7\u8a0a\u5230\u81c9\u66f8","translate_comment":"","start":"97.2","dur":"3.3","is_scores":null,"created_at":"1522233195","updated_at":null},{"id":"27699588","caption_id":"129579","seq":"35","text":"\u800c\u4f60\u53c8\u662f\u4ed6\u5011\u7684\u806f\u7d61\u4eba\u4e4b\u4e00","translate_comment":"","start":"100.5","dur":"1.94","is_scores":null,"created_at":"1522233195","updated_at":null},{"id":"27699589","caption_id":"129579","seq":"36","text":"\u5982\u6b64\u4e00\u4f86\uff0c\u81c9\u66f8\u5c31\u77e5\u9053\u4f60\u7684\u540d\u5b57\u3001\u865f\u78bc","translate_comment":"","start":"102.44","dur":"2.97","is_scores":null,"created_at":"1522233195","updated_at":null},{"id":"27699590","caption_id":"129579","seq":"37","text":"\u7136\u5f8c\u8ffd\u8e64\u4f60\u3002\u7576\u4f60\u95dc\u9589\u6216\u522a\u9664\u81c9\u66f8\u5e33\u865f","translate_comment":"","start":"105.41","dur":"6.42","is_scores":null,"created_at":"1522233195","updated_at":null},{"id":"27699591","caption_id":"129579","seq":"38","text":"\u4f60\u7684\u4e3b\u9801\u6703\u6d88\u5931\uff0c\u800c\u5176\u4ed6\u4eba\u5c31\u7121\u6cd5","translate_comment":"","start":"111.83","dur":"3.15","is_scores":null,"created_at":"1522233195","updated_at":null},{"id":"27699592","caption_id":"129579","seq":"39","text":"\u770b\u5230\u4f60\u7684\u904e\u53bb\u7684\u8cbc\u6587\u6216\u662f\u641c\u5c0b\u5230\u4f60","translate_comment":"","start":"114.98","dur":"3.33","is_scores":null,"created_at":"1522233195","updated_at":null},{"id":"27699593","caption_id":"129579","seq":"40","text":"\u4f46\u662f\u4f60\u66fe\u7d93\u7d66\u7b2c\u4e09\u65b9\u7a0b\u5f0f\u958b\u767c\u8005","translate_comment":"","start":"118.31","dur":"3.33","is_scores":null,"created_at":"1522233195","updated_at":null},{"id":"27699594","caption_id":"129579","seq":"41","text":"\u7684\u8cc7\u6599\u9084\u662f\u5b58\u5728","translate_comment":"","start":"121.64","dur":"2.26","is_scores":null,"created_at":"1522233195","updated_at":null},{"id":"27699595","caption_id":"129579","seq":"42","text":"\u800c\u90a3\u4e9b\u958b\u767c\u8005\u4e26\u6c92\u6709\u88ab\u8981\u6c42","translate_comment":"","start":"123.9","dur":"2.51","is_scores":null,"created_at":"1522233195","updated_at":null},{"id":"27699596","caption_id":"129579","seq":"43","text":"\u8981\u522a\u9664\u6216\u662f\u63a1\u53d6\u5176\u4ed6\u884c\u52d5","translate_comment":"","start":"126.41","dur":"2.46","is_scores":null,"created_at":"1522233195","updated_at":null},{"id":"27699597","caption_id":"129579","seq":"44","text":"\u4ed6\u5011\u53ef\u4ee5\u70ba\u6240\u6b32\u70ba","translate_comment":"","start":"128.87","dur":"1.638","is_scores":null,"created_at":"1522233195","updated_at":null},{"id":"27699598","caption_id":"129579","seq":"45","text":"\u751a\u81f3\u6c92\u6709\u6642\u9593\u9650\u5236","translate_comment":"","start":"130.508","dur":"2.032","is_scores":null,"created_at":"1522233195","updated_at":null},{"id":"27699599","caption_id":"129579","seq":"46","text":"\u81c9\u66f8\u6709\u4e00\u5927\u5806\u65b9\u5f0f\u4f86\u8ffd\u8e64","translate_comment":"","start":"132.54","dur":"2.9","is_scores":null,"created_at":"1522233195","updated_at":null},{"id":"27699600","caption_id":"129579","seq":"47","text":"\u4f60\u5728\u81c9\u66f8\u4ee5\u5916\u7684\u6d3b\u52d5","translate_comment":"","start":"135.44","dur":"1.81","is_scores":null,"created_at":"1522233195","updated_at":null},{"id":"27699601","caption_id":"129579","seq":"48","text":"\u8981\u5fb9\u5e95\u6e05\u9664\uff0c","translate_comment":"","start":"137.35","dur":"2.08","is_scores":null,"created_at":"1522233195","updated_at":null},{"id":"27699602","caption_id":"129579","seq":"49","text":"\u4f60\u5fc5\u9808\u8981\u624b\u52d5\u5c01\u9396\u4e00\u9577\u4e32\u7684\u7db2\u5740","translate_comment":"","start":"139.53","dur":"5.18","is_scores":null,"created_at":"1522233195","updated_at":null},{"id":"27699603","caption_id":"129579","seq":"50","text":"\u800c\u4f60\u6240\u770b\u5230\u7684\u9019\u4e9b\u5c31\u662f\u4f60\u5be6\u969b\u4e0a\u8981\u624b\u52d5\u5c01\u9396\u7684\u7db2\u5740","translate_comment":"","start":"144.71","dur":"2.94","is_scores":null,"created_at":"1522233195","updated_at":null},{"id":"27699604","caption_id":"129579","seq":"51","text":"\u5982\u679c\u4f60\u771f\u7684\u60f3\u8981\u5b8c\u5168\u64fa\u812b\u81c9\u66f8\u7684\u8a71","translate_comment":"","start":"147.65","dur":"2.87","is_scores":null,"created_at":"1522233195","updated_at":null}]}