{"en":[{"id":"25591561","caption_id":"120662","seq":"1","text":"Hey there!","translate_comment":"","start":"0.59","dur":"0.999","is_scores":null,"created_at":"1517892934","updated_at":null},{"id":"25591562","caption_id":"120662","seq":"2","text":"Welcome to Life Noggin.","translate_comment":"","start":"1.59","dur":"1.549","is_scores":null,"created_at":"1517892934","updated_at":null},{"id":"25591563","caption_id":"120662","seq":"3","text":"You know those nights where you're lying in bed and realize you forgot to brush your","translate_comment":"","start":"3.139","dur":"3.56","is_scores":null,"created_at":"1517892934","updated_at":null},{"id":"25591564","caption_id":"120662","seq":"4","text":"teeth and you're like, \"Do I really need to get up?\"","translate_comment":"","start":"6.7","dur":"2.79","is_scores":null,"created_at":"1517892934","updated_at":null},{"id":"25591565","caption_id":"120662","seq":"5","text":"Well, skipping one night wouldn't be the end of the world but what would happen if","translate_comment":"","start":"9.49","dur":"4.23","is_scores":null,"created_at":"1517892934","updated_at":null},{"id":"25591566","caption_id":"120662","seq":"6","text":"you never brushed your teeth?","translate_comment":"","start":"13.72","dur":"1.68","is_scores":null,"created_at":"1517892934","updated_at":null},{"id":"25591567","caption_id":"120662","seq":"7","text":"Like, ever?","translate_comment":"","start":"15.4","dur":"1","is_scores":null,"created_at":"1517892934","updated_at":null},{"id":"25591568","caption_id":"120662","seq":"8","text":"Well, it's actually a lot worse than you think.","translate_comment":"","start":"16.4","dur":"2.559","is_scores":null,"created_at":"1517892934","updated_at":null},{"id":"25591569","caption_id":"120662","seq":"9","text":"Mouths are dirty, dark, moist places, full of breeding <a href=\"#post_comment_1\">bacteria<i class=\"icon-star\"><\/i><\/a>.","translate_comment":"","start":"18.96","dur":"5.46","is_scores":null,"created_at":"1517892934","updated_at":null},{"id":"25591570","caption_id":"120662","seq":"10","text":"In fact, one mouth can contain more bacteria than there are people on Earth!","translate_comment":"","start":"24.42","dur":"5.39","is_scores":null,"created_at":"1517892934","updated_at":null},{"id":"25591571","caption_id":"120662","seq":"11","text":"When we brush our teeth, we're scrubbing away that excess bacteria, and also food particles","translate_comment":"","start":"29.81","dur":"4.6","is_scores":null,"created_at":"1517892934","updated_at":null},{"id":"25591572","caption_id":"120662","seq":"12","text":"and plaque.","translate_comment":"","start":"34.41","dur":"1","is_scores":null,"created_at":"1517892934","updated_at":null},{"id":"25591573","caption_id":"120662","seq":"13","text":"When we don't brush, all that gross stuff just continually builds up in our mouths.","translate_comment":"","start":"35.41","dur":"4.549","is_scores":null,"created_at":"1517892934","updated_at":null},{"id":"25591574","caption_id":"120662","seq":"14","text":"Our immune systems go into overdrive to try to clear it all out but they can't.","translate_comment":"","start":"39.96","dur":"4.64","is_scores":null,"created_at":"1517892934","updated_at":null},{"id":"25591575","caption_id":"120662","seq":"15","text":"And the consequences to not brushing at all could be much worse than the cavities or gingivitis","translate_comment":"","start":"44.6","dur":"4.959","is_scores":null,"created_at":"1517892934","updated_at":null},{"id":"25591576","caption_id":"120662","seq":"16","text":"our dentists warn us about.","translate_comment":"","start":"49.559","dur":"1.721","is_scores":null,"created_at":"1517892934","updated_at":null},{"id":"25591577","caption_id":"120662","seq":"17","text":"But before we get to that, let's start with the basics.","translate_comment":"","start":"51.28","dur":"3.029","is_scores":null,"created_at":"1517892934","updated_at":null},{"id":"25591578","caption_id":"120662","seq":"18","text":"Plaque is a film that coats your teeth and feeds on leftover sugars in your mouth.","translate_comment":"","start":"54.309","dur":"4.54","is_scores":null,"created_at":"1517892934","updated_at":null},{"id":"25591579","caption_id":"120662","seq":"19","text":"It produces an enamel-eating acid that <a href=\"#post_comment_2\">gnaws<i class=\"icon-star\"><\/i><\/a> away at your teeth, leaving holes known as","translate_comment":"","start":"58.85","dur":"5.049","is_scores":null,"created_at":"1517892934","updated_at":null},{"id":"25591580","caption_id":"120662","seq":"20","text":"cavities.","translate_comment":"","start":"63.899","dur":"1","is_scores":null,"created_at":"1517892934","updated_at":null},{"id":"25591581","caption_id":"120662","seq":"21","text":"Uncontrolled plaque can also cause inflammation of the gums, aka gingivitis, discolored teeth,","translate_comment":"","start":"64.899","dur":"5.231","is_scores":null,"created_at":"1517892934","updated_at":null},{"id":"25591582","caption_id":"120662","seq":"22","text":"oral abscesses and horrible bad breath.","translate_comment":"","start":"70.13","dur":"5.739","is_scores":null,"created_at":"1517892934","updated_at":null},{"id":"25591583","caption_id":"120662","seq":"23","text":"When bacteria really starts to build up, you increase your <a href=\"#post_comment_3\">risk<i class=\"icon-star\"><\/i><\/a> of developing something","translate_comment":"","start":"75.869","dur":"4.04","is_scores":null,"created_at":"1517892934","updated_at":null},{"id":"25591584","caption_id":"120662","seq":"24","text":"called periodontitis, which is the erosion of tissue, gums and bone that support your","translate_comment":"","start":"79.909","dur":"4.88","is_scores":null,"created_at":"1517892934","updated_at":null},{"id":"25591585","caption_id":"120662","seq":"25","text":"teeth.","translate_comment":"","start":"84.789","dur":"1","is_scores":null,"created_at":"1517892934","updated_at":null},{"id":"25591586","caption_id":"120662","seq":"26","text":"The mouth just can't hold the teeth anymore so they fall out.","translate_comment":"","start":"85.789","dur":"2.641","is_scores":null,"created_at":"1517892934","updated_at":null},{"id":"25591587","caption_id":"120662","seq":"27","text":"This is the leading cause of tooth loss and if you never brushed your teeth, you'd probably","translate_comment":"","start":"88.43","dur":"4.229","is_scores":null,"created_at":"1517892934","updated_at":null},{"id":"25591588","caption_id":"120662","seq":"28","text":"have a lot less chompers than the rest of us.","translate_comment":"","start":"92.659","dur":"2.34","is_scores":null,"created_at":"1517892934","updated_at":null},{"id":"25591589","caption_id":"120662","seq":"29","text":"Now this may seem like your <a href=\"#post_comment_4\">run-of-the-mill<i class=\"icon-star\"><\/i><\/a> dentist schpeil but this stuff can get serious.","translate_comment":"","start":"94.999","dur":"4.61","is_scores":null,"created_at":"1517892934","updated_at":null},{"id":"25591590","caption_id":"120662","seq":"30","text":"The bacteria in your mouth is both good and bad, but things like MRSA and Staphylococcus","translate_comment":"","start":"99.609","dur":"5.661","is_scores":null,"created_at":"1517892934","updated_at":null},{"id":"25591591","caption_id":"120662","seq":"31","text":"aureus can thrive in there.","translate_comment":"","start":"105.27","dur":"2.028","is_scores":null,"created_at":"1517892934","updated_at":null},{"id":"25591592","caption_id":"120662","seq":"32","text":"And if you never brush your teeth, harmful bacteria like these can worm their way under","translate_comment":"","start":"107.299","dur":"4.41","is_scores":null,"created_at":"1517892934","updated_at":null},{"id":"25591593","caption_id":"120662","seq":"33","text":"your gums and get access to your blood.","translate_comment":"","start":"111.709","dur":"3.191","is_scores":null,"created_at":"1517892934","updated_at":null},{"id":"25591594","caption_id":"120662","seq":"34","text":"Yikes.","translate_comment":"","start":"114.9","dur":"1","is_scores":null,"created_at":"1517892934","updated_at":null},{"id":"25591595","caption_id":"120662","seq":"35","text":"Bad <a href=\"#post_comment_5\">oral<i class=\"icon-star\"><\/i><\/a> care has been also linked to serious diseases such as heart disease, COPD, pneumonia,","translate_comment":"","start":"115.9","dur":"5.079","is_scores":null,"created_at":"1517892934","updated_at":null},{"id":"25591596","caption_id":"120662","seq":"36","text":"and endocarditis, which is an infection of the inner lining of your heart chambers or","translate_comment":"","start":"120.979","dur":"3.96","is_scores":null,"created_at":"1517892934","updated_at":null},{"id":"25591597","caption_id":"120662","seq":"37","text":"valves.","translate_comment":"","start":"124.939","dur":"1","is_scores":null,"created_at":"1517892934","updated_at":null},{"id":"25591598","caption_id":"120662","seq":"38","text":"So if you're leaving your mouth to fend for itself, you'd better watch out for these","translate_comment":"","start":"125.939","dur":"3.21","is_scores":null,"created_at":"1517892934","updated_at":null},{"id":"25591599","caption_id":"120662","seq":"39","text":"conditions.","translate_comment":"","start":"129.149","dur":"1","is_scores":null,"created_at":"1517892934","updated_at":null},{"id":"25591600","caption_id":"120662","seq":"40","text":"A few controversial studies have also claimed to have found links between bad oral hygiene","translate_comment":"","start":"130.149","dur":"4.141","is_scores":null,"created_at":"1517892934","updated_at":null},{"id":"25591601","caption_id":"120662","seq":"41","text":"and things like dementia and erectile dysfunction!","translate_comment":"","start":"134.29","dur":"3.03","is_scores":null,"created_at":"1517892934","updated_at":null},{"id":"25591602","caption_id":"120662","seq":"42","text":"And remember how not brushing erodes areas of your mouth?","translate_comment":"","start":"137.32","dur":"3.309","is_scores":null,"created_at":"1517892934","updated_at":null},{"id":"25591603","caption_id":"120662","seq":"43","text":"Studies have shown that those pockets may serve as reservoirs for HPV and cancer-causing","translate_comment":"","start":"140.629","dur":"4.81","is_scores":null,"created_at":"1517892934","updated_at":null},{"id":"25591604","caption_id":"120662","seq":"44","text":"substances.","translate_comment":"","start":"145.439","dur":"1","is_scores":null,"created_at":"1517892934","updated_at":null},{"id":"25591605","caption_id":"120662","seq":"45","text":"Thankfully now, we have modern toothbrushes and floss to protect our pearly whites, but","translate_comment":"","start":"146.439","dur":"4.092","is_scores":null,"created_at":"1517892934","updated_at":null},{"id":"25591606","caption_id":"120662","seq":"46","text":"in ancient times, people chewed on twigs to clean their teeth, then scraped the surfaces","translate_comment":"","start":"150.531","dur":"4.958","is_scores":null,"created_at":"1517892934","updated_at":null},{"id":"25591607","caption_id":"120662","seq":"47","text":"with the frayed end.","translate_comment":"","start":"155.489","dur":"1.091","is_scores":null,"created_at":"1517892934","updated_at":null},{"id":"25591608","caption_id":"120662","seq":"48","text":"So yeah,","translate_comment":"","start":"156.58","dur":"1","is_scores":null,"created_at":"1517892934","updated_at":null},{"id":"25591609","caption_id":"120662","seq":"49","text":"things have gotten","translate_comment":"","start":"157.58","dur":"1.78","is_scores":null,"created_at":"1517892934","updated_at":null},{"id":"25591610","caption_id":"120662","seq":"50","text":"a lot better.","translate_comment":"","start":"159.36","dur":"1","is_scores":null,"created_at":"1517892934","updated_at":null},{"id":"25591611","caption_id":"120662","seq":"51","text":"How many times a day do you brush your teeth?","translate_comment":"","start":"160.36","dur":"2.04","is_scores":null,"created_at":"1517892934","updated_at":null},{"id":"25591612","caption_id":"120662","seq":"52","text":"I wanna know if any of you have been slacking.","translate_comment":"","start":"162.4","dur":"1","is_scores":null,"created_at":"1517892934","updated_at":null},{"id":"25591613","caption_id":"120662","seq":"53","text":"Let me know in the comment section below, or tell us:","translate_comment":"","start":"163.4","dur":"3.708","is_scores":null,"created_at":"1517892934","updated_at":null},{"id":"25591614","caption_id":"120662","seq":"54","text":"What should we talk about next?","translate_comment":"","start":"167.109","dur":"-1.359","is_scores":null,"created_at":"1517892934","updated_at":null}],"zh-Hant":[{"id":"27154578","caption_id":"127231","seq":"1","text":"\u54c8\u56c9\u5927\u5bb6\uff01","translate_comment":"","start":"0.59","dur":"0.999","is_scores":null,"created_at":"1521830743","updated_at":null},{"id":"27154579","caption_id":"127231","seq":"2","text":"\u6b61\u8fce\u4f86\u5230 Life Noggin","translate_comment":"","start":"1.59","dur":"1.549","is_scores":null,"created_at":"1521830743","updated_at":null},{"id":"27154580","caption_id":"127231","seq":"3","text":"\u4f60\u77e5\u9053\u90a3\u4e9b\u7576\u4f60\u8eba\u5728\u5e8a\u4e0a\u537b\u60f3\u5230\u4f60\u5fd8\u8a18\u5237\u7259\u7684\u591c\u665a","translate_comment":"","start":"3.139","dur":"3.56","is_scores":null,"created_at":"1521830743","updated_at":null},{"id":"27154581","caption_id":"127231","seq":"4","text":"\u800c\u4f60\u60f3\uff0c\u300c\u6211\u771f\u7684\u9700\u8981\u8d77\u5e8a\u55ce\uff1f\u300d","translate_comment":"","start":"6.7","dur":"2.79","is_scores":null,"created_at":"1521830743","updated_at":null},{"id":"27154582","caption_id":"127231","seq":"5","text":"\u8df3\u904e\u4e00\u500b\u665a\u4e0a\u6c92\u5237\u4e26\u4e0d\u6703\u662f\u4e16\u754c\u67d0\u65e5\uff0c\u4e0d\u904e\u5982\u679c\u4f60\u5f9e\u4f86","translate_comment":"","start":"9.49","dur":"4.23","is_scores":null,"created_at":"1521830743","updated_at":null},{"id":"27154583","caption_id":"127231","seq":"6","text":"\u90fd\u4e0d\u5237\u7259\u6703\u767c\u751f\u4ec0\u9ebc\u4e8b\u5462\uff1f","translate_comment":"","start":"13.72","dur":"1.68","is_scores":null,"created_at":"1521830743","updated_at":null},{"id":"27154584","caption_id":"127231","seq":"7","text":"\u6211\u8aaa\u7684\u662f\u5f9e\u4e0d\u5237\u7259","translate_comment":"","start":"15.4","dur":"1","is_scores":null,"created_at":"1521830743","updated_at":null},{"id":"27154585","caption_id":"127231","seq":"8","text":"\u55ef\uff0c\u5b83\u5176\u5be6\u6bd4\u4f60\u60f3\u50cf\u7684\u8981\u56b4\u91cd\u8a31\u591a","translate_comment":"","start":"16.4","dur":"2.559","is_scores":null,"created_at":"1521830743","updated_at":null},{"id":"27154586","caption_id":"127231","seq":"9","text":"\u5634\u5df4\u662f\u4e00\u500b\u9aaf\u9ad2\u3001\u9ed1\u6697\u3001\u6f6e\u6fd5\u7684\u5730\u65b9\uff0c\u5145\u6eff\u4e86\u7e41\u6b96\u7684\u7d30\u83cc","translate_comment":"","start":"18.96","dur":"5.46","is_scores":null,"created_at":"1521830743","updated_at":null},{"id":"27154587","caption_id":"127231","seq":"10","text":"\u4e8b\u5be6\u662f\uff0c\u4e00\u5f35\u5634\u5df4\u53ef\u4ee5\u5bb9\u7d0d\u7684\u7d30\u83cc\u6bd4\u5730\u7403\u4e0a\u7684\u4eba\u985e\u9084\u591a\uff01","translate_comment":"","start":"24.42","dur":"5.39","is_scores":null,"created_at":"1521830743","updated_at":null},{"id":"27154588","caption_id":"127231","seq":"11","text":"\u7576\u6211\u5011\u5237\u7259\u7684\u6642\u5019\uff0c\u6211\u5011\u6b63\u6d17\u6389\u591a\u9918\u7684\u7d30\u83cc\uff0c\u9084\u6709\u98df\u7269\u6b98\u6e23","translate_comment":"","start":"29.81","dur":"4.6","is_scores":null,"created_at":"1521830743","updated_at":null},{"id":"27154589","caption_id":"127231","seq":"12","text":"\u4ee5\u53ca\u7259\u7d50\u77f3","translate_comment":"","start":"34.41","dur":"1","is_scores":null,"created_at":"1521830743","updated_at":null},{"id":"27154590","caption_id":"127231","seq":"13","text":"\u7576\u6211\u5011\u4e0d\u5237\u7259\uff0c\u6240\u6709\u5641\u5fc3\u7684\u6771\u897f\u5c31\u6703\u6301\u7e8c\u5728\u6211\u5011\u7684\u5634\u5df4\u88e1\u7d2f\u7a4d","translate_comment":"","start":"35.41","dur":"4.549","is_scores":null,"created_at":"1521830743","updated_at":null},{"id":"27154591","caption_id":"127231","seq":"14","text":"\u6211\u5011\u7684\u514d\u75ab\u7cfb\u7d71\u6703\u52a0\u500d\u52aa\u529b\u53bb\u5617\u8a66\u6e05\u9664\uff0c\u7136\u800c\u537b\u505a\u4e0d\u5230","translate_comment":"","start":"39.96","dur":"4.64","is_scores":null,"created_at":"1521830743","updated_at":null},{"id":"27154592","caption_id":"127231","seq":"15","text":"\u6211\u5011\u7684\u7259\u91ab\u8b66\u544a\u6211\u5011","translate_comment":"","start":"44.6","dur":"4.959","is_scores":null,"created_at":"1521830743","updated_at":null},{"id":"27154593","caption_id":"127231","seq":"16","text":"\u5b8c\u5168\u4e0d\u5237\u7259\u7684\u5f8c\u679c\u9060\u9060\u6bd4\u86c0\u7259\u6216\u7259\u9f66\u708e\u4f86\u7684\u56b4\u91cd","translate_comment":"","start":"49.559","dur":"1.721","is_scores":null,"created_at":"1521830743","updated_at":null},{"id":"27154594","caption_id":"127231","seq":"17","text":"\u4e0d\u904e\u5728\u6211\u5011\u958b\u59cb\u4e4b\u524d\uff0c\u8b93\u6211\u5011\u5148\u5f9e\u57fa\u790e\u8ac7\u8d77","translate_comment":"","start":"51.28","dur":"3.029","is_scores":null,"created_at":"1521830743","updated_at":null},{"id":"27154595","caption_id":"127231","seq":"18","text":"\u7259\u7d50\u77f3\u662f\u4e00\u7a2e\u8986\u84cb\u4f60\u7259\u9f52\u7684\u8584\u819c\uff0c\u4e26\u4ef0\u8cf4\u4f60\u5634\u88e1\u5269\u9918\u7684\u7cd6\u70ba\u98df","translate_comment":"","start":"54.309","dur":"4.54","is_scores":null,"created_at":"1521830743","updated_at":null},{"id":"27154596","caption_id":"127231","seq":"19","text":"\u5b83\u6703\u7522\u751f\u4e00\u7a2e\u4fb5\u8755\u743a\u746f\u8cea\u7684\u9178\u5699\u98df\u4f60\u7684\u7259\u9f52\uff0c\u7559\u4e0b\u4e00\u4e9b\u6d1e\u7a31\u70ba","translate_comment":"","start":"58.85","dur":"5.049","is_scores":null,"created_at":"1521830743","updated_at":null},{"id":"27154597","caption_id":"127231","seq":"20","text":"\u86c0\u7259","translate_comment":"","start":"63.899","dur":"1","is_scores":null,"created_at":"1521830743","updated_at":null},{"id":"27154598","caption_id":"127231","seq":"21","text":"\u4e0d\u53d7\u63a7\u5236\u7684\u7259\u7d50\u77f3\u4e5f\u6703\u9020\u6210\u7259\u9f66\u767c\u708e\uff0c\u4e5f\u5c31\u662f\u9f52\u9f66\u708e\uff0c\u7259\u9f52\u892a\u8272\uff0c","translate_comment":"","start":"64.899","dur":"5.231","is_scores":null,"created_at":"1521830743","updated_at":null},{"id":"27154599","caption_id":"127231","seq":"22","text":"\u53e3\u8154\u81bf\u816b\u548c\u53ef\u6015\u7684\u53e3\u81ed","translate_comment":"","start":"70.13","dur":"5.739","is_scores":null,"created_at":"1521830743","updated_at":null},{"id":"27154600","caption_id":"127231","seq":"23","text":"\u7576\u7d30\u83cc\u771f\u6b63\u958b\u59cb\u805a\u96c6\uff0c\u4f60\u6703\u589e\u52a0\u767c\u5c55\u7259\u5468\u75c5\u7684\u98a8\u96aa","translate_comment":"","start":"75.869","dur":"4.04","is_scores":null,"created_at":"1521830743","updated_at":null},{"id":"27154601","caption_id":"127231","seq":"24","text":"\u5b83\u4fb5\u8755\u7d44\u7e54\u3001\u7259\u9f66\u4ee5\u53ca\u652f\u6490\u4f60\u7259\u9f52\u7684","translate_comment":"","start":"79.909","dur":"4.88","is_scores":null,"created_at":"1521830743","updated_at":null},{"id":"27154602","caption_id":"127231","seq":"25","text":"\u9aa8\u982d","translate_comment":"","start":"84.789","dur":"1","is_scores":null,"created_at":"1521830743","updated_at":null},{"id":"27154603","caption_id":"127231","seq":"26","text":"\u5634\u5df4\u518d\u4e5f\u7121\u6cd5\u6490\u4f4f\u7259\u9f52\uff0c\u6240\u4ee5\u5b83\u5011\u6703\u6389\u51fa\u4f86","translate_comment":"","start":"85.789","dur":"2.641","is_scores":null,"created_at":"1521830743","updated_at":null},{"id":"27154604","caption_id":"127231","seq":"27","text":"\u9019\u662f\u5c0e\u81f4\u7259\u9f52\u812b\u843d\u7684\u4e3b\u8981\u539f\u56e0\uff0c\u5047\u4f7f\u4f60\u5f9e\u4e0d\u5237\u7259\uff0c\u4f60\u7684","translate_comment":"","start":"88.43","dur":"4.229","is_scores":null,"created_at":"1521830743","updated_at":null},{"id":"27154605","caption_id":"127231","seq":"28","text":"\u7259\u9f52\u6703\u6bd4\u5176\u4ed6\u7684\u4eba\u5c11\u5f88\u591a","translate_comment":"","start":"92.659","dur":"2.34","is_scores":null,"created_at":"1521830743","updated_at":null},{"id":"27154606","caption_id":"127231","seq":"29","text":"\u73fe\u5728\u9019\u770b\u8d77\u4f86\u597d\u50cf\u662f\u7259\u91ab\u5343\u7bc7\u4e00\u5f8b\u7684\u8aaa\u6cd5\uff0c\u4e0d\u904e\u9019\u4ef6\u4e8b\u53ef\u4ee5\u8b8a\u5f97\u5f88\u56b4\u91cd","translate_comment":"","start":"94.999","dur":"4.61","is_scores":null,"created_at":"1521830743","updated_at":null},{"id":"27154607","caption_id":"127231","seq":"30","text":"\u5728\u4f60\u5634\u88e1\u6709\u597d\u83cc\u53ca\u58de\u83cc\uff0c\u4f46\u50cf\u662f MRSA \u548c\u91d1\u9ec3\u8272\u8461\u8404\u72c0\u7403\u83cc","translate_comment":"","start":"99.609","dur":"5.661","is_scores":null,"created_at":"1521830743","updated_at":null},{"id":"27154608","caption_id":"127231","seq":"31","text":"\u90fd\u6703\u5728\u88e1\u982d\u8301\u58ef\u6210\u9577","translate_comment":"","start":"105.27","dur":"2.028","is_scores":null,"created_at":"1521830743","updated_at":null},{"id":"27154609","caption_id":"127231","seq":"32","text":"\u800c\u5982\u679c\u4f60\u5f9e\u4e0d\u5237\u7259\uff0c\u9019\u4e9b\u6709\u5bb3\u7684\u7d30\u83cc\u4fbf\u6703\u6162\u6162\u7684","translate_comment":"","start":"107.299","dur":"4.41","is_scores":null,"created_at":"1521830743","updated_at":null},{"id":"27154610","caption_id":"127231","seq":"33","text":"\u5728\u4f60\u7684\u7259\u9f66\u4e0b\u8815\u52d5\u4e26\u9032\u5165\u4f60\u7684\u8840\u6db2","translate_comment":"","start":"111.709","dur":"3.191","is_scores":null,"created_at":"1521830743","updated_at":null},{"id":"27154611","caption_id":"127231","seq":"34","text":"\u5641\u5fc3","translate_comment":"","start":"114.9","dur":"1","is_scores":null,"created_at":"1521830743","updated_at":null},{"id":"27154612","caption_id":"127231","seq":"35","text":"\u4e0d\u826f\u7684\u53e3\u8154\u8b77\u7406\u4e5f\u548c\u4e00\u4e9b\u56b4\u91cd\u7684\u75be\u75c5\u606f\u606f\u76f8\u95dc\uff0c\u50cf\u662f\u5fc3\u81df\u75be\u75c5\u3001\u6162\u6027\u80ba\u90e8\u963b\u585e\u3001\u80ba\u708e\u3001","translate_comment":"","start":"115.9","dur":"5.079","is_scores":null,"created_at":"1521830743","updated_at":null},{"id":"27154613","caption_id":"127231","seq":"36","text":"\u4ee5\u53ca\u5fc3\u5167\u819c\u708e\uff0c\u9019\u662f\u5fc3\u81df\u8154\u5ba4\u5167\u58c1\u6216\u74e3\u819c","translate_comment":"","start":"120.979","dur":"3.96","is_scores":null,"created_at":"1521830743","updated_at":null},{"id":"27154614","caption_id":"127231","seq":"37","text":"\u7684\u611f\u67d3","translate_comment":"","start":"124.939","dur":"1","is_scores":null,"created_at":"1521830743","updated_at":null},{"id":"27154615","caption_id":"127231","seq":"38","text":"\u6240\u4ee5\u5982\u679c\u4f60\u8b93\u5634\u5df4\u81ea\u5df1\u7167\u9867\u81ea\u5df1\uff0c\u90a3\u9ebc\u4f60\u6700\u597d\u7559\u610f\u9019\u4e9b","translate_comment":"","start":"125.939","dur":"3.21","is_scores":null,"created_at":"1521830743","updated_at":null},{"id":"27154616","caption_id":"127231","seq":"39","text":"\u60c5\u6cc1","translate_comment":"","start":"129.149","dur":"1","is_scores":null,"created_at":"1521830743","updated_at":null},{"id":"27154617","caption_id":"127231","seq":"40","text":"\u4e00\u4e9b\u5177\u6709\u722d\u8b70\u6027\u7684\u7814\u7a76\u5ba3\u7a31\u767c\u73fe\u4e0d\u826f\u7684\u53e3\u8154\u4fdd\u5065\u548c","translate_comment":"","start":"130.149","dur":"4.141","is_scores":null,"created_at":"1521830743","updated_at":null},{"id":"27154618","caption_id":"127231","seq":"41","text":"\u75f4\u5446\u4ee5\u53ca\u52c3\u8d77\u969c\u7919\u4e5f\u6709\u76f8\u95dc\u6027","translate_comment":"","start":"134.29","dur":"3.03","is_scores":null,"created_at":"1521830743","updated_at":null},{"id":"27154619","caption_id":"127231","seq":"42","text":"\u8a18\u5f97\u4e0d\u5237\u7259\u6703\u4fb5\u8755\u4f60\u5634\u88e1\u7684\u5340\u57df\u55ce\uff1f","translate_comment":"","start":"137.32","dur":"3.309","is_scores":null,"created_at":"1521830743","updated_at":null},{"id":"27154620","caption_id":"127231","seq":"43","text":"\u7814\u7a76\u986f\u793a\u90a3\u4e9b\u5340\u57df\u6703\u6210\u70ba HPV \u53ca\u81f4\u764c","translate_comment":"","start":"140.629","dur":"4.81","is_scores":null,"created_at":"1521830743","updated_at":null},{"id":"27154621","caption_id":"127231","seq":"44","text":"\u7269\u8cea\u7684\u5132\u85cf\u8655","translate_comment":"","start":"145.439","dur":"1","is_scores":null,"created_at":"1521830743","updated_at":null},{"id":"27154622","caption_id":"127231","seq":"45","text":"\u5e78\u904b\u7684\u662f\uff0c\u6211\u5011\u6709\u73fe\u4ee3\u7259\u5237\u548c\u7259\u7dda\u4f86\u4fdd\u8b77\u6211\u5011\u7684\u7259\u9f52\uff0c\u4e0d\u904e","translate_comment":"","start":"146.439","dur":"4.092","is_scores":null,"created_at":"1521830743","updated_at":null},{"id":"27154623","caption_id":"127231","seq":"46","text":"\u5728\u9060\u53e4\u6642\u4ee3\uff0c\u4eba\u5011\u85c9\u7531\u5480\u56bc\u6a39\u679d\u63a5\u8457\u5229\u7528\u78e8\u640d\u7684\u672b\u7aef","translate_comment":"","start":"150.531","dur":"4.958","is_scores":null,"created_at":"1521830743","updated_at":null},{"id":"27154624","caption_id":"127231","seq":"47","text":"\u4f86\u522e\u64e6\u7259\u9f52\u8868\u9762","translate_comment":"","start":"155.489","dur":"1.091","is_scores":null,"created_at":"1521830743","updated_at":null},{"id":"27154625","caption_id":"127231","seq":"48","text":"\u6240\u4ee5\uff0c\u5c0d\uff0c","translate_comment":"","start":"156.58","dur":"1","is_scores":null,"created_at":"1521830743","updated_at":null},{"id":"27154626","caption_id":"127231","seq":"49","text":"\u73fe\u5728","translate_comment":"","start":"157.58","dur":"1.78","is_scores":null,"created_at":"1521830743","updated_at":null},{"id":"27154627","caption_id":"127231","seq":"50","text":"\u9032\u6b65\u8a31\u591a","translate_comment":"","start":"159.36","dur":"1","is_scores":null,"created_at":"1521830743","updated_at":null},{"id":"27154628","caption_id":"127231","seq":"51","text":"\u4f60\u4e00\u5929\u5237\u5e7e\u6b21\u7259\u5462\uff1f","translate_comment":"","start":"160.36","dur":"2.04","is_scores":null,"created_at":"1521830743","updated_at":null},{"id":"27154629","caption_id":"127231","seq":"52","text":"\u6211\u60f3\u77e5\u9053\u4f60\u5011\u6709\u6c92\u6709\u5077\u61f6","translate_comment":"","start":"162.4","dur":"1","is_scores":null,"created_at":"1521830743","updated_at":null},{"id":"27154630","caption_id":"127231","seq":"53","text":"\u5728\u7559\u8a00\u5340\u544a\u8a34\u6211\u5011\uff0c\u6216\u8ddf\u6211\u5011\u8aaa","translate_comment":"","start":"163.4","dur":"3.708","is_scores":null,"created_at":"1521830743","updated_at":null},{"id":"27154631","caption_id":"127231","seq":"54","text":"\u4e0b\u6b21\u8981\u8ac7\u8ad6\u4ec0\u9ebc\u4e3b\u984c","translate_comment":"","start":"167.109","dur":"-1.359","is_scores":null,"created_at":"1521830743","updated_at":null}]}