{"en":[{"id":"19950293","caption_id":"101549","seq":"1","text":"(Speaking in French)","translate_comment":"","start":"0.06","dur":"1.62","is_scores":null,"created_at":"1488616026","updated_at":null},{"id":"19950294","caption_id":"101549","seq":"2","text":"(Speaking in French)","translate_comment":"","start":"1.68","dur":"2.9","is_scores":null,"created_at":"1488616026","updated_at":null},{"id":"19950295","caption_id":"101549","seq":"3","text":"(Speaking in Cantonese)","translate_comment":"","start":"4.58","dur":"1.9","is_scores":null,"created_at":"1488616026","updated_at":null},{"id":"19950296","caption_id":"101549","seq":"4","text":"(Speaking in Cantonese)","translate_comment":"","start":"6.48","dur":"1.46","is_scores":null,"created_at":"1488616026","updated_at":null},{"id":"19950297","caption_id":"101549","seq":"5","text":"What's up guys, it's Jeffrey. How's everybody doing?","translate_comment":"","start":"8.04","dur":"1.96","is_scores":null,"created_at":"1488616026","updated_at":null},{"id":"19950298","caption_id":"101549","seq":"6","text":"I don't know if you know this about me but","translate_comment":"","start":"10","dur":"1.44","is_scores":null,"created_at":"1488616026","updated_at":null},{"id":"19950299","caption_id":"101549","seq":"7","text":"I am trilingual","translate_comment":"","start":"11.44","dur":"1.46","is_scores":null,"created_at":"1488616026","updated_at":null},{"id":"19950300","caption_id":"101549","seq":"8","text":"Which means that I can speak fluently in 3 different languages","translate_comment":"","start":"12.9","dur":"2.26","is_scores":null,"created_at":"1488616026","updated_at":null},{"id":"19950301","caption_id":"101549","seq":"9","text":"I can French, English, and Cantonese","translate_comment":"","start":"15.16","dur":"2.66","is_scores":null,"created_at":"1488616026","updated_at":null},{"id":"19950302","caption_id":"101549","seq":"10","text":"But I mean its not a <a href=\"#post_comment_1\"><strong>big deal <\/strong><i class=\"icon-star\"><\/i><\/a>, it's not like its something I would ever <a href=\"#post_comment_2\"><strong>brag about <\/strong><i class=\"icon-star\"><\/i><\/a>","translate_comment":"","start":"17.82","dur":"3.68","is_scores":null,"created_at":"1488616026","updated_at":null},{"id":"22068445","caption_id":"101549","seq":"11","text":"You think you're all that? Look, I'm trilingual!","translate_comment":"","start":"21.5","dur":"2.2","is_scores":null,"created_at":"1499750880","updated_at":null},{"id":"22071424","caption_id":"101549","seq":"12","text":"Which means I can speak three different languages","translate_comment":"","start":"23.7","dur":"2.5","is_scores":null,"created_at":"1499761184","updated_at":null},{"id":"19950303","caption_id":"101549","seq":"13","text":"PSHH what can you do? You can't even speak one!","translate_comment":"","start":"26.2","dur":"4","is_scores":null,"created_at":"1488616026","updated_at":null},{"id":"19950304","caption_id":"101549","seq":"14","text":"Okay maybe sometimes.","translate_comment":"","start":"30.2","dur":"1.7","is_scores":null,"created_at":"1488616026","updated_at":null},{"id":"19950305","caption_id":"101549","seq":"15","text":"I think the reason why is whenever I see somebody that can speak a different language that I don't know","translate_comment":"","start":"31.9","dur":"3.86","is_scores":null,"created_at":"1488616026","updated_at":null},{"id":"19950306","caption_id":"101549","seq":"16","text":"I feel it's pretty attractive","translate_comment":"","start":"35.76","dur":"1.92","is_scores":null,"created_at":"1488616026","updated_at":null},{"id":"19950307","caption_id":"101549","seq":"17","text":"The other day I went to this Mexican restaurant","translate_comment":"","start":"37.68","dur":"1.58","is_scores":null,"created_at":"1488616026","updated_at":null},{"id":"22071425","caption_id":"101549","seq":"18","text":"and this waitress approached us and said some beautiful things","translate_comment":"","start":"39.3","dur":"2.8","is_scores":null,"created_at":"1499761184","updated_at":null},{"id":"19950308","caption_id":"101549","seq":"19","text":"Buenos d\u00edas, c\u00f3mo est\u00e1.","translate_comment":"","start":"42.16","dur":"1.44","is_scores":null,"created_at":"1488616026","updated_at":null},{"id":"19950309","caption_id":"101549","seq":"20","text":"Here's the menu for today! Would you like anything to drink?","translate_comment":"","start":"43.6","dur":"2.02","is_scores":null,"created_at":"1488616026","updated_at":null},{"id":"19950310","caption_id":"101549","seq":"21","text":"*In Awe*","translate_comment":"","start":"45.62","dur":"3.06","is_scores":null,"created_at":"1488616026","updated_at":null},{"id":"19950311","caption_id":"101549","seq":"22","text":"U...Uhhh... W..would you like anything to drink?","translate_comment":"","start":"48.68","dur":"2.5","is_scores":null,"created_at":"1488616026","updated_at":null},{"id":"19950312","caption_id":"101549","seq":"23","text":"H...HOLA!","translate_comment":"","start":"51.18","dur":"0.7","is_scores":null,"created_at":"1488616026","updated_at":null},{"id":"19950313","caption_id":"101549","seq":"24","text":"*<a href=\"#post_comment_3\"><strong>weirded out<\/strong><i class=\"icon-star\"><\/i><\/a>*","translate_comment":"","start":"51.88","dur":"1.12","is_scores":null,"created_at":"1488616026","updated_at":null},{"id":"19950314","caption_id":"101549","seq":"25","text":"Don't judge me","translate_comment":"","start":"53","dur":"0.94","is_scores":null,"created_at":"1488616026","updated_at":null},{"id":"19950315","caption_id":"101549","seq":"26","text":"I uhh... *tiny laugh*","translate_comment":"","start":"53.94","dur":"1.32","is_scores":null,"created_at":"1488616026","updated_at":null},{"id":"19950316","caption_id":"101549","seq":"27","text":"Anyways, nowadays whenever I meet somebody new","translate_comment":"","start":"55.26","dur":"1.92","is_scores":null,"created_at":"1488616026","updated_at":null},{"id":"22071426","caption_id":"101549","seq":"28","text":"I try to let them know that I can speak different languages.","translate_comment":"","start":"57.2","dur":"2.6","is_scores":null,"created_at":"1499761184","updated_at":null},{"id":"19950317","caption_id":"101549","seq":"29","text":"Just in case they think it's attractive","translate_comment":"","start":"59.88","dur":"1.62","is_scores":null,"created_at":"1488616026","updated_at":null},{"id":"19950318","caption_id":"101549","seq":"30","text":"But it's not like I <a href=\"#post_comment_4\"><strong>shove it in their face<\/strong><i class=\"icon-star\"><\/i><\/a>. I do it pretty subtlely though.","translate_comment":"","start":"61.5","dur":"3.68","is_scores":null,"created_at":"1488616026","updated_at":null},{"id":"19950319","caption_id":"101549","seq":"31","text":"I'm trilingual!","translate_comment":"","start":"65.18","dur":"3.24","is_scores":null,"created_at":"1488616026","updated_at":null},{"id":"19950320","caption_id":"101549","seq":"32","text":"Hi...","translate_comment":"","start":"68.42","dur":"1.68","is_scores":null,"created_at":"1488616026","updated_at":null},{"id":"19950321","caption_id":"101549","seq":"33","text":"I.. I'm.. trilingual","translate_comment":"","start":"70.1","dur":"2.92","is_scores":null,"created_at":"1488616026","updated_at":null},{"id":"19950322","caption_id":"101549","seq":"34","text":"Kind of subtlety","translate_comment":"","start":"73.02","dur":"1.04","is_scores":null,"created_at":"1488616026","updated_at":null},{"id":"19950323","caption_id":"101549","seq":"35","text":"Okay! Apart from trying to look attractive and smart","translate_comment":"","start":"74.06","dur":"2.9","is_scores":null,"created_at":"1488616026","updated_at":null},{"id":"22071624","caption_id":"101549","seq":"36","text":"being trilingual has its own advantage","translate_comment":"","start":"77","dur":"1.8","is_scores":null,"created_at":"1499763151","updated_at":null},{"id":"19950324","caption_id":"101549","seq":"37","text":"Like I don't have to <a href=\"#post_comment_5\"><strong>talk in people\u2019s back<\/strong><i class=\"icon-star\"><\/i><\/a> anymore","translate_comment":"","start":"78.86","dur":"2.42","is_scores":null,"created_at":"1488616026","updated_at":null},{"id":"19950325","caption_id":"101549","seq":"38","text":"How much is that purse?","translate_comment":"","start":"81.28","dur":"1.46","is_scores":null,"created_at":"1488616026","updated_at":null},{"id":"19950326","caption_id":"101549","seq":"39","text":"Oh, this purse right here is 100 dollars","translate_comment":"","start":"82.74","dur":"1.82","is_scores":null,"created_at":"1488616026","updated_at":null},{"id":"19950327","caption_id":"101549","seq":"40","text":"100 dollars?","translate_comment":"","start":"84.56","dur":"0.86","is_scores":null,"created_at":"1488616026","updated_at":null},{"id":"22071562","caption_id":"101549","seq":"41","text":"(Speaking French)","translate_comment":"","start":"85.5","dur":"1.7","is_scores":null,"created_at":"1499761359","updated_at":null},{"id":"22071427","caption_id":"101549","seq":"42","text":"(Speaking French)","translate_comment":"","start":"87.2","dur":"1.1","is_scores":null,"created_at":"1499761184","updated_at":null},{"id":"22071563","caption_id":"101549","seq":"43","text":"(Speaking French)","translate_comment":"","start":"88.3","dur":"1.8","is_scores":null,"created_at":"1499761359","updated_at":null},{"id":"19950328","caption_id":"101549","seq":"44","text":"Is it too expensive? I can understand French a little bit","translate_comment":"","start":"90.12","dur":"2.32","is_scores":null,"created_at":"1488616026","updated_at":null},{"id":"19950329","caption_id":"101549","seq":"45","text":"What? No no no, not at all. It's not. We can totally afford it","translate_comment":"","start":"92.44","dur":"2.82","is_scores":null,"created_at":"1488616026","updated_at":null},{"id":"22071568","caption_id":"101549","seq":"46","text":"(Speaking Cantonese)","translate_comment":"","start":"95.3","dur":"1.7","is_scores":null,"created_at":"1499762010","updated_at":null},{"id":"22071566","caption_id":"101549","seq":"47","text":"(Speaking Cantonese)","translate_comment":"","start":"97","dur":"1.9","is_scores":null,"created_at":"1499761914","updated_at":null},{"id":"22071569","caption_id":"101549","seq":"48","text":"(Speaking Cantonese)","translate_comment":"","start":"98.9","dur":"1.7","is_scores":null,"created_at":"1499762010","updated_at":null},{"id":"22071572","caption_id":"101549","seq":"49","text":"(Speaking Cantonese)","translate_comment":"","start":"100.6","dur":"1.1","is_scores":null,"created_at":"1499762178","updated_at":null},{"id":"19950330","caption_id":"101549","seq":"50","text":"Okay bye bye!","translate_comment":"","start":"101.76","dur":"1.78","is_scores":null,"created_at":"1488616026","updated_at":null},{"id":"19950331","caption_id":"101549","seq":"51","text":"Thank you...","translate_comment":"","start":"103.54","dur":"0.94","is_scores":null,"created_at":"1488616026","updated_at":null},{"id":"19950332","caption_id":"101549","seq":"52","text":"Okay that maybe more impolite than nice but it's still an advantage though","translate_comment":"","start":"104.48","dur":"3.52","is_scores":null,"created_at":"1488616026","updated_at":null},{"id":"19950333","caption_id":"101549","seq":"53","text":"However there is one thing that can get really annoying","translate_comment":"","start":"108","dur":"2.58","is_scores":null,"created_at":"1488616026","updated_at":null},{"id":"19950334","caption_id":"101549","seq":"54","text":"Whenever I met somebody new that learns that I can speak French or Cantonese","translate_comment":"","start":"110.58","dur":"2.78","is_scores":null,"created_at":"1488616026","updated_at":null},{"id":"22071574","caption_id":"101549","seq":"55","text":"they ask me to say something in those languages","translate_comment":"","start":"113.4","dur":"1.8","is_scores":null,"created_at":"1499762928","updated_at":null},{"id":"19950335","caption_id":"101549","seq":"56","text":"Now I can understand the curiosity and I don't mind teaching new words.","translate_comment":"","start":"115.26","dur":"2.72","is_scores":null,"created_at":"1488616026","updated_at":null},{"id":"22071575","caption_id":"101549","seq":"57","text":"I guess what can kinda get annoying is that every time I tell them just a random word","translate_comment":"","start":"118","dur":"4","is_scores":null,"created_at":"1499762928","updated_at":null},{"id":"22071727","caption_id":"101549","seq":"58","text":"they're not satisfied with the word I choose","translate_comment":"","start":"122","dur":"1.9","is_scores":null,"created_at":"1499763675","updated_at":null},{"id":"19950336","caption_id":"101549","seq":"59","text":"Say something in French!","translate_comment":"","start":"123.98","dur":"1.08","is_scores":null,"created_at":"1488616026","updated_at":null},{"id":"19950337","caption_id":"101549","seq":"60","text":"Ugh alright. What do you want me to say?","translate_comment":"","start":"125.06","dur":"1.12","is_scores":null,"created_at":"1488616026","updated_at":null},{"id":"19950338","caption_id":"101549","seq":"61","text":"ANYTHING!","translate_comment":"","start":"126.18","dur":"0.94","is_scores":null,"created_at":"1488616026","updated_at":null},{"id":"19950339","caption_id":"101549","seq":"62","text":"Are you sure there's nothing you want to learn?","translate_comment":"","start":"127.12","dur":"1.24","is_scores":null,"created_at":"1488616026","updated_at":null},{"id":"19950340","caption_id":"101549","seq":"63","text":"I don't care just say whatever!","translate_comment":"","start":"128.36","dur":"1.1","is_scores":null,"created_at":"1488616026","updated_at":null},{"id":"19950341","caption_id":"101549","seq":"64","text":"Alright. Umh chien?","translate_comment":"","start":"129.46","dur":"1.84","is_scores":null,"created_at":"1488616026","updated_at":null},{"id":"19950342","caption_id":"101549","seq":"65","text":"What does that mean?","translate_comment":"","start":"131.3","dur":"0.7","is_scores":null,"created_at":"1488616026","updated_at":null},{"id":"19950343","caption_id":"101549","seq":"66","text":"It means dog","translate_comment":"","start":"132","dur":"0.7","is_scores":null,"created_at":"1488616026","updated_at":null},{"id":"19950344","caption_id":"101549","seq":"67","text":"Dog? Really? Of all the words you could have chose you chose dog?!","translate_comment":"","start":"132.7","dur":"3.48","is_scores":null,"created_at":"1488616026","updated_at":null},{"id":"22071576","caption_id":"101549","seq":"68","text":"Like how is that even going to help me? How is that constructive to my life?","translate_comment":"","start":"136.2","dur":"3","is_scores":null,"created_at":"1499762928","updated_at":null},{"id":"19950345","caption_id":"101549","seq":"69","text":"Aww what's that?","translate_comment":"","start":"139.28","dur":"3.16","is_scores":null,"created_at":"1488616026","updated_at":null},{"id":"19950346","caption_id":"101549","seq":"70","text":"Oh that's a chien","translate_comment":"","start":"142.44","dur":"1.72","is_scores":null,"created_at":"1488616026","updated_at":null},{"id":"19950347","caption_id":"101549","seq":"71","text":"You know how French?! The language of love, that is so hot!","translate_comment":"","start":"144.16","dur":"3.08","is_scores":null,"created_at":"1488616026","updated_at":null},{"id":"19950348","caption_id":"101549","seq":"72","text":"I guess a little bit","translate_comment":"","start":"147.24","dur":"1.18","is_scores":null,"created_at":"1488616026","updated_at":null},{"id":"19950349","caption_id":"101549","seq":"73","text":"Oh my Gosh! I've always wanted to learn French! KISS ME","translate_comment":"","start":"148.42","dur":"2.52","is_scores":null,"created_at":"1488616026","updated_at":null},{"id":"19950350","caption_id":"101549","seq":"74","text":"Haha YES","translate_comment":"","start":"150.94","dur":"1.5","is_scores":null,"created_at":"1488616026","updated_at":null},{"id":"19950351","caption_id":"101549","seq":"75","text":"Are you serious?","translate_comment":"","start":"152.44","dur":"0.98","is_scores":null,"created_at":"1488616026","updated_at":null},{"id":"19950352","caption_id":"101549","seq":"76","text":"Just in case you were wondering why I can speak 3 languages","translate_comment":"","start":"153.42","dur":"1.84","is_scores":null,"created_at":"1488616026","updated_at":null},{"id":"22071577","caption_id":"101549","seq":"77","text":"is because my mom is from Madagascar, Africa and she can speak Cantonese and French","translate_comment":"","start":"155.3","dur":"4","is_scores":null,"created_at":"1499762928","updated_at":null},{"id":"19950353","caption_id":"101549","seq":"78","text":"My dad is from Hong Kong so he speaks English and Cantonese","translate_comment":"","start":"159.36","dur":"2.5","is_scores":null,"created_at":"1488616026","updated_at":null},{"id":"19950354","caption_id":"101549","seq":"79","text":"And I'm from Montreal, Canada where it speaks French and English","translate_comment":"","start":"161.86","dur":"2.82","is_scores":null,"created_at":"1488616026","updated_at":null},{"id":"19950355","caption_id":"101549","seq":"80","text":"And I speak Cantonese with my parents","translate_comment":"","start":"164.68","dur":"1.96","is_scores":null,"created_at":"1488616026","updated_at":null},{"id":"19950356","caption_id":"101549","seq":"81","text":"One funny thing is my mom watches all my videos","translate_comment":"","start":"166.64","dur":"1.82","is_scores":null,"created_at":"1488616026","updated_at":null},{"id":"22071578","caption_id":"101549","seq":"82","text":"but she doesn't understand a single thing in English but she still watches them","translate_comment":"","start":"168.5","dur":"3.8","is_scores":null,"created_at":"1499762928","updated_at":null},{"id":"19950357","caption_id":"101549","seq":"83","text":"*laughing*","translate_comment":"","start":"172.36","dur":"2.84","is_scores":null,"created_at":"1488616026","updated_at":null},{"id":"19950358","caption_id":"101549","seq":"84","text":"This one's really funny!","translate_comment":"","start":"175.2","dur":"1.78","is_scores":null,"created_at":"1488616026","updated_at":null},{"id":"19950359","caption_id":"101549","seq":"85","text":"Really?! You understood this one?","translate_comment":"","start":"176.98","dur":"1.16","is_scores":null,"created_at":"1488616026","updated_at":null},{"id":"19950360","caption_id":"101549","seq":"86","text":"Nope, I didn't understand anything","translate_comment":"","start":"178.14","dur":"1.74","is_scores":null,"created_at":"1488616026","updated_at":null},{"id":"19950361","caption_id":"101549","seq":"87","text":"And it's at that moment that Jeffrey realized that he will never understand women","translate_comment":"","start":"179.88","dur":"4.6","is_scores":null,"created_at":"1488616026","updated_at":null},{"id":"19950362","caption_id":"101549","seq":"88","text":"I guess that's unconditional support?","translate_comment":"","start":"184.48","dur":"2","is_scores":null,"created_at":"1488616026","updated_at":null},{"id":"19950363","caption_id":"101549","seq":"89","text":"Speaking of support, I just want to say a big thank you to all of you guys","translate_comment":"","start":"186.48","dur":"2.36","is_scores":null,"created_at":"1488616026","updated_at":null},{"id":"22071579","caption_id":"101549","seq":"90","text":"for helping this YouTube channel reach 100,000 subscribers","translate_comment":"","start":"188.9","dur":"2.9","is_scores":null,"created_at":"1499762928","updated_at":null},{"id":"19950364","caption_id":"101549","seq":"91","text":"Its crazy to me that people all around the world","translate_comment":"","start":"191.84","dur":"1.66","is_scores":null,"created_at":"1488616026","updated_at":null},{"id":"22071580","caption_id":"101549","seq":"92","text":"are spreading the word about my YouTube videos and supporting me","translate_comment":"","start":"193.5","dur":"2.7","is_scores":null,"created_at":"1499762928","updated_at":null},{"id":"19950365","caption_id":"101549","seq":"93","text":"So thank you so much! And because you are all around the world","translate_comment":"","start":"196.2","dur":"2.18","is_scores":null,"created_at":"1488616026","updated_at":null},{"id":"22071581","caption_id":"101549","seq":"94","text":"leave me in the comments down below what language or languages do you speak","translate_comment":"","start":"198.4","dur":"2.9","is_scores":null,"created_at":"1499762928","updated_at":null},{"id":"19950366","caption_id":"101549","seq":"95","text":"I'll see you guys next time.","translate_comment":"","start":"201.38","dur":"0.56","is_scores":null,"created_at":"1488616026","updated_at":null},{"id":"22071582","caption_id":"101549","seq":"96","text":"This is JeffreyFever and I'm pressing the record button! Now PEACE!","translate_comment":"","start":"202","dur":"3.7","is_scores":null,"created_at":"1499762928","updated_at":null},{"id":"19950367","caption_id":"101549","seq":"97","text":"Wow this guy can speak French, English, AND Cantonese?! He is so smart!","translate_comment":"","start":"205.74","dur":"5.28","is_scores":null,"created_at":"1488616026","updated_at":null},{"id":"19950368","caption_id":"101549","seq":"98","text":"Ha this video was technically over but i overheard what you said","translate_comment":"","start":"211.02","dur":"3.02","is_scores":null,"created_at":"1488616026","updated_at":null},{"id":"19950369","caption_id":"101549","seq":"99","text":"Wait","translate_comment":"","start":"214.04","dur":"0.5","is_scores":null,"created_at":"1488616026","updated_at":null},{"id":"19950370","caption_id":"101549","seq":"100","text":"Oh stop your too much, but I'll take it though","translate_comment":"","start":"214.54","dur":"2.62","is_scores":null,"created_at":"1488616026","updated_at":null},{"id":"19950371","caption_id":"101549","seq":"101","text":"Wut dah...","translate_comment":"","start":"217.16","dur":"1.26","is_scores":null,"created_at":"1488616026","updated_at":null},{"id":"19950372","caption_id":"101549","seq":"102","text":"GUGH","translate_comment":"","start":"218.42","dur":"10","is_scores":null,"created_at":"1488616026","updated_at":null}],"zh-Hant":[{"id":"19950168","caption_id":"101548","seq":"1","text":"\u3010\u6cd5\u8a9e\u3011\u5927\u5bb6\u597d\uff0c\u6211\u7684\u540d\u5b57\u662f Jeffrey.","translate_comment":"","start":"0.06","dur":"1.62","is_scores":null,"created_at":"1488616026","updated_at":null},{"id":"19950169","caption_id":"101548","seq":"2","text":"\u3010\u6cd5\u8a9e\u3011 \u5443\uff0c\u6211\u9084\u662f\u55ae\u8eab\u2026","translate_comment":"","start":"1.68","dur":"2.9","is_scores":null,"created_at":"1488616026","updated_at":null},{"id":"19950170","caption_id":"101548","seq":"3","text":"\u3010\u5ee3\u6771\u3011\u54c8\u56c9\uff0c\u5927\u5bb6\u597d\uff0c\u6211\u53eb\u505a Jeffrey","translate_comment":"","start":"4.58","dur":"1.9","is_scores":null,"created_at":"1488616026","updated_at":null},{"id":"19950171","caption_id":"101548","seq":"4","text":"\u3010\u5ee3\u6771\u3011\u6211\u5e0c\u671b\u4f60\u5011\u559c\u6b61\u6211\u62cd\u7684\u6771\u897f","translate_comment":"","start":"6.48","dur":"1.46","is_scores":null,"created_at":"1488616026","updated_at":null},{"id":"19950172","caption_id":"101548","seq":"5","text":"\u55e8\uff0c\u4f60\u5011\u597d\uff0c\u6211\u662f Jeffrey\uff0c\u4f60\u5011\u5927\u5bb6\u597d\u55ce\uff1f","translate_comment":"","start":"8.04","dur":"1.96","is_scores":null,"created_at":"1488616026","updated_at":null},{"id":"19950173","caption_id":"101548","seq":"6","text":"\u6211\u4e0d\u78ba\u5b9a\u4f60\u5011\u77e5\u4e0d\u77e5\u9053","translate_comment":"","start":"10","dur":"1.44","is_scores":null,"created_at":"1488616026","updated_at":null},{"id":"19950174","caption_id":"101548","seq":"7","text":"\u6211\u5176\u5be6\u7cbe\u901a\u4e09\u8a9e","translate_comment":"","start":"11.44","dur":"1.46","is_scores":null,"created_at":"1488616026","updated_at":null},{"id":"19950175","caption_id":"101548","seq":"8","text":"\u4e5f\u5c31\u662f\u8aaa\u6211\u53ef\u4ee5\u6d41\u5229\u5730\u8aaa\u4e09\u7a2e\u8a9e\u8a00","translate_comment":"","start":"12.9","dur":"2.26","is_scores":null,"created_at":"1488616026","updated_at":null},{"id":"19950176","caption_id":"101548","seq":"9","text":"\u6211\u6703\u8aaa\u6cd5\u8a9e\uff0c\u82f1\u8a9e\u548c\u5ee3\u6771\u8a71","translate_comment":"","start":"15.16","dur":"2.66","is_scores":null,"created_at":"1488616026","updated_at":null},{"id":"19950177","caption_id":"101548","seq":"10","text":"\u9019\u6c92\u4ec0\u9ebc\uff0c\u9019\u4e0d\u662f\u6211\u6703\u62ff\u4f86\u70ab\u8000\u7684\u4e8b\u60c5","translate_comment":"","start":"17.82","dur":"3.68","is_scores":null,"created_at":"1488616026","updated_at":null},{"id":"22068446","caption_id":"101548","seq":"11","text":"\u4f60\u89ba\u5f97\u4f60\u5f88\u53b2\u5bb3\u55ce\uff1f\u6211\u4e09\u8a9e\u7cbe\u901a","translate_comment":"","start":"21.5","dur":"2.2","is_scores":null,"created_at":"1499750880","updated_at":null},{"id":"22071428","caption_id":"101548","seq":"12","text":"\u6211\u6703\u8aaa\u4e09\u7a2e\u4e0d\u540c\u7684\u8a9e\u8a00","translate_comment":"","start":"23.7","dur":"2.5","is_scores":null,"created_at":"1499761184","updated_at":null},{"id":"19950178","caption_id":"101548","seq":"13","text":"\u4f60\u5462\uff1f\u4f60\u80fd\u505a\u4ec0\u9ebc\uff1f\u4f60\u9023\u4e00\u7a2e\u8a9e\u8a00\u90fd\u4e0d\u6703","translate_comment":"","start":"26.2","dur":"4","is_scores":null,"created_at":"1488616026","updated_at":null},{"id":"19950179","caption_id":"101548","seq":"14","text":"\u597d\u5427\uff0c\u4e5f\u8a31\u5076\u723e\u6703","translate_comment":"","start":"30.2","dur":"1.7","is_scores":null,"created_at":"1488616026","updated_at":null},{"id":"19950180","caption_id":"101548","seq":"15","text":"\u9019\u662f\u56e0\u70ba\u6bcf\u7576\u6211\u807d\u898b\u67d0\u4eba\u8aaa\u8457\u6211\u4e0d\u61c2\u7684\u8a9e\u8a00\u6642","translate_comment":"","start":"31.9","dur":"3.86","is_scores":null,"created_at":"1488616026","updated_at":null},{"id":"19950181","caption_id":"101548","seq":"16","text":"\u6211\u6703\u89ba\u5f97\u4ed6\u7279\u5225\u8ff7\u4eba","translate_comment":"","start":"35.76","dur":"1.92","is_scores":null,"created_at":"1488616026","updated_at":null},{"id":"19950182","caption_id":"101548","seq":"17","text":"\u67d0\u4e00\u5929\uff0c\u6211\u53bb\u5230\u4e00\u9593\u58a8\u897f\u54e5\u9910\u5ef3","translate_comment":"","start":"37.68","dur":"1.58","is_scores":null,"created_at":"1488616026","updated_at":null},{"id":"22071429","caption_id":"101548","seq":"18","text":"\u7136\u5f8c\u6709\u4e00\u4f4d\u6f02\u4eae\u7684\u5973\u670d\u52d9\u751f\u4f86\u5230\u6211\u5011\u9762\u524d\u8aaa\u4e86\u4e00\u4e9b\u5f88\u7f8e\u5999\u7684\u8a71\u8a9e","translate_comment":"","start":"39.3","dur":"2.8","is_scores":null,"created_at":"1499761184","updated_at":null},{"id":"19950183","caption_id":"101548","seq":"19","text":"\u3010\u897f\u73ed\u7259\u8a9e\u3011\u65e9\u5b89\uff01\u4f60\u597d\u55ce\uff1f","translate_comment":"","start":"42.16","dur":"1.44","is_scores":null,"created_at":"1488616026","updated_at":null},{"id":"19950184","caption_id":"101548","seq":"20","text":"\u9019\u662f\u4eca\u5929\u7684\u83dc\u55ae\uff0c\u4f60\u8981\u9ede\u4e9b\u98f2\u6599\u55ce\uff1f","translate_comment":"","start":"43.6","dur":"2.02","is_scores":null,"created_at":"1488616026","updated_at":null},{"id":"19950185","caption_id":"101548","seq":"21","text":"*\u9707\u61fe\u4e2d*","translate_comment":"","start":"45.62","dur":"3.06","is_scores":null,"created_at":"1488616026","updated_at":null},{"id":"19950186","caption_id":"101548","seq":"22","text":"\u75fe...\u4f60\u8981\u9ede\u4e9b\u98f2\u6599\u55ce\uff1f","translate_comment":"","start":"48.68","dur":"2.5","is_scores":null,"created_at":"1488616026","updated_at":null},{"id":"19950187","caption_id":"101548","seq":"23","text":"\u3010\u897f\u73ed\u7259\u8a9e\u3011\u4f60\u597d\uff01","translate_comment":"","start":"51.18","dur":"0.7","is_scores":null,"created_at":"1488616026","updated_at":null},{"id":"19950188","caption_id":"101548","seq":"24","text":"*\u50bb\u773c*","translate_comment":"","start":"51.88","dur":"1.12","is_scores":null,"created_at":"1488616026","updated_at":null},{"id":"19950189","caption_id":"101548","seq":"25","text":"\u5225\u6279\u5224\u6211","translate_comment":"","start":"53","dur":"0.94","is_scores":null,"created_at":"1488616026","updated_at":null},{"id":"19950190","caption_id":"101548","seq":"26","text":"\u6211...\u5443","translate_comment":"","start":"53.94","dur":"1.32","is_scores":null,"created_at":"1488616026","updated_at":null},{"id":"19950191","caption_id":"101548","seq":"27","text":"\u6700\u8fd1\u6bcf\u7576\u6211\u9047\u898b\u65b0\u7684\u670b\u53cb\u6642","translate_comment":"","start":"55.26","dur":"1.92","is_scores":null,"created_at":"1488616026","updated_at":null},{"id":"22071430","caption_id":"101548","seq":"28","text":"\u6211\u90fd\u6703\u8a66\u8457\u8b93\u4ed6\u5011\u77e5\u9053\u5176\u5be6\u6211\u6703\u8aaa\u4e0d\u540c\u7684\u8a9e\u8a00","translate_comment":"","start":"57.2","dur":"2.6","is_scores":null,"created_at":"1499761184","updated_at":null},{"id":"19950192","caption_id":"101548","seq":"29","text":"\u4ee5\u9632\u842c\u4e00\uff0c\u4e5f\u8a31\u4ed6\u5011\u6703\u89ba\u5f97\u6211\u5f88\u8ff7\u4eba","translate_comment":"","start":"59.88","dur":"1.62","is_scores":null,"created_at":"1488616026","updated_at":null},{"id":"19950193","caption_id":"101548","seq":"30","text":"\u4e0d\u904e\u6211\u4e26\u4e0d\u662f\u7576\u9762\u76f4\u63a5\u63d0\u8d77\uff0c\u800c\u662f\u8f15\u8f15\u5730\u63d0\u8d77","translate_comment":"","start":"61.5","dur":"3.68","is_scores":null,"created_at":"1488616026","updated_at":null},{"id":"19950194","caption_id":"101548","seq":"31","text":"\u6211\u7cbe\u901a\u4e09\u8a9e\uff01","translate_comment":"","start":"65.18","dur":"3.24","is_scores":null,"created_at":"1488616026","updated_at":null},{"id":"19950195","caption_id":"101548","seq":"32","text":"\u55e8","translate_comment":"","start":"68.42","dur":"1.68","is_scores":null,"created_at":"1488616026","updated_at":null},{"id":"19950196","caption_id":"101548","seq":"33","text":"(\u5c0f\u8072) \u6211...\u7cbe\u901a\u4e09\u8a9e","translate_comment":"","start":"70.1","dur":"2.92","is_scores":null,"created_at":"1488616026","updated_at":null},{"id":"19950197","caption_id":"101548","seq":"34","text":"\u8f15\u63cf\u6de1\u5beb...\u67d0\u7a2e\u7a0b\u5ea6\u4e0a\u5566","translate_comment":"","start":"73.02","dur":"1.04","is_scores":null,"created_at":"1488616026","updated_at":null},{"id":"19950198","caption_id":"101548","seq":"35","text":"Ok\uff0c\u9664\u4e86\u770b\u8d77\u4f86\u8ff7\u4eba\u548c\u8070\u660e","translate_comment":"","start":"74.06","dur":"2.9","is_scores":null,"created_at":"1488616026","updated_at":null},{"id":"22071625","caption_id":"101548","seq":"36","text":"\u7cbe\u901a\u4e09\u8a9e\u4e5f\u662f\u6709\u5b83\u81ea\u5df1\u7684\u597d\u8655","translate_comment":"","start":"77","dur":"1.8","is_scores":null,"created_at":"1499763151","updated_at":null},{"id":"19950199","caption_id":"101548","seq":"37","text":"\u6bd4\u5982\u8aaa\u6211\u4e0d\u7528\u5728\u80cc\u5f8c\u8aaa\u5225\u4eba\u7684\u58de\u8a71","translate_comment":"","start":"78.86","dur":"2.42","is_scores":null,"created_at":"1488616026","updated_at":null},{"id":"19950200","caption_id":"101548","seq":"38","text":"\u90a3\u500b\u5305\u5305\u591a\u5c11\u9322\uff1f","translate_comment":"","start":"81.28","dur":"1.46","is_scores":null,"created_at":"1488616026","updated_at":null},{"id":"19950201","caption_id":"101548","seq":"39","text":"\u9019\u500b\u5305\u5305\u662f$100","translate_comment":"","start":"82.74","dur":"1.82","is_scores":null,"created_at":"1488616026","updated_at":null},{"id":"19950202","caption_id":"101548","seq":"40","text":"$100\uff1f","translate_comment":"","start":"84.56","dur":"0.86","is_scores":null,"created_at":"1488616026","updated_at":null},{"id":"22071564","caption_id":"101548","seq":"41","text":"\u3010\u6cd5\u8a9e\u3011$100? \u9019\u9ebc\u8cb4","translate_comment":"","start":"85.5","dur":"1.7","is_scores":null,"created_at":"1499761359","updated_at":null},{"id":"22071431","caption_id":"101548","seq":"42","text":"\u3010\u6cd5\u8a9e\u3011\u4f60\u8981\u600e\u9ebc\u9084\u623f\u79df\uff1f","translate_comment":"","start":"87.2","dur":"1.1","is_scores":null,"created_at":"1499761184","updated_at":null},{"id":"22071565","caption_id":"101548","seq":"43","text":"\u3010\u6cd5\u8a9e\u3011\u5c0d\u5440\uff0c\u90a3\u6211\u61c9\u8a72\u8cb7\u4ec0\u9ebc\u751f\u65e5\u79ae\u7269\u9001\u6211\u8001\u5abd\uff1f","translate_comment":"","start":"88.3","dur":"1.8","is_scores":null,"created_at":"1499761359","updated_at":null},{"id":"19950203","caption_id":"101548","seq":"44","text":"\u662f\u4e0d\u662f\u592a\u8cb4\u4e86\uff1f\u6211\u6703\u4e00\u9ede\u9ede\u7684\u6cd5\u8a9e","translate_comment":"","start":"90.12","dur":"2.32","is_scores":null,"created_at":"1488616026","updated_at":null},{"id":"19950204","caption_id":"101548","seq":"45","text":"\u4ec0\u9ebc\uff1f\u5662\uff0c\u4e0d\u4e0d\u4e0d\u4e0d\u6703\u8cb4\uff0c\u6211\u5011\u8cb7\u5f97\u8d77","translate_comment":"","start":"92.44","dur":"2.82","is_scores":null,"created_at":"1488616026","updated_at":null},{"id":"22071570","caption_id":"101548","seq":"46","text":"\u3010\u5ee3\u6771\u3011\u5979\u660e\u767d\u6cd5\u8a9e\u8036\uff0c\u883b\u5438\u5f15\u4eba\u7684","translate_comment":"","start":"95.3","dur":"1.7","is_scores":null,"created_at":"1499762010","updated_at":null},{"id":"22071567","caption_id":"101548","seq":"47","text":"\u3010\u5ee3\u6771\u3011\u662f\u554a\uff0c\u5979\u4e5f\u883b\u6f02\u4eae\u7684!","translate_comment":"","start":"97","dur":"1.9","is_scores":null,"created_at":"1499761914","updated_at":null},{"id":"22071571","caption_id":"101548","seq":"48","text":"\u3010\u5ee3\u6771\u3011\u4f46\u662f\u90a3\u500b\u5305\u5305\u59cb\u7d42\u9084\u662f\u592a\u8cb4\u4e86","translate_comment":"","start":"98.9","dur":"1.7","is_scores":null,"created_at":"1499762010","updated_at":null},{"id":"22071573","caption_id":"101548","seq":"49","text":"\u3010\u5ee3\u6771\u3011\u4e0d\u5982\u8d70\u54af?\u3010\u5ee3\u6771\u3011\u8d70\u5427\u8d70\u5427!","translate_comment":"","start":"100.6","dur":"1.1","is_scores":null,"created_at":"1499762178","updated_at":null},{"id":"19950205","caption_id":"101548","seq":"50","text":"Ok\uff0c\u63b0\u63b0\uff01","translate_comment":"","start":"101.76","dur":"1.78","is_scores":null,"created_at":"1488616026","updated_at":null},{"id":"19950206","caption_id":"101548","seq":"51","text":"\u8b1d\u8b1d...","translate_comment":"","start":"103.54","dur":"0.94","is_scores":null,"created_at":"1488616026","updated_at":null},{"id":"19950207","caption_id":"101548","seq":"52","text":"\u597d\u5427\uff0c\u90a3\u6a23\u883b\u7121\u79ae\u7684...\u4e0d\u904e\u5b83\u4e5f\u7b97\u662f\u4e00\u7a2e\u597d\u8655\u5427","translate_comment":"","start":"104.48","dur":"3.52","is_scores":null,"created_at":"1488616026","updated_at":null},{"id":"19950208","caption_id":"101548","seq":"53","text":"\u4f46\u662f\u6709\u4e00\u4ef6\u4e8b\u883b\u60f1\u4eba\u7684","translate_comment":"","start":"108","dur":"2.58","is_scores":null,"created_at":"1488616026","updated_at":null},{"id":"19950209","caption_id":"101548","seq":"54","text":"\u6bcf\u7576\u6709\u4eba\u77e5\u9053\u6211\u6703\u8aaa\u6cd5\u8a9e\u6216\u662f\u5ee3\u6771\u8a71\u6642","translate_comment":"","start":"110.58","dur":"2.78","is_scores":null,"created_at":"1488616026","updated_at":null},{"id":"22071583","caption_id":"101548","seq":"55","text":"\u4ed6\u5011\u90fd\u6703\u8981\u6c42\u6211\u7528\u90a3\u4e9b\u8a9e\u8a00\u8aaa\u4e00\u4e9b\u8a71","translate_comment":"","start":"113.4","dur":"1.8","is_scores":null,"created_at":"1499762928","updated_at":null},{"id":"19950210","caption_id":"101548","seq":"56","text":"\u6211\u53ef\u4ee5\u4e86\u89e3\u4ed6\u5011\u7684\u597d\u5947\u5fc3\u6211\u4e5f\u4e0d\u4ecb\u610f\u6559\u4ed6\u5011\u65b0\u7684\u8a5e\u5f59\u3002","translate_comment":"","start":"115.26","dur":"2.72","is_scores":null,"created_at":"1488616026","updated_at":null},{"id":"22071584","caption_id":"101548","seq":"57","text":"\u53ea\u662f\u60f1\u4eba\u7684\u662f\u6bcf\u6b21\u6211\u96a8\u610f\u6559\u4ed6\u5011\u4e00\u500b\u751f\u8a5e\u7684\u6642\u5019","translate_comment":"","start":"118","dur":"4","is_scores":null,"created_at":"1499762928","updated_at":null},{"id":"22071728","caption_id":"101548","seq":"58","text":"\u4ed6\u5011\u4e26\u4e0d\u6eff\u610f\u6211\u9078\u7684\u8a5e\u5f59","translate_comment":"","start":"122","dur":"1.9","is_scores":null,"created_at":"1499763675","updated_at":null},{"id":"19950211","caption_id":"101548","seq":"59","text":"\u8aaa\u4e9b\u6cd5\u8a9e\uff01","translate_comment":"","start":"123.98","dur":"1.08","is_scores":null,"created_at":"1488616026","updated_at":null},{"id":"19950212","caption_id":"101548","seq":"60","text":"\u4f60\u8981\u6211\u8aaa\u4ec0\u9ebc\uff1f","translate_comment":"","start":"125.06","dur":"1.12","is_scores":null,"created_at":"1488616026","updated_at":null},{"id":"19950213","caption_id":"101548","seq":"61","text":"\u96a8\u4fbf\uff01","translate_comment":"","start":"126.18","dur":"0.94","is_scores":null,"created_at":"1488616026","updated_at":null},{"id":"19950214","caption_id":"101548","seq":"62","text":"\u4f60\u78ba\u5b9a\u4f60\u6c92\u6709\u60f3\u5b78\u7684\u8a5e\u5f59\u55ce\uff1f","translate_comment":"","start":"127.12","dur":"1.24","is_scores":null,"created_at":"1488616026","updated_at":null},{"id":"19950215","caption_id":"101548","seq":"63","text":"\u5c31\u96a8\u610f\u8aaa\u4e9b\u4ec0\u9ebc\u5427\uff01","translate_comment":"","start":"128.36","dur":"1.1","is_scores":null,"created_at":"1488616026","updated_at":null},{"id":"19950216","caption_id":"101548","seq":"64","text":"\u90a3\u597d\u5427...\u3010\u6cd5\u8a9e\u3011\u72d7","translate_comment":"","start":"129.46","dur":"1.84","is_scores":null,"created_at":"1488616026","updated_at":null},{"id":"19950217","caption_id":"101548","seq":"65","text":"\u90a3\u662f\u4ec0\u9ebc\u610f\u601d\uff1f","translate_comment":"","start":"131.3","dur":"0.7","is_scores":null,"created_at":"1488616026","updated_at":null},{"id":"19950218","caption_id":"101548","seq":"66","text":"\u72d7\u72d7....","translate_comment":"","start":"132","dur":"0.7","is_scores":null,"created_at":"1488616026","updated_at":null},{"id":"19950219","caption_id":"101548","seq":"67","text":"\u72d7\uff1f\u8a8d\u771f\uff1f\u6240\u6709\u7684\u55ae\u5b57\u88e1\u9762\u4f60\u9078\u72d7\uff1f","translate_comment":"","start":"132.7","dur":"3.48","is_scores":null,"created_at":"1488616026","updated_at":null},{"id":"22071585","caption_id":"101548","seq":"68","text":"\u9019\u5c0d\u6211\u6709\u751a\u9ebc\u5e6b\u52a9\uff1f\u9019\u5c0d\u6211\u4eba\u751f\u6709\u751a\u9ebc\u5efa\u8a2d\u6027\uff1f","translate_comment":"","start":"136.2","dur":"3","is_scores":null,"created_at":"1499762928","updated_at":null},{"id":"19950220","caption_id":"101548","seq":"69","text":"\u5594\uff0c\u90a3\u500b\u6771\u897f\u600e\u9ebc\u8b1b\uff1f","translate_comment":"","start":"139.28","dur":"3.16","is_scores":null,"created_at":"1488616026","updated_at":null},{"id":"19950221","caption_id":"101548","seq":"70","text":"\u5594\uff0c\u90a3\u662f chien","translate_comment":"","start":"142.44","dur":"1.72","is_scores":null,"created_at":"1488616026","updated_at":null},{"id":"19950222","caption_id":"101548","seq":"71","text":"\u4f60\u6703\u8b1b\u6cd5\u6587\uff1f\u611b\u7684\u8a9e\u8a00\uff0c\u6709\u5920\u6027\u611f\u7684\uff01","translate_comment":"","start":"144.16","dur":"3.08","is_scores":null,"created_at":"1488616026","updated_at":null},{"id":"19950223","caption_id":"101548","seq":"72","text":"\u53ef\u80fd\u6709\u4e00\u9ede\u5427","translate_comment":"","start":"147.24","dur":"1.18","is_scores":null,"created_at":"1488616026","updated_at":null},{"id":"19950224","caption_id":"101548","seq":"73","text":"\u5929\u554a\uff01\u6211\u4e00\u76f4\u60f3\u8981\u5b78\u6cd5\u6587\uff01\u543b\u6211","translate_comment":"","start":"148.42","dur":"2.52","is_scores":null,"created_at":"1488616026","updated_at":null},{"id":"19950225","caption_id":"101548","seq":"74","text":"\u54c8\u54c8\uff0c\u4f86\u5427","translate_comment":"","start":"150.94","dur":"1.5","is_scores":null,"created_at":"1488616026","updated_at":null},{"id":"19950226","caption_id":"101548","seq":"75","text":"\u4f60\u5011\u8a8d\u771f\uff1f","translate_comment":"","start":"152.44","dur":"0.98","is_scores":null,"created_at":"1488616026","updated_at":null},{"id":"19950227","caption_id":"101548","seq":"76","text":"\u5982\u679c\u4f60\u5728\u60f3\u70ba\u4ec0\u9ebc\u6211\u6703\u8aaa\u4e09\u7a2e\u8a9e\u8a00\u7684\u8a71","translate_comment":"","start":"153.42","dur":"1.84","is_scores":null,"created_at":"1488616026","updated_at":null},{"id":"22071586","caption_id":"101548","seq":"77","text":"\u662f\u56e0\u70ba\u6211\u5abd\u4f86\u81ea\u975e\u6d32\u99ac\u9054\u52a0\u65af\u52a0\uff0c\u6703\u8b1b\u5ee3\u6771\u8a71\u548c\u6cd5\u6587","translate_comment":"","start":"155.3","dur":"4","is_scores":null,"created_at":"1499762928","updated_at":null},{"id":"19950228","caption_id":"101548","seq":"78","text":"\u6211\u7238\u4f86\u81ea\u9999\u6e2f\u6240\u4ee5\u6703\u8b1b\u82f1\u6587\u548c\u5ee3\u6771\u8a71","translate_comment":"","start":"159.36","dur":"2.5","is_scores":null,"created_at":"1488616026","updated_at":null},{"id":"19950229","caption_id":"101548","seq":"79","text":"\u800c\u6211\u4f86\u81ea\u52a0\u62ff\u5927\u8499\u7279\u5a41\uff0c\u9019\u88e1\u8b1b\u6cd5\u6587\u548c\u82f1\u6587","translate_comment":"","start":"161.86","dur":"2.82","is_scores":null,"created_at":"1488616026","updated_at":null},{"id":"19950230","caption_id":"101548","seq":"80","text":"\u6211\u8ddf\u6211\u7236\u6bcd\u8b1b\u5ee3\u6771\u8a71","translate_comment":"","start":"164.68","dur":"1.96","is_scores":null,"created_at":"1488616026","updated_at":null},{"id":"19950231","caption_id":"101548","seq":"81","text":"\u597d\u7b11\u7684\u662f\u6211\u7684\u6bcf\u500b\u5f71\u7247\u6211\u5abd\u90fd\u6703\u770b","translate_comment":"","start":"166.64","dur":"1.82","is_scores":null,"created_at":"1488616026","updated_at":null},{"id":"22071587","caption_id":"101548","seq":"82","text":"\u96d6\u7136\u4ed6\u5b8c\u5168\u4e0d\u61c2\u82f1\u6587\uff0c\u4ed6\u9084\u662f\u6bcf\u500b\u5f71\u7247\u90fd\u6703\u770b","translate_comment":"","start":"168.5","dur":"3.8","is_scores":null,"created_at":"1499762928","updated_at":null},{"id":"19950232","caption_id":"101548","seq":"83","text":"*\u5927\u7b11\u4e2d*","translate_comment":"","start":"172.36","dur":"2.84","is_scores":null,"created_at":"1488616026","updated_at":null},{"id":"19950233","caption_id":"101548","seq":"84","text":"\u9019\u500b\u771f\u7684\u5f88\u597d\u7b11\uff01","translate_comment":"","start":"175.2","dur":"1.78","is_scores":null,"created_at":"1488616026","updated_at":null},{"id":"19950234","caption_id":"101548","seq":"85","text":"\u771f\u7684\uff1f\u4f60\u770b\u5f97\u61c2\u9019\u90e8\u5f71\u7247\uff1f","translate_comment":"","start":"176.98","dur":"1.16","is_scores":null,"created_at":"1488616026","updated_at":null},{"id":"19950235","caption_id":"101548","seq":"86","text":"\u6c92\uff0c\u6211\u5b8c\u5168\u807d\u4e0d\u61c2","translate_comment":"","start":"178.14","dur":"1.74","is_scores":null,"created_at":"1488616026","updated_at":null},{"id":"19950236","caption_id":"101548","seq":"87","text":"Jeffrey \u5c31\u662f\u5728\u9019\u4e00\u523b\u7406\u89e3\u5b83\u6c38\u9060\u4e0d\u6703\u4e86\u89e3\u5973\u4eba","translate_comment":"","start":"179.88","dur":"4.6","is_scores":null,"created_at":"1488616026","updated_at":null},{"id":"19950237","caption_id":"101548","seq":"88","text":"\u6211\u60f3\u9019\u5c31\u662f\u7121\u689d\u4ef6\u7684\u652f\u6301\u5427\uff1f","translate_comment":"","start":"184.48","dur":"2","is_scores":null,"created_at":"1488616026","updated_at":null},{"id":"19950238","caption_id":"101548","seq":"89","text":"\u63d0\u5230\u652f\u6301\uff0c\u6211\u771f\u7684\u975e\u5e38\u611f\u8b1d\u4f60\u5011","translate_comment":"","start":"186.48","dur":"2.36","is_scores":null,"created_at":"1488616026","updated_at":null},{"id":"22071588","caption_id":"101548","seq":"90","text":"\u8b93\u6211\u7684\u983b\u9053\u9054\u5230\u5341\u842c\u8a02\u95b1\u4e86","translate_comment":"","start":"188.9","dur":"2.9","is_scores":null,"created_at":"1499762928","updated_at":null},{"id":"19950239","caption_id":"101548","seq":"91","text":"\u9019\u5c0d\u6211\u4f86\u8aaa\u592a\u760b\u72c2\u4e86\uff0c\u5168\u4e16\u754c\u90fd\u6709\u4eba","translate_comment":"","start":"191.84","dur":"1.66","is_scores":null,"created_at":"1488616026","updated_at":null},{"id":"22071589","caption_id":"101548","seq":"92","text":"\u5728\u5206\u4eab\u6211\u7684\u983b\u9053\u548c\u652f\u6301\u6211","translate_comment":"","start":"193.5","dur":"2.7","is_scores":null,"created_at":"1499762928","updated_at":null},{"id":"19950240","caption_id":"101548","seq":"93","text":"\u592a\u611f\u8b1d\u4f60\u5011\u4e86\uff01\u4e5f\u56e0\u70ba\u4f60\u5011\u4f86\u81ea\u4e16\u754c\u5404\u5730","translate_comment":"","start":"196.2","dur":"2.18","is_scores":null,"created_at":"1488616026","updated_at":null},{"id":"22071590","caption_id":"101548","seq":"94","text":"\u5728\u5e95\u4e0b\u7559\u8a00\u4f60\u5011\u6703\u8b1b\u90a3\u4e9b\u8a9e\u8a00\u5427","translate_comment":"","start":"198.4","dur":"2.9","is_scores":null,"created_at":"1499762928","updated_at":null},{"id":"19950241","caption_id":"101548","seq":"95","text":"\u4e0b\u6b21\u898b\u3002","translate_comment":"","start":"201.38","dur":"0.56","is_scores":null,"created_at":"1488616026","updated_at":null},{"id":"22071591","caption_id":"101548","seq":"96","text":"\u6211\u662f JeffreyFever\uff0c \u8981\u505c\u6b62\u9304\u5f71\u4e86\uff01\u518d\u898b","translate_comment":"","start":"202","dur":"3.7","is_scores":null,"created_at":"1499762928","updated_at":null},{"id":"19950242","caption_id":"101548","seq":"97","text":"\u54c7\uff0c\u9019\u500b\u4eba\u6703\u8aaa\u6cd5\u6587\uff0c\u82f1\u6587\uff0c\u9084\u6709\u5ee3\u6771\u8a71\uff01\uff1f\u4ed6\u597d\u8070\u660e\u5594\uff01","translate_comment":"","start":"205.74","dur":"5.28","is_scores":null,"created_at":"1488616026","updated_at":null},{"id":"19950243","caption_id":"101548","seq":"98","text":"\u6280\u8853\u4e0a\u4f86\u8aaa\uff0c\u5f71\u7247\u5df2\u7d93\u7d50\u675f\u4e86\uff0c\u53ef\u662f\u6211\u4e0d\u5c0f\u5fc3\u807d\u5230\u4f60\u7684\u8a71","translate_comment":"","start":"211.02","dur":"3.02","is_scores":null,"created_at":"1488616026","updated_at":null},{"id":"19950244","caption_id":"101548","seq":"99","text":"\u7b49\u7b49","translate_comment":"","start":"214.04","dur":"0.5","is_scores":null,"created_at":"1488616026","updated_at":null},{"id":"19950245","caption_id":"101548","seq":"100","text":"\u5594\u4f60\u771f\u7684\u592a\u5ba2\u6c23\u4e86\uff0c\u4f46\u662f\u6211\u9084\u662f\u63a5\u53d7\u5566","translate_comment":"","start":"214.54","dur":"2.62","is_scores":null,"created_at":"1488616026","updated_at":null},{"id":"19950246","caption_id":"101548","seq":"101","text":"\u9019\u662f\u5728\u641e\u4e09...","translate_comment":"","start":"217.16","dur":"1.26","is_scores":null,"created_at":"1488616026","updated_at":null},{"id":"19950247","caption_id":"101548","seq":"102","text":"\u54c8","translate_comment":"","start":"218.42","dur":"10","is_scores":null,"created_at":"1488616026","updated_at":null},{"id":"19950248","caption_id":"101548","seq":"103","text":"\u771f\u7684\u55ce?","translate_comment":null,"start":"133.47","dur":"0.926","is_scores":null,"created_at":"1488616026","updated_at":null},{"id":"19950249","caption_id":"101548","seq":"104","text":"\u9019\u9ebc\u591a\u8a5e\u5f59\u4e4b\u4e2d\u4f60\u537b\u9078\u4e86\u72d7?!","translate_comment":null,"start":"134.396","dur":"1.728","is_scores":null,"created_at":"1488616026","updated_at":null},{"id":"19950250","caption_id":"101548","seq":"105","text":"\u90a3\u500b\u5b57\u5c0d\u6211\u6709\u4ec0\u9ebc\u5e6b\u52a9\u55ce?","translate_comment":null,"start":"136.124","dur":"1.611","is_scores":null,"created_at":"1488616026","updated_at":null},{"id":"19950251","caption_id":"101548","seq":"106","text":"\u90a3\u500b\u5b57\u5c0d\u6211\u7684\u4eba\u751f\u4f86\u8aaa\u6709\u4ec0\u9ebc\u5efa\u8a2d\u6027\u55ce?!","translate_comment":null,"start":"137.735","dur":"1.646","is_scores":null,"created_at":"1488616026","updated_at":null},{"id":"19950252","caption_id":"101548","seq":"107","text":"\u5594\uff0c\u90a3\u662f\u4ec0\u9ebc\uff1f","translate_comment":null,"start":"139.381","dur":"3.159","is_scores":null,"created_at":"1488616026","updated_at":null},{"id":"19950253","caption_id":"101548","seq":"108","text":"\u90a3\u662f..\u5443\u3002\u3002","translate_comment":null,"start":"142.54","dur":"0.989","is_scores":null,"created_at":"1488616026","updated_at":null},{"id":"19950254","caption_id":"101548","seq":"109","text":"\u3010\u6cd5\u8a9e\u3011\u72d7","translate_comment":null,"start":"143.529","dur":"0.566","is_scores":null,"created_at":"1488616026","updated_at":null},{"id":"19950255","caption_id":"101548","seq":"110","text":"\u4f60\u6703\u8aaa\u6cd5\u8a9e\uff1f\u90a3\u611b\u7684\u8a9e\u8a00?!","translate_comment":null,"start":"144.095","dur":"2.174","is_scores":null,"created_at":"1488616026","updated_at":null},{"id":"19950256","caption_id":"101548","seq":"111","text":"\u597d\u5e25\u54e6!","translate_comment":null,"start":"146.269","dur":"0.957","is_scores":null,"created_at":"1488616026","updated_at":null},{"id":"19950257","caption_id":"101548","seq":"112","text":"\u4e00\u9ede\u9ede\u7f77\u4e86!","translate_comment":null,"start":"147.226","dur":"1.225","is_scores":null,"created_at":"1488616026","updated_at":null},{"id":"19950258","caption_id":"101548","seq":"113","text":"\u6211\u7684\u5929\u554a\uff0c\u6211\u4e00\u76f4\u5f88\u60f3\u5b78\u6cd5\u8a9e!","translate_comment":null,"start":"148.451","dur":"1.692","is_scores":null,"created_at":"1488616026","updated_at":null},{"id":"19950259","caption_id":"101548","seq":"114","text":"\u543b\u6211!","translate_comment":null,"start":"150.143","dur":"0.709","is_scores":null,"created_at":"1488616026","updated_at":null},{"id":"19950260","caption_id":"101548","seq":"115","text":"\u54c8\u54c8\uff0c\u597d\u5427!","translate_comment":null,"start":"150.852","dur":"1.609","is_scores":null,"created_at":"1488616026","updated_at":null},{"id":"19950261","caption_id":"101548","seq":"116","text":"\u4f60\u662f\u8a8d\u771f\u7684\u55ce?!","translate_comment":null,"start":"152.461","dur":"0.97","is_scores":null,"created_at":"1488616026","updated_at":null},{"id":"19950262","caption_id":"101548","seq":"117","text":"\u5982\u679c\u4f60\u60f3\u77e5\u9053\u70ba\u4ec0\u9ebc\u6211\u6703\u8aaa\u4e09\u7a2e\u8a9e\u8a00","translate_comment":null,"start":"153.431","dur":"2.093","is_scores":null,"created_at":"1488616026","updated_at":null},{"id":"19950263","caption_id":"101548","seq":"118","text":"\u90a3\u662f\u56e0\u70ba\u6211\u5abd\u5abd\u4f86\u81ea\u975e\u6d32\u99ac\u9054\u52a0\u65af\u52a0","translate_comment":null,"start":"155.524","dur":"2.09","is_scores":null,"created_at":"1488616026","updated_at":null},{"id":"19950264","caption_id":"101548","seq":"119","text":"\u5979\u6703\u8aaa\u5ee3\u6771\u8a71\u548c\u6cd5\u8a9e","translate_comment":null,"start":"157.614","dur":"1.75","is_scores":null,"created_at":"1488616026","updated_at":null},{"id":"19950265","caption_id":"101548","seq":"120","text":"\u6211\u7238\u7238\u4f86\u81ea\u9999\u6e2f\uff0c\u4ed6\u6703\u8aaa\u82f1\u8a9e\u548c\u5ee3\u6771\u8a71","translate_comment":null,"start":"159.364","dur":"2.627","is_scores":null,"created_at":"1488616026","updated_at":null},{"id":"19950266","caption_id":"101548","seq":"121","text":"\u800c\u6211\u4f86\u81ea\u52a0\u62ff\u5927\u8499\u7279\u5229\u723e\uff0c\u90a3\u88e1\u7684\u4e3b\u8981\u8a9e\u8a00\u662f\u6cd5\u8a9e\u548c\u82f1\u8a9e","translate_comment":null,"start":"161.991","dur":"2.744","is_scores":null,"created_at":"1488616026","updated_at":null},{"id":"19950267","caption_id":"101548","seq":"122","text":"\u6211\u7528\u5ee3\u6771\u8a71\u548c\u6211\u7684\u7236\u6bcd\u6e9d\u901a","translate_comment":null,"start":"164.735","dur":"1.955","is_scores":null,"created_at":"1488616026","updated_at":null},{"id":"19950268","caption_id":"101548","seq":"123","text":"\u6709\u8da3\u7684\u662f\uff0c\u6211\u5abd\u5abd\u89c0\u8cde\u904e\u6211\u5168\u90e8\u7684\u5f71\u7247","translate_comment":null,"start":"166.69","dur":"1.888","is_scores":null,"created_at":"1488616026","updated_at":null},{"id":"19950269","caption_id":"101548","seq":"124","text":"\u5979\u5c0d\u82f1\u8a9e\u4e00\u7ac5\u4e0d\u901a","translate_comment":null,"start":"168.578","dur":"2.326","is_scores":null,"created_at":"1488616026","updated_at":null},{"id":"19950270","caption_id":"101548","seq":"125","text":"\u4f46\u5979\u9084\u662f\u89c0\u770b\u6211\u7684\u5f71\u7247","translate_comment":null,"start":"170.904","dur":"5.199","is_scores":null,"created_at":"1488616026","updated_at":null},{"id":"19950271","caption_id":"101548","seq":"126","text":"\u9019\u500b\u5f88\u597d\u7b11!","translate_comment":null,"start":"176.103","dur":"1.017","is_scores":null,"created_at":"1488616026","updated_at":null},{"id":"19950272","caption_id":"101548","seq":"127","text":"\u771f\u7684\uff1f\u4f60\u660e\u767d\u9019\u500b?","translate_comment":null,"start":"177.12","dur":"1.216","is_scores":null,"created_at":"1488616026","updated_at":null},{"id":"19950273","caption_id":"101548","seq":"128","text":"\u4e0d\uff0c\u6211\u4e00\u9ede\u5152\u4e5f\u4e0d\u660e\u767d","translate_comment":null,"start":"178.336","dur":"1.8","is_scores":null,"created_at":"1488616026","updated_at":null},{"id":"19950274","caption_id":"101548","seq":"129","text":"\u5c31\u5728\u90a3\u500b\u6642\u523b\uff0cJeffrey\u7d42\u65bc\u660e\u767d","translate_comment":null,"start":"180.136","dur":"2.346","is_scores":null,"created_at":"1488616026","updated_at":null},{"id":"19950275","caption_id":"101548","seq":"130","text":"\u4ed6\u6c38\u9060\u4e5f\u4e0d\u6703\u4e86\u89e3\u5973\u4eba...","translate_comment":null,"start":"182.482","dur":"2.002","is_scores":null,"created_at":"1488616026","updated_at":null},{"id":"19950276","caption_id":"101548","seq":"131","text":"\u6211\u60f3\uff0c\u9019\u5c31\u662f\u6240\u8b02\u7684\u7121\u689d\u4ef6\u7684\u652f\u6301\u5427","translate_comment":null,"start":"184.484","dur":"1.934","is_scores":null,"created_at":"1488616026","updated_at":null},{"id":"19950277","caption_id":"101548","seq":"132","text":"\u8aaa\u5230\u652f\u6301\uff0c\u6211\u60f3\u8981\u5c0d\u4f60\u5011\u8aaa\u8072\u8b1d\u8b1d","translate_comment":null,"start":"186.418","dur":"2.698","is_scores":null,"created_at":"1488616026","updated_at":null},{"id":"19950278","caption_id":"101548","seq":"133","text":"\u8b1d\u8b1d\u4f60\u5011\u8b93\u6211\u7684\u512a\u7ba1\u983b\u9053\u8a02\u95b1\u4eba\u6578\u885d\u7834100\uff0c000!","translate_comment":null,"start":"189.116","dur":"2.774","is_scores":null,"created_at":"1488616026","updated_at":null},{"id":"19950279","caption_id":"101548","seq":"134","text":"\u6211\u89ba\u5f97\u9019\u5f88\u760b\u72c2\uff0c\u5168\u4e16\u754c\u7684\u4eba\u90fd\u5728\u5e6b\u6211\u5ba3\u50b3\u6211\u7684\u512a\u7ba1\u983b\u9053\u4e26\u4e14\u652f\u6301\u8457\u6211!","translate_comment":null,"start":"191.89","dur":"4.317","is_scores":null,"created_at":"1488616026","updated_at":null},{"id":"19950280","caption_id":"101548","seq":"135","text":"\u6240\u4ee5\u771f\u5f97\u5f88\u8b1d\u8b1d\u4f60\u5011!","translate_comment":null,"start":"196.207","dur":"0.851","is_scores":null,"created_at":"1488616026","updated_at":null},{"id":"19950281","caption_id":"101548","seq":"136","text":"\u800c\u6b63\u56e0\u70ba\u4f60\u5011\u90fd\u4f86\u81ea\u4e16\u754c\u5404\u5730","translate_comment":null,"start":"197.058","dur":"1.267","is_scores":null,"created_at":"1488616026","updated_at":null},{"id":"19950282","caption_id":"101548","seq":"137","text":"\u8acb\u5728\u4e0b\u65b9\u7559\u8a00\uff0c\u544a\u8a34\u6211\u4f60\u5011\u6703\u8aaa\u4e9b\u4ec0\u9ebc\u8a9e\u8a00","translate_comment":null,"start":"198.325","dur":"3.073","is_scores":null,"created_at":"1488616026","updated_at":null},{"id":"19950283","caption_id":"101548","seq":"138","text":"\u6211\u5011\u4e0b\u6b21\u518d\u898b!","translate_comment":null,"start":"201.398","dur":"0.8","is_scores":null,"created_at":"1488616026","updated_at":null},{"id":"19950284","caption_id":"101548","seq":"139","text":"\u9019\u662fJeffrey Fever,\u6211\u8981\u6309\u4e0b\u505c\u6b62\u9304\u5f71\u9215\u4e86","translate_comment":null,"start":"202.198","dur":"1.901","is_scores":null,"created_at":"1488616026","updated_at":null},{"id":"19950285","caption_id":"101548","seq":"140","text":"\u4e0b\u6b21\u518d\u898b","translate_comment":null,"start":"204.099","dur":"1.523","is_scores":null,"created_at":"1488616026","updated_at":null},{"id":"19950286","caption_id":"101548","seq":"141","text":"\u54c7","translate_comment":null,"start":"205.622","dur":"0.603","is_scores":null,"created_at":"1488616026","updated_at":null},{"id":"19950287","caption_id":"101548","seq":"142","text":"\u9019\u500b\u4eba\u6703\u8aaa\u6cd5\u8a9e\uff0c\u82f1\u8a9e\u548c\u5ee3\u6771\u8a71\u4e5f","translate_comment":null,"start":"206.225","dur":"2.992","is_scores":null,"created_at":"1488616026","updated_at":null},{"id":"19950288","caption_id":"101548","seq":"143","text":"\u4ed6\u597d\u53b2\u5bb3\u54e6\uff01","translate_comment":null,"start":"209.217","dur":"1.87","is_scores":null,"created_at":"1488616026","updated_at":null},{"id":"19950289","caption_id":"101548","seq":"144","text":"\u9019\u5f71\u7247\u5df2\u7d93\u7d50\u675f\u4e86\uff0c\u53ef\u662f\u6211\u807d\u898b\u4f60\u8aaa\u7684\u8a71\u4e86!","translate_comment":null,"start":"211.087","dur":"2.962","is_scores":null,"created_at":"1488616026","updated_at":null},{"id":"19950290","caption_id":"101548","seq":"145","text":"\u7b49\u4e00\u4e0b...","translate_comment":null,"start":"214.049","dur":"1.778","is_scores":null,"created_at":"1488616026","updated_at":null},{"id":"19950291","caption_id":"101548","seq":"146","text":"\u53ef\u662f\u6211\u9084\u662f\u6b23\u7136\u63a5\u53d7\u5427!","translate_comment":null,"start":"215.827","dur":"1.953","is_scores":null,"created_at":"1488616026","updated_at":null},{"id":"19950292","caption_id":"101548","seq":"147","text":"\u4ec0\u9ebc...?!","translate_comment":null,"start":"217.78","dur":"10","is_scores":null,"created_at":"1488616026","updated_at":null}]}