{"en":[{"id":"27170149","caption_id":"127424","seq":"1","text":"(peaceful music)","translate_comment":"","start":"0.109","dur":"1.791","is_scores":null,"created_at":"1522033035","updated_at":null},{"id":"27170150","caption_id":"127424","seq":"2","text":"- [Narrator] A two-hour boat ride off the coast of Colombia","translate_comment":"","start":"1.9","dur":"1.98","is_scores":null,"created_at":"1522033035","updated_at":null},{"id":"27170151","caption_id":"127424","seq":"3","text":"is an island, the most densely-populated island on earth.","translate_comment":"","start":"3.88","dur":"4.681","is_scores":null,"created_at":"1522033035","updated_at":null},{"id":"27170152","caption_id":"127424","seq":"4","text":"(chattering)","translate_comment":"","start":"8.561","dur":"2.417","is_scores":null,"created_at":"1522033035","updated_at":null},{"id":"27170153","caption_id":"127424","seq":"5","text":"Santa Cruz del Islote consists of more than 1,200 people","translate_comment":"","start":"14.24","dur":"5","is_scores":null,"created_at":"1522033035","updated_at":null},{"id":"27170154","caption_id":"127424","seq":"6","text":"living on land the size of two soccer fields,","translate_comment":"","start":"19.62","dur":"3.01","is_scores":null,"created_at":"1522033035","updated_at":null},{"id":"27170155","caption_id":"127424","seq":"7","text":"making it four times as dense as Manhattan.","translate_comment":"","start":"22.63","dur":"2.853","is_scores":null,"created_at":"1522033035","updated_at":null},{"id":"27170156","caption_id":"127424","seq":"8","text":"On the island is a school that runs up to the 10th grade,","translate_comment":"","start":"28.26","dur":"3.36","is_scores":null,"created_at":"1522033035","updated_at":null},{"id":"27170157","caption_id":"127424","seq":"9","text":"two shops, and one restaurant.","translate_comment":"","start":"31.62","dur":"2.8","is_scores":null,"created_at":"1522033035","updated_at":null},{"id":"27170158","caption_id":"127424","seq":"10","text":"There is no steady supply of water","translate_comment":"","start":"34.42","dur":"2.39","is_scores":null,"created_at":"1522033035","updated_at":null},{"id":"27170159","caption_id":"127424","seq":"11","text":"and a sole generator that only runs for five hours per day.","translate_comment":"","start":"36.81","dur":"4.62","is_scores":null,"created_at":"1522033035","updated_at":null},{"id":"27170160","caption_id":"127424","seq":"12","text":"There are no police, but there isn't much need for them,","translate_comment":"","start":"41.43","dur":"2.97","is_scores":null,"created_at":"1522033035","updated_at":null},{"id":"27170161","caption_id":"127424","seq":"13","text":"as everyone on the island knows each other.","translate_comment":"","start":"44.4","dur":"2.452","is_scores":null,"created_at":"1522033035","updated_at":null},{"id":"27170162","caption_id":"127424","seq":"14","text":"(children chattering)","translate_comment":"","start":"46.852","dur":"1.857","is_scores":null,"created_at":"1522033035","updated_at":null},{"id":"27170163","caption_id":"127424","seq":"15","text":"150 years ago, the island was primarily uninhabited","translate_comment":"","start":"48.71","dur":"3.83","is_scores":null,"created_at":"1522033035","updated_at":null},{"id":"27170164","caption_id":"127424","seq":"16","text":"and was sometimes used by local fishermen","translate_comment":"","start":"52.54","dur":"2.24","is_scores":null,"created_at":"1522033035","updated_at":null},{"id":"27170165","caption_id":"127424","seq":"17","text":"as a place to rest and take shelter during storms.","translate_comment":"","start":"54.78","dur":"3.45","is_scores":null,"created_at":"1522033035","updated_at":null},{"id":"27170166","caption_id":"127424","seq":"18","text":"Gradually, some fishermen came to build their homes here.","translate_comment":"","start":"58.23","dur":"3.149","is_scores":null,"created_at":"1522033035","updated_at":null},{"id":"27170167","caption_id":"127424","seq":"19","text":"These were the grandparents and great-grandparents","translate_comment":"","start":"61.38","dur":"2.28","is_scores":null,"created_at":"1522033035","updated_at":null},{"id":"27170168","caption_id":"127424","seq":"20","text":"of the current generation of residents.","translate_comment":"","start":"63.66","dur":"2.273","is_scores":null,"created_at":"1522033035","updated_at":null},{"id":"27170169","caption_id":"127424","seq":"21","text":"Despite the close living quarters,","translate_comment":"","start":"67","dur":"1.92","is_scores":null,"created_at":"1522033035","updated_at":null},{"id":"27170170","caption_id":"127424","seq":"22","text":"inhabitants on the island say they wouldn't give up","translate_comment":"","start":"68.92","dur":"2.29","is_scores":null,"created_at":"1522033035","updated_at":null},{"id":"27170171","caption_id":"127424","seq":"23","text":"their peaceful existence for anything,","translate_comment":"","start":"71.21","dur":"2.2","is_scores":null,"created_at":"1522033035","updated_at":null},{"id":"27170172","caption_id":"127424","seq":"24","text":"not even a little more room.","translate_comment":"","start":"73.41","dur":"1.873","is_scores":null,"created_at":"1522033035","updated_at":null},{"id":"27170173","caption_id":"127424","seq":"25","text":"(chattering)","translate_comment":"","start":"76.143","dur":"2.417","is_scores":null,"created_at":"1522033035","updated_at":null},{"id":"27170174","caption_id":"127424","seq":"26","text":"(peaceful jingling)","translate_comment":"","start":"80.769","dur":"3","is_scores":null,"created_at":"1522033035","updated_at":null}],"zh-Hant":[{"id":"27708468","caption_id":"127444","seq":"1","text":"(\u5e73\u975c\u7684\u97f3\u6a02)","translate_comment":"","start":"0.109","dur":"1.791","is_scores":null,"created_at":"1522293579","updated_at":null},{"id":"27708469","caption_id":"127444","seq":"2","text":"(\u65c1\u767d) \u5f9e\u54e5\u502b\u6bd4\u4e9e\u7684\u6d77\u5cb8\u822a\u884c\u7d04\u5169\u5c0f\u6642","translate_comment":"","start":"1.9","dur":"1.98","is_scores":null,"created_at":"1522293579","updated_at":null},{"id":"27708470","caption_id":"127444","seq":"3","text":"\u6703\u5230\u9054\u4e00\u500b\u6d77\u5cf6\uff0c\u5168\u4e16\u754c\u4eba\u53e3\u6700\u5bc6\u96c6\u7684\u6d77\u5cf6","translate_comment":"","start":"3.88","dur":"4.681","is_scores":null,"created_at":"1522293579","updated_at":null},{"id":"27708471","caption_id":"127444","seq":"4","text":"(\u4ea4\u8ac7\u8072)","translate_comment":"","start":"8.561","dur":"2.417","is_scores":null,"created_at":"1522293579","updated_at":null},{"id":"27708472","caption_id":"127444","seq":"5","text":"\u8056\u514b\u9b6f\u65af\u5cf6\u7531\u8d85\u904e 1200 \u4eba\u6240\u69cb\u6210","translate_comment":"","start":"14.24","dur":"5","is_scores":null,"created_at":"1522293579","updated_at":null},{"id":"27708473","caption_id":"127444","seq":"6","text":"\u6d77\u5cf6\u7e3d\u9762\u7a4d\u7d04\u70ba\u5169\u500b\u8db3\u7403\u5834","translate_comment":"","start":"19.62","dur":"3.01","is_scores":null,"created_at":"1522293579","updated_at":null},{"id":"27708474","caption_id":"127444","seq":"7","text":"\u4f7f\u5b83\u6bd4\u66fc\u54c8\u9813\u7684\u4eba\u53e3\u5bc6\u96c6\u7387\u9ad8\u4e86\u56db\u500d","translate_comment":"","start":"22.63","dur":"2.853","is_scores":null,"created_at":"1522293579","updated_at":null},{"id":"27708475","caption_id":"127444","seq":"8","text":"\u5728\u5cf6\u4e0a\u6709\u4e00\u6240\u5b78\u6821\u53ef\u4ee5\u8b80\u5230\u9ad8\u4e00\uff0c","translate_comment":"","start":"28.26","dur":"3.36","is_scores":null,"created_at":"1522293579","updated_at":null},{"id":"27708476","caption_id":"127444","seq":"9","text":"\u5169\u9593\u5546\u5e97\uff0c\u9084\u6709\u4e00\u9593\u9910\u5ef3","translate_comment":"","start":"31.62","dur":"2.8","is_scores":null,"created_at":"1522293579","updated_at":null},{"id":"27708477","caption_id":"127444","seq":"10","text":"\u9019\u88e1\u6c92\u6709\u7a69\u5b9a\u7684\u6c34\u6e90","translate_comment":"","start":"34.42","dur":"2.39","is_scores":null,"created_at":"1522293579","updated_at":null},{"id":"27708478","caption_id":"127444","seq":"11","text":"\u9084\u6709\u50c5\u50c5\u4e00\u500b\u767c\u96fb\u6a5f\u4e00\u5929\u53ea\u6703\u904b\u4f5c\u4e94\u500b\u5c0f\u6642","translate_comment":"","start":"36.81","dur":"4.62","is_scores":null,"created_at":"1522293579","updated_at":null},{"id":"27708479","caption_id":"127444","seq":"12","text":"\u9019\u500b\u5cf6\u4e0a\u6c92\u6709\u8b66\u5bdf\uff0c\u4e5f\u6c92\u6709\u6709\u8b66\u5bdf\u7684\u5fc5\u8981\uff0c","translate_comment":"","start":"41.43","dur":"2.97","is_scores":null,"created_at":"1522293579","updated_at":null},{"id":"27708480","caption_id":"127444","seq":"13","text":"\u56e0\u70ba\u9019\u500b\u5cf6\u4e0a\u7684\u6240\u6709\u4eba\u90fd\u4e92\u76f8\u8a8d\u8b58","translate_comment":"","start":"44.4","dur":"2.452","is_scores":null,"created_at":"1522293579","updated_at":null},{"id":"27708481","caption_id":"127444","seq":"14","text":"(\u5c0f\u5b69\u7684\u4ea4\u8ac7\u8072)","translate_comment":"","start":"46.852","dur":"1.857","is_scores":null,"created_at":"1522293579","updated_at":null},{"id":"27708482","caption_id":"127444","seq":"15","text":"150 \u5e74\u524d\uff0c\u9019\u500b\u5cf6\u5dbc\u4e00\u958b\u59cb\u4e26\u7121\u4eba\u5c45\u4f4f","translate_comment":"","start":"48.71","dur":"3.83","is_scores":null,"created_at":"1522293579","updated_at":null},{"id":"27708483","caption_id":"127444","seq":"16","text":"\u53ea\u6709\u5076\u723e\u6703\u6709\u7576\u5730\u7684\u6f01\u592b\u53bb\u4f7f\u7528\u5b83","translate_comment":"","start":"52.54","dur":"2.24","is_scores":null,"created_at":"1522293579","updated_at":null},{"id":"27708484","caption_id":"127444","seq":"17","text":"\u4f86\u4f11\u606f\uff0c\u6216\u662f\u7576\u4f5c\u907f\u98a8\u6e2f","translate_comment":"","start":"54.78","dur":"3.45","is_scores":null,"created_at":"1522293579","updated_at":null},{"id":"27708485","caption_id":"127444","seq":"18","text":"\u6162\u6162\u5730\uff0c\u6709\u4e9b\u6f01\u592b\u958b\u59cb\u5728\u5cf6\u4e0a\u5efa\u7acb\u8d77\u5bb6\u5712","translate_comment":"","start":"58.23","dur":"3.149","is_scores":null,"created_at":"1522293579","updated_at":null},{"id":"27708486","caption_id":"127444","seq":"19","text":"\u9019\u4e9b\u6f01\u592b\u662f\u73fe\u4eca\u4f4f\u5728\u5cf6\u4e0a\u7684\u4eba\u6c11\u7684\u7956\u7236\u6bcd\uff0c\u4ee5\u53ca\u66fe\u7956\u7236\u6bcd","translate_comment":"","start":"61.38","dur":"2.28","is_scores":null,"created_at":"1522293579","updated_at":null},{"id":"27708487","caption_id":"127444","seq":"20","text":"\u9019\u4e9b\u6f01\u592b\u662f\u73fe\u4eca\u4f4f\u5728\u5cf6\u4e0a\u7684\u4eba\u6c11\u7684\u7956\u7236\u6bcd\uff0c\u4ee5\u53ca\u66fe\u7956\u7236\u6bcd","translate_comment":"","start":"63.66","dur":"2.273","is_scores":null,"created_at":"1522293579","updated_at":null},{"id":"27708488","caption_id":"127444","seq":"21","text":"\u5118\u7ba1\u751f\u6d3b\u7a7a\u9593\u5f88\u72f9\u5c0f\uff0c","translate_comment":"","start":"67","dur":"1.92","is_scores":null,"created_at":"1522293579","updated_at":null},{"id":"27708489","caption_id":"127444","seq":"22","text":"\u9019\u5ea7\u5cf6\u4e0a\u7684\u5c45\u6c11\u8868\u793a\u4ed6\u5011\u4e0d\u6703\u70ba\u4e86\u4efb\u4f55\u6771\u897f\u4f86\u653e\u68c4\u4ed6\u5011\u5e73\u975c\u7684\u751f\u6d3b\u65b9\u5f0f\uff0c","translate_comment":"","start":"68.92","dur":"2.29","is_scores":null,"created_at":"1522293579","updated_at":null},{"id":"27708490","caption_id":"127444","seq":"23","text":"\u9019\u5ea7\u5cf6\u4e0a\u7684\u5c45\u6c11\u8868\u793a\u4ed6\u5011\u4e0d\u6703\u70ba\u4e86\u4efb\u4f55\u6771\u897f\u4f86\u653e\u68c4\u4ed6\u5011\u5e73\u975c\u7684\u751f\u6d3b\u65b9\u5f0f\uff0c","translate_comment":"","start":"71.21","dur":"2.2","is_scores":null,"created_at":"1522293579","updated_at":null},{"id":"27708491","caption_id":"127444","seq":"24","text":"\u54ea\u6015\u662f\u7d66\u4e88\u4ed6\u5011\u66f4\u591a\u7684\u7a7a\u9593","translate_comment":"","start":"73.41","dur":"1.873","is_scores":null,"created_at":"1522293579","updated_at":null},{"id":"27708492","caption_id":"127444","seq":"25","text":"(\u4ea4\u8ac7\u8072)","translate_comment":"","start":"76.143","dur":"2.417","is_scores":null,"created_at":"1522293579","updated_at":null},{"id":"27708493","caption_id":"127444","seq":"26","text":"(\u5e73\u975c\u7684\u53ee\u5679\u8072)","translate_comment":"","start":"80.769","dur":"3","is_scores":null,"created_at":"1522293579","updated_at":null}]}