{"en":[{"id":"27069677","caption_id":"127036","seq":"1","text":"Why is touching somebody on the head in Thailand taboo?","translate_comment":"","start":"0.089","dur":"2.83","is_scores":null,"created_at":"1521430275","updated_at":null},{"id":"27069678","caption_id":"127036","seq":"2","text":"Why can't you chew gum in Singapore?","translate_comment":"","start":"2.919","dur":"2.421","is_scores":null,"created_at":"1521430275","updated_at":null},{"id":"27069679","caption_id":"127036","seq":"3","text":"And just why can't you order a white coffee in Italy in the afternoon?","translate_comment":"","start":"5.34","dur":"3.52","is_scores":null,"created_at":"1521430275","updated_at":null},{"id":"27069680","caption_id":"127036","seq":"4","text":"Every country and region around the world has their own individual set of cultural rules","translate_comment":"","start":"8.86","dur":"3.87","is_scores":null,"created_at":"1521430275","updated_at":null},{"id":"27069681","caption_id":"127036","seq":"5","text":"that help society run smoothly.","translate_comment":"","start":"12.73","dur":"2.18","is_scores":null,"created_at":"1521430275","updated_at":null},{"id":"27069682","caption_id":"127036","seq":"6","text":"As a tourist, we can sometimes break those rules unknowingly and find ourselves embarrassed","translate_comment":"","start":"14.91","dur":"4.45","is_scores":null,"created_at":"1521430275","updated_at":null},{"id":"27069683","caption_id":"127036","seq":"7","text":"or even in serious legal trouble.","translate_comment":"","start":"19.36","dur":"2.08","is_scores":null,"created_at":"1521430275","updated_at":null},{"id":"27069684","caption_id":"127036","seq":"8","text":"So it is usually best to read up on the cultural norms, and if in doubt, look around and observe","translate_comment":"","start":"21.44","dur":"4.45","is_scores":null,"created_at":"1521430275","updated_at":null},{"id":"27069685","caption_id":"127036","seq":"9","text":"how the locals behave, and do likewise.","translate_comment":"","start":"25.89","dur":"2.28","is_scores":null,"created_at":"1521430275","updated_at":null},{"id":"27069686","caption_id":"127036","seq":"10","text":"Today we'll take a closer look at some of these dos and don'ts, in this episode of the","translate_comment":"","start":"28.17","dur":"3.791","is_scores":null,"created_at":"1521430275","updated_at":null},{"id":"27069687","caption_id":"127036","seq":"11","text":"Infographics Show: Things You Should Never Do in Other Countries.","translate_comment":"","start":"31.961","dur":"3.959","is_scores":null,"created_at":"1521430275","updated_at":null},{"id":"27069688","caption_id":"127036","seq":"12","text":"Smiling at people in Russia might get you into trouble.","translate_comment":"","start":"35.92","dur":"2.33","is_scores":null,"created_at":"1521430275","updated_at":null},{"id":"27069689","caption_id":"127036","seq":"13","text":"In Russia, smiling is considered an intimate gesture, so to crack a smile without knowing","translate_comment":"","start":"38.25","dur":"4.18","is_scores":null,"created_at":"1521430275","updated_at":null},{"id":"27069690","caption_id":"127036","seq":"14","text":"someone first would be considered overstepping personal boundaries.","translate_comment":"","start":"42.43","dur":"3.82","is_scores":null,"created_at":"1521430275","updated_at":null},{"id":"27069691","caption_id":"127036","seq":"15","text":"Never ever present someone with an even number of flowers, as this is reserved for memorials","translate_comment":"","start":"46.25","dur":"4.579","is_scores":null,"created_at":"1521430275","updated_at":null},{"id":"27069692","caption_id":"127036","seq":"16","text":"and will be taken as a gesture of impending doom.","translate_comment":"","start":"50.829","dur":"2.521","is_scores":null,"created_at":"1521430275","updated_at":null},{"id":"27069693","caption_id":"127036","seq":"17","text":"So if you fall in love in Russia, and decide to make your first move with a bouquet of","translate_comment":"","start":"53.35","dur":"3.45","is_scores":null,"created_at":"1521430275","updated_at":null},{"id":"27069694","caption_id":"127036","seq":"18","text":"flowers, make sure you\u2019re not smiling and the flowers are an odd number or else you","translate_comment":"","start":"56.8","dur":"4.279","is_scores":null,"created_at":"1521430275","updated_at":null},{"id":"27069695","caption_id":"127036","seq":"19","text":"won\u2019t be receiving much love from Russia.","translate_comment":"","start":"61.079","dur":"2.181","is_scores":null,"created_at":"1521430275","updated_at":null},{"id":"27069696","caption_id":"127036","seq":"20","text":"In India, you should definitely not shake somebody's hand, handle money, or handle","translate_comment":"","start":"63.26","dur":"3.92","is_scores":null,"created_at":"1521430275","updated_at":null},{"id":"27069697","caption_id":"127036","seq":"21","text":"food at the market using your left hand, as this hand is the unclean one of the pair,","translate_comment":"","start":"67.18","dur":"5.389","is_scores":null,"created_at":"1521430275","updated_at":null},{"id":"27069698","caption_id":"127036","seq":"22","text":"and the one used for wiping in the bathroom.","translate_comment":"","start":"72.569","dur":"2.671","is_scores":null,"created_at":"1521430275","updated_at":null},{"id":"27069699","caption_id":"127036","seq":"23","text":"Also while in India, refrain from any signs of physical affection of the opposite sex","translate_comment":"","start":"75.24","dur":"3.89","is_scores":null,"created_at":"1521430275","updated_at":null},{"id":"27069700","caption_id":"127036","seq":"24","text":"in public, as there are strict rules against kissing and touching in public, which is kinda","translate_comment":"","start":"79.13","dur":"4.169","is_scores":null,"created_at":"1521430275","updated_at":null},{"id":"27069701","caption_id":"127036","seq":"25","text":"strange coming from the country who introduced the Kama Sutra to the world.","translate_comment":"","start":"83.299","dur":"3.161","is_scores":null,"created_at":"1521430275","updated_at":null},{"id":"27069702","caption_id":"127036","seq":"26","text":"Also, don't be offended by the lack of lining up in public places, as the concept of standing","translate_comment":"","start":"86.46","dur":"4.839","is_scores":null,"created_at":"1521430275","updated_at":null},{"id":"27069703","caption_id":"127036","seq":"27","text":"in line and waiting patiently is typically a Western construct.","translate_comment":"","start":"91.299","dur":"4.07","is_scores":null,"created_at":"1521430275","updated_at":null},{"id":"27069704","caption_id":"127036","seq":"28","text":"Japan surely has the best sushi in the world, but if you leave a tip at your favorite restaurant","translate_comment":"","start":"95.369","dur":"4.051","is_scores":null,"created_at":"1521430275","updated_at":null},{"id":"27069705","caption_id":"127036","seq":"29","text":"in Tokyo, the service staff may see it as degrading, almost like an implication that","translate_comment":"","start":"99.42","dur":"4.759","is_scores":null,"created_at":"1521430275","updated_at":null},{"id":"27069706","caption_id":"127036","seq":"30","text":"you think they're poor.","translate_comment":"","start":"104.179","dur":"1.341","is_scores":null,"created_at":"1521430275","updated_at":null},{"id":"27069707","caption_id":"127036","seq":"31","text":"And if you happen to be in a restaurant in China, leave a little food on the plate as","translate_comment":"","start":"105.52","dur":"3.599","is_scores":null,"created_at":"1521430275","updated_at":null},{"id":"27069708","caption_id":"127036","seq":"32","text":"a compliment to the chef, otherwise he'll think he hasn't provided enough food for","translate_comment":"","start":"109.119","dur":"3.621","is_scores":null,"created_at":"1521430275","updated_at":null},{"id":"27069709","caption_id":"127036","seq":"33","text":"you to eat.","translate_comment":"","start":"112.74","dur":"1","is_scores":null,"created_at":"1521430275","updated_at":null},{"id":"27069710","caption_id":"127036","seq":"34","text":"Over in Italy, never order a cappuccino at a restaurant after 11 am, as this is considered","translate_comment":"","start":"113.74","dur":"4.799","is_scores":null,"created_at":"1521430275","updated_at":null},{"id":"27069711","caption_id":"127036","seq":"35","text":"a major break of etiquette.","translate_comment":"","start":"118.539","dur":"2.08","is_scores":null,"created_at":"1521430275","updated_at":null},{"id":"27069712","caption_id":"127036","seq":"36","text":"Italians are obsessed with digestion, and consuming milk after a meal, according to","translate_comment":"","start":"120.619","dur":"3.86","is_scores":null,"created_at":"1521430275","updated_at":null},{"id":"27069713","caption_id":"127036","seq":"37","text":"Italian logic, will mess up your digestion. So, make sure you drink all the milk you want","translate_comment":"","start":"124.479","dur":"4.2","is_scores":null,"created_at":"1521430275","updated_at":null},{"id":"27069714","caption_id":"127036","seq":"38","text":"at breakfast and not after.","translate_comment":"","start":"128.679","dur":"1.851","is_scores":null,"created_at":"1521430275","updated_at":null},{"id":"27069715","caption_id":"127036","seq":"39","text":"Unless that is, you are in a super touristy area where milk after breakfast is acceptable.","translate_comment":"","start":"130.53","dur":"4.099","is_scores":null,"created_at":"1521430275","updated_at":null},{"id":"27069716","caption_id":"127036","seq":"40","text":"In Singapore, it is illegal to feed birds in public.","translate_comment":"","start":"134.629","dur":"3.401","is_scores":null,"created_at":"1521430275","updated_at":null},{"id":"27069717","caption_id":"127036","seq":"41","text":"How can feeding the pigeons be a bad thing?","translate_comment":"","start":"138.03","dur":"2.12","is_scores":null,"created_at":"1521430275","updated_at":null},{"id":"27069718","caption_id":"127036","seq":"42","text":"Well, Singaporeans are proud of the cleanliness of their city, and if the birds are able to","translate_comment":"","start":"140.15","dur":"4.13","is_scores":null,"created_at":"1521430275","updated_at":null},{"id":"27069719","caption_id":"127036","seq":"43","text":"survive in the city they are welcome, but constant feeding will cause numbers to skyrocket,","translate_comment":"","start":"144.28","dur":"4.849","is_scores":null,"created_at":"1521430275","updated_at":null},{"id":"27069720","caption_id":"127036","seq":"44","text":"and with pigeons come pigeon poop, and that takes some cleaning to remove from buildings.","translate_comment":"","start":"149.129","dur":"4.321","is_scores":null,"created_at":"1521430275","updated_at":null},{"id":"27069721","caption_id":"127036","seq":"45","text":"It is also illegal to throw litter on the street in Singapore and chewing gum has been","translate_comment":"","start":"153.45","dur":"4.539","is_scores":null,"created_at":"1521430275","updated_at":null},{"id":"27069722","caption_id":"127036","seq":"46","text":"banned from entering the country since 2004, so if you are planning a trip, leave the Juicy","translate_comment":"","start":"157.989","dur":"4.711","is_scores":null,"created_at":"1521430275","updated_at":null},{"id":"27069723","caption_id":"127036","seq":"47","text":"Fruit at home.","translate_comment":"","start":"162.7","dur":"1.2","is_scores":null,"created_at":"1521430275","updated_at":null},{"id":"27069724","caption_id":"127036","seq":"48","text":"In most Southeast Asian countries, it is very rude to touch somebody on the head, as this","translate_comment":"","start":"163.9","dur":"4.35","is_scores":null,"created_at":"1521430275","updated_at":null},{"id":"27069725","caption_id":"127036","seq":"49","text":"is the most sacred part of the body, according to Buddhist belief.","translate_comment":"","start":"168.25","dur":"3.25","is_scores":null,"created_at":"1521430275","updated_at":null},{"id":"27069726","caption_id":"127036","seq":"50","text":"It follows that the feet are the dirtiest part, so never sit with your feet up and\/or","translate_comment":"","start":"171.5","dur":"4.23","is_scores":null,"created_at":"1521430275","updated_at":null},{"id":"27069727","caption_id":"127036","seq":"51","text":"pointing at somebody.","translate_comment":"","start":"175.73","dur":"1.179","is_scores":null,"created_at":"1521430275","updated_at":null},{"id":"27069728","caption_id":"127036","seq":"52","text":"In Thailand, any conversation about the royal family is usually off limits, and you should","translate_comment":"","start":"176.909","dur":"4.45","is_scores":null,"created_at":"1521430275","updated_at":null},{"id":"27069729","caption_id":"127036","seq":"53","text":"never touch a monk, especially if you happen to be a woman.","translate_comment":"","start":"181.359","dur":"3.011","is_scores":null,"created_at":"1521430275","updated_at":null},{"id":"27069730","caption_id":"127036","seq":"54","text":"In south East Asia, it is very bad form to shout, be rude, or put any local in a situation","translate_comment":"","start":"184.37","dur":"5.679","is_scores":null,"created_at":"1521430275","updated_at":null},{"id":"27069731","caption_id":"127036","seq":"55","text":"where they may lose face.","translate_comment":"","start":"190.049","dur":"1.481","is_scores":null,"created_at":"1521430275","updated_at":null},{"id":"27069732","caption_id":"127036","seq":"56","text":"Keep in mind, in Thailand alone, there are 14 different types of smiles, and only a handful","translate_comment":"","start":"191.53","dur":"4.989","is_scores":null,"created_at":"1521430275","updated_at":null},{"id":"27069733","caption_id":"127036","seq":"57","text":"of those smiles indicate the person is happy or comfortable with the current situation.","translate_comment":"","start":"196.519","dur":"4.55","is_scores":null,"created_at":"1521430275","updated_at":null},{"id":"27069734","caption_id":"127036","seq":"58","text":"In Turkey, the Ok sign using the thumb and forefinger is seen as an obscene gesture,","translate_comment":"","start":"201.069","dur":"5.301","is_scores":null,"created_at":"1521430275","updated_at":null},{"id":"27069735","caption_id":"127036","seq":"59","text":"and in Thailand, the reverse victory finger gesture, thought of as a rude gesture in the","translate_comment":"","start":"206.37","dur":"4.5","is_scores":null,"created_at":"1521430275","updated_at":null},{"id":"27069736","caption_id":"127036","seq":"60","text":"UK, is considered fine, and used to express the number two.","translate_comment":"","start":"210.87","dur":"4.06","is_scores":null,"created_at":"1521430275","updated_at":null},{"id":"27069737","caption_id":"127036","seq":"61","text":"Also in Thailand, the three finger Hunger Games hand signal was made illegal in public","translate_comment":"","start":"214.93","dur":"4.36","is_scores":null,"created_at":"1521430275","updated_at":null},{"id":"27069738","caption_id":"127036","seq":"62","text":"after student protesters used the hand signal to voice their opposition to military rule.","translate_comment":"","start":"219.29","dur":"4.66","is_scores":null,"created_at":"1521430275","updated_at":null},{"id":"27069739","caption_id":"127036","seq":"63","text":"In Germany, using a Nazi hand gesture is a crime, and those doing it will be punished","translate_comment":"","start":"223.95","dur":"4.7","is_scores":null,"created_at":"1521430275","updated_at":null},{"id":"27069740","caption_id":"127036","seq":"64","text":"accordingly.","translate_comment":"","start":"228.65","dur":"1.009","is_scores":null,"created_at":"1521430275","updated_at":null},{"id":"27069741","caption_id":"127036","seq":"65","text":"In Malaysia, you should point using only your thumbs, and refrain from pounding one fist","translate_comment":"","start":"229.659","dur":"4.73","is_scores":null,"created_at":"1521430275","updated_at":null},{"id":"27069742","caption_id":"127036","seq":"66","text":"into the other open palm \u2013 both finger pointing and fist pounding are considered rude.","translate_comment":"","start":"234.389","dur":"5.341","is_scores":null,"created_at":"1521430275","updated_at":null},{"id":"27069743","caption_id":"127036","seq":"67","text":"And in Italy, if you make the universal rock out sign with your pointer and pinky fingers","translate_comment":"","start":"239.73","dur":"4.53","is_scores":null,"created_at":"1521430275","updated_at":null},{"id":"27069744","caption_id":"127036","seq":"68","text":"extended, it means that you think the person you're directing it at is unfaithful and","translate_comment":"","start":"244.26","dur":"3.97","is_scores":null,"created_at":"1521430275","updated_at":null},{"id":"27069745","caption_id":"127036","seq":"69","text":"cheating on their partner.","translate_comment":"","start":"248.23","dur":"1.36","is_scores":null,"created_at":"1521430275","updated_at":null},{"id":"27069746","caption_id":"127036","seq":"70","text":"So be careful while traveling around the world, as one gesture could very well land you in","translate_comment":"","start":"249.59","dur":"3.92","is_scores":null,"created_at":"1521430275","updated_at":null},{"id":"27069747","caption_id":"127036","seq":"71","text":"hot water.","translate_comment":"","start":"253.51","dur":"1","is_scores":null,"created_at":"1521430275","updated_at":null},{"id":"27069748","caption_id":"127036","seq":"72","text":"Have you ever unknowingly gestured inappropriately in a foreign country and suffered the consequences.","translate_comment":"","start":"254.51","dur":"4.819","is_scores":null,"created_at":"1521430275","updated_at":null},{"id":"27069749","caption_id":"127036","seq":"73","text":"Let us know in the comments.","translate_comment":"","start":"259.329","dur":"1","is_scores":null,"created_at":"1521430275","updated_at":null},{"id":"27069750","caption_id":"127036","seq":"74","text":"Also, be sure to check out our other video called American Behaviors Considered Rude","translate_comment":"","start":"260.329","dur":"3.93","is_scores":null,"created_at":"1521430275","updated_at":null},{"id":"27069751","caption_id":"127036","seq":"75","text":"in Other Countries!","translate_comment":"","start":"264.259","dur":"1","is_scores":null,"created_at":"1521430275","updated_at":null},{"id":"27069752","caption_id":"127036","seq":"76","text":"Thanks for watching, and, as always, don't forget to like, share, and subscribe.","translate_comment":"","start":"265.259","dur":"3.781","is_scores":null,"created_at":"1521430275","updated_at":null},{"id":"27069753","caption_id":"127036","seq":"77","text":"See you next time!","translate_comment":"","start":"269.04","dur":"0.58","is_scores":null,"created_at":"1521430275","updated_at":null}],"zh-Hant":[{"id":"27070272","caption_id":"127037","seq":"1","text":"\u70ba\u4ec0\u9ebc\u5728\u6cf0\u570b\u78b0\u4eba\u5bb6\u7684\u982d\u662f\u7981\u5fcc\uff1f","translate_comment":"","start":"0.089","dur":"2.83","is_scores":null,"created_at":"1521430331","updated_at":null},{"id":"27070273","caption_id":"127037","seq":"2","text":"\u70ba\u4ec0\u9ebc\u5728\u65b0\u52a0\u5761\u4e0d\u80fd\u56bc\u53e3\u9999\u7cd6\uff1f","translate_comment":"","start":"2.919","dur":"2.421","is_scores":null,"created_at":"1521430331","updated_at":null},{"id":"27070274","caption_id":"127037","seq":"3","text":"\u53c8\u70ba\u4ec0\u9ebc\u4e0d\u80fd\u5728\u7fa9\u5927\u5229\u7684\u5348\u4f11\u6642\u9593\u9ede\u767d\u5496\u5561\uff1f","translate_comment":"","start":"5.34","dur":"3.52","is_scores":null,"created_at":"1521430331","updated_at":null},{"id":"27070275","caption_id":"127037","seq":"4","text":"\u4e16\u754c\u4e0a\u6bcf\u500b\u570b\u5bb6\u548c\u5730\u5340\u90fd\u6709\u4e0d\u540c\u7684\u4e00\u5957\u6587\u5316\u6e96\u5247","translate_comment":"","start":"8.86","dur":"3.87","is_scores":null,"created_at":"1521430331","updated_at":null},{"id":"27070276","caption_id":"127037","seq":"5","text":"\u8b93\u6574\u500b\u793e\u6703\u548c\u8ae7","translate_comment":"","start":"12.73","dur":"2.18","is_scores":null,"created_at":"1521430331","updated_at":null},{"id":"27070277","caption_id":"127037","seq":"6","text":"\u7576\u6211\u5011\u51fa\u570b\u904a\u73a9\uff0c\u6211\u5011\u6709\u6642\u6703\u7121\u610f\u9593\u72af\u4e86\u7981\u5fcc\u3001\u8b93\u81ea\u5df1\u96e3\u582a","translate_comment":"","start":"14.91","dur":"4.45","is_scores":null,"created_at":"1521430331","updated_at":null},{"id":"27070278","caption_id":"127037","seq":"7","text":"\u6216\u751a\u81f3\u89f8\u72af\u4e86\u570b\u5916\u7684\u6cd5\u898f","translate_comment":"","start":"19.36","dur":"2.08","is_scores":null,"created_at":"1521430331","updated_at":null},{"id":"27070279","caption_id":"127037","seq":"8","text":"\u56e0\u6b64\u51fa\u570b\u524d\u6700\u597d\u4e8b\u5148\u4e86\u89e3\u7576\u5730\u6587\u5316\u5e38\u614b\uff0c\u5982\u679c\u4e0d\u78ba\u5b9a\u6709\u54ea\u4e9b\u7981\u5fcc\uff0c\u53ef\u4ee5\u5165\u5883\u96a8\u4fd7","translate_comment":"","start":"21.44","dur":"4.45","is_scores":null,"created_at":"1521430331","updated_at":null},{"id":"27070280","caption_id":"127037","seq":"9","text":"\u89c0\u5bdf\u7576\u5730\u4eba\u600e\u9ebc\u505a\uff0c\u4e26\u8ddf\u8457\u4ed6\u5011\u505a","translate_comment":"","start":"25.89","dur":"2.28","is_scores":null,"created_at":"1521430331","updated_at":null},{"id":"27070281","caption_id":"127037","seq":"10","text":"\u4eca\u5929\uff0c\u5728\u9019\u96c6\u8cc7\u8a0a\u5716\u8868\u4e2d\uff0c\u6211\u5011\u4f86\u6df1\u5165\u8a0e\u8ad6\u5404\u570b\u6709\u54ea\u4e9b\u80fd\u505a\u548c\u4e0d\u80fd\u505a\u7684\u4e8b","translate_comment":"","start":"28.17","dur":"3.791","is_scores":null,"created_at":"1521430331","updated_at":null},{"id":"27070282","caption_id":"127037","seq":"11","text":"\u51fa\u570b\u4e0d\u53ef\u4e0d\u77e5\u7684\u5404\u570b\u7981\u5fcc","translate_comment":"","start":"31.961","dur":"3.959","is_scores":null,"created_at":"1521430331","updated_at":null},{"id":"27070283","caption_id":"127037","seq":"12","text":"\u5728\u4fc4\u7f85\u65af\u96a8\u4fbf\u5c0d\u4eba\u7b11\u53ef\u80fd\u6703\u70ba\u81ea\u5df1\u60f9\u4f86\u9ebb\u7169","translate_comment":"","start":"35.92","dur":"2.33","is_scores":null,"created_at":"1521430331","updated_at":null},{"id":"27070284","caption_id":"127037","seq":"13","text":"\u5728\u4fc4\u7f85\u65af\uff0c\u5fae\u7b11\u88ab\u8996\u70ba\u89aa\u5bc6\u7684\u8209\u52d5\uff0c\u56e0\u6b64\u5c0d\u8457\u9084\u4e0d\u8a8d\u8b58\u7684\u4eba\u7b11","translate_comment":"","start":"38.25","dur":"4.18","is_scores":null,"created_at":"1521430331","updated_at":null},{"id":"27070285","caption_id":"127037","seq":"14","text":"\u53ef\u80fd\u6703\u88ab\u8996\u70ba\u4e00\u9805\u8e30\u77e9\u7684\u884c\u70ba","translate_comment":"","start":"42.43","dur":"3.82","is_scores":null,"created_at":"1521430331","updated_at":null},{"id":"27070286","caption_id":"127037","seq":"15","text":"\u7d55\u5c0d\u7d55\u5c0d\u4e0d\u8981\u9001\u4fc4\u7f85\u65af\u4eba\u5076\u6578\u6735\u82b1\uff0c\u56e0\u70ba\u5076\u6578\u82b1\u675f\u662f\u7528\u5728\u846c\u79ae","translate_comment":"","start":"46.25","dur":"4.579","is_scores":null,"created_at":"1521430331","updated_at":null},{"id":"27070287","caption_id":"127037","seq":"16","text":"\u7576\u5730\u4eba\u8a8d\u70ba\u662f\u975e\u5e38\u4e0d\u5409\u5229\u7684","translate_comment":"","start":"50.829","dur":"2.521","is_scores":null,"created_at":"1521430331","updated_at":null},{"id":"27070288","caption_id":"127037","seq":"17","text":"\u6240\u4ee5\u5982\u679c\u4f60\u611b\u4e0a\u4fc4\u7f85\u65af\u9019\u500b\u570b\u5bb6\uff0c\u60f3\u8981\u9001\u82b1\u4f86\u8e0f\u51fa\u4ea4\u969b\u7684\u7b2c\u4e00\u6b65","translate_comment":"","start":"53.35","dur":"3.45","is_scores":null,"created_at":"1521430331","updated_at":null},{"id":"27070289","caption_id":"127037","seq":"18","text":"\u8a18\u5f97\uff0c\u4e0d\u8981\u7b11\uff0c\u82b1\u675f\u8981\u662f\u55ae\u6578\u6735","translate_comment":"","start":"56.8","dur":"4.279","is_scores":null,"created_at":"1521430331","updated_at":null},{"id":"27070290","caption_id":"127037","seq":"19","text":"\u4e0d\u7136\u4fc4\u7f85\u65af\u4e0d\u6703\u6b61\u8fce\u4f60","translate_comment":"","start":"61.079","dur":"2.181","is_scores":null,"created_at":"1521430331","updated_at":null},{"id":"27070291","caption_id":"127037","seq":"20","text":"\u5728\u5370\u5ea6\uff0c\u7d55\u5c0d\u4e0d\u80fd\u548c\u7576\u5730\u4eba\u63e1\u624b\u6216\u662f\u5728\u8d85\u5e02\u7528\u5de6\u624b\u62ff\u9322\u3001\u62ff\u98df\u7269","translate_comment":"","start":"63.26","dur":"3.92","is_scores":null,"created_at":"1521430331","updated_at":null},{"id":"27070292","caption_id":"127037","seq":"21","text":"\u56e0\u70ba\u5de6\u624b\u88ab\u8996\u70ba\u8f03\u4e0d\u4e7e\u6de8\u7684\u90a3\u96bb\u624b","translate_comment":"","start":"67.18","dur":"5.389","is_scores":null,"created_at":"1521430331","updated_at":null},{"id":"27070293","caption_id":"127037","seq":"22","text":"\u5370\u5ea6\u4eba\u5982\u5ec1\u64e6\u5c41\u80a1\u4e5f\u7528\u5de6\u624b","translate_comment":"","start":"72.569","dur":"2.671","is_scores":null,"created_at":"1521430331","updated_at":null},{"id":"27070294","caption_id":"127037","seq":"23","text":"\u53e6\u5916\uff0c\u8981\u907f\u514d\u5728\u516c\u5171\u5834\u5408\u548c\u7570\u6027\u7684\u80a2\u9ad4\u63a5\u89f8","translate_comment":"","start":"75.24","dur":"3.89","is_scores":null,"created_at":"1521430331","updated_at":null},{"id":"27070295","caption_id":"127037","seq":"24","text":"\u56e0\u70ba\u5728\u5370\u5ea6\u6709\u56b4\u683c\u7684\u6cd5\u898f\u7981\u6b62\u5728\u516c\u5171\u5834\u5408\u89aa\u543b\u548c\u80a2\u9ad4\u63a5\u89f8","translate_comment":"","start":"79.13","dur":"4.169","is_scores":null,"created_at":"1521430331","updated_at":null},{"id":"27070296","caption_id":"127037","seq":"25","text":"\u96d6\u7136\u6709\u9ede\u77db\u76fe\uff0c\u56e0\u70ba\u5370\u5ea6\u7684\u300a\u617e\u7d93\u300b\u805e\u540d\u4e16\u754c","translate_comment":"","start":"83.299","dur":"3.161","is_scores":null,"created_at":"1521430331","updated_at":null},{"id":"27070297","caption_id":"127037","seq":"26","text":"\u9084\u6709\uff0c\u8981\u7fd2\u6163\u5728\u516c\u5171\u5834\u5408\u5927\u5bb6\u6c92\u6709\u6392\u968a\u7684\u7fd2\u6163\uff0c\u56e0\u70ba\u4e56\u4e56\u6392\u968a","translate_comment":"","start":"86.46","dur":"4.839","is_scores":null,"created_at":"1521430331","updated_at":null},{"id":"27070298","caption_id":"127037","seq":"27","text":"\u4e26\u8010\u5fc3\u7b49\u5019\u7b97\u662f\u5178\u578b\u7684\u897f\u65b9\u6587\u5316","translate_comment":"","start":"91.299","dur":"4.07","is_scores":null,"created_at":"1521430331","updated_at":null},{"id":"27070299","caption_id":"127037","seq":"28","text":"\u65e5\u672c\u4e0d\u53ef\u5426\u8a8d\u662f\u5168\u4e16\u754c\u58fd\u53f8\u6700\u597d\u5403\u7684\u570b\u5bb6\uff0c\u4f46\u5982\u679c\u4f60\u5728\u6771\u4eac\uff0c\u4f60\u559c\u6b61\u7684\u9910\u5ef3\u88e1\u7559\u4e0b\u5c0f\u8cbb","translate_comment":"","start":"95.369","dur":"4.051","is_scores":null,"created_at":"1521430331","updated_at":null},{"id":"27070300","caption_id":"127037","seq":"29","text":"\u5e97\u54e1\u53ef\u80fd\u6703\u89ba\u5f97\u88ab\u5192\u72af\u5230\uff0c\u4ed6\u5011\u8a8d\u70ba\u7d66\u5c0f\u8cbb\u662f\u5728\u6697\u793a","translate_comment":"","start":"99.42","dur":"4.759","is_scores":null,"created_at":"1521430331","updated_at":null},{"id":"27070301","caption_id":"127037","seq":"30","text":"\u4ed6\u5011\u5f88\u7f3a\u9322","translate_comment":"","start":"104.179","dur":"1.341","is_scores":null,"created_at":"1521430331","updated_at":null},{"id":"27070302","caption_id":"127037","seq":"31","text":"\u4f86\u5230\u4e2d\u570b\u7684\u9910\u5ef3\uff0c\u8a18\u5f97\u5269\u4e0b\u4e00\u9ede\u9ede\u98df\u7269\u5728\u76e4\u5b50\u88e1","translate_comment":"","start":"105.52","dur":"3.599","is_scores":null,"created_at":"1521430331","updated_at":null},{"id":"27070303","caption_id":"127037","seq":"32","text":"\u7576\u4f5c\u7d66\u5eda\u5e2b\u7684\u7a31\u8b9a\uff0c\u4ee5\u514d\u4ed6\u5011\u89ba\u5f97\u6e96\u5099\u7d66\u5ba2\u4eba\u7684\u98df\u7269","translate_comment":"","start":"109.119","dur":"3.621","is_scores":null,"created_at":"1521430331","updated_at":null},{"id":"27070304","caption_id":"127037","seq":"33","text":"\u4e0d\u5920\u591a","translate_comment":"","start":"112.74","dur":"1","is_scores":null,"created_at":"1521430331","updated_at":null},{"id":"27070305","caption_id":"127037","seq":"34","text":"\u5728\u7fa9\u5927\u5229\uff0c\u65e9\u4e0a 11 \u9ede\u4e4b\u5f8c\u4e0d\u8981\u5728\u9910\u5ef3\u9ede\u5361\u5e03\u5947\u8afe\uff0c\u9019\u88ab\u8996\u70ba\u662f","translate_comment":"","start":"113.74","dur":"4.799","is_scores":null,"created_at":"1521430331","updated_at":null},{"id":"27070306","caption_id":"127037","seq":"35","text":"\u975e\u5e38\u4e0d\u9075\u5b88\u79ae\u5100\u7684","translate_comment":"","start":"118.539","dur":"2.08","is_scores":null,"created_at":"1521430331","updated_at":null},{"id":"27070307","caption_id":"127037","seq":"36","text":"\u7fa9\u5927\u5229\u4eba\u5f88\u91cd\u8996\u6d88\u5316\uff0c\u56e0\u6b64\u4f9d\u7167\u7fa9\u5927\u5229\u4eba\u7684\u908f\u8f2f\uff0c\u98ef\u5f8c\u559d\u725b\u5976\u98f2\u54c1","translate_comment":"","start":"120.619","dur":"3.86","is_scores":null,"created_at":"1521430331","updated_at":null},{"id":"27070308","caption_id":"127037","seq":"37","text":"\u6703\u6d88\u5316\u4e0d\u826f\uff0c\u56e0\u6b64\u8a18\u5f97\u8981\u559d\u725b\u5976\u985e\u7684\u8a71","translate_comment":"","start":"124.479","dur":"4.2","is_scores":null,"created_at":"1521430331","updated_at":null},{"id":"27070309","caption_id":"127037","seq":"38","text":"\u8981\u98ef\u524d\u559d\uff0c\u4e0d\u8981\u98ef\u5f8c\u559d","translate_comment":"","start":"128.679","dur":"1.851","is_scores":null,"created_at":"1521430331","updated_at":null},{"id":"27070310","caption_id":"127037","seq":"39","text":"\u9664\u975e\u4f60\u662f\u5728\u89c0\u5149\u5ba2\u5f88\u591a\u7684\u5730\u5340\u9ede\u9910\uff0c\u90a3\u65e9\u9910\u5f8c\u9ede\u5976\u985e\u5c31\u6c92\u95dc\u4fc2","translate_comment":"","start":"130.53","dur":"4.099","is_scores":null,"created_at":"1521430331","updated_at":null},{"id":"27070311","caption_id":"127037","seq":"40","text":"\u5728\u65b0\u52a0\u5761\uff0c\u5728\u516c\u5171\u5834\u5408\u9935\u9ce5\u662f\u4e0d\u5408\u6cd5\u7684","translate_comment":"","start":"134.629","dur":"3.401","is_scores":null,"created_at":"1521430331","updated_at":null},{"id":"27070312","caption_id":"127037","seq":"41","text":"\u4f46\u9935\u9d3f\u5b50\u54ea\u88e1\u4e0d\u597d\uff1f","translate_comment":"","start":"138.03","dur":"2.12","is_scores":null,"created_at":"1521430331","updated_at":null},{"id":"27070313","caption_id":"127037","seq":"42","text":"\u65b0\u52a0\u5761\u4eba\u5c0d\u4ed6\u5011\u6975\u4e7e\u6de8\u7684\u57ce\u5e02\u5f15\u4ee5\u70ba\u50b2\uff0c\u9ce5\u985e\u5728\u57ce\u5e02\u4e2d\u751f\u5b58\u5c0d\u65b0\u52a0\u5761\u4eba","translate_comment":"","start":"140.15","dur":"4.13","is_scores":null,"created_at":"1521430331","updated_at":null},{"id":"27070314","caption_id":"127037","seq":"43","text":"\u662f\u6c92\u554f\u984c\u7684\uff0c\u4f46\u662f\u9935\u9ce5\u4e4b\u5f8c\u6703\u9020\u6210\u9ce5\u985e\u6578\u91cf\u5927\u589e","translate_comment":"","start":"144.28","dur":"4.849","is_scores":null,"created_at":"1521430331","updated_at":null},{"id":"27070315","caption_id":"127037","seq":"44","text":"\u96a8\u4e4b\u800c\u4f86\u662f\u9d3f\u5b50\u7684\u7cde\u4fbf\uff0c\u9019\u6a23\u4ed6\u5011\u5c31\u5f97\u6e05\u7406\u5efa\u7bc9\u7269\u4e0a\u7684\u7cde\u4fbf","translate_comment":"","start":"149.129","dur":"4.321","is_scores":null,"created_at":"1521430331","updated_at":null},{"id":"27070316","caption_id":"127037","seq":"45","text":"\u5728\u65b0\u52a0\u5761\u96a8\u5730\u4e1f\u5783\u573e\u4e5f\u72af\u6cd5\uff0c\u4e26\u5f9e 2004 \u5e74\u958b\u59cb\u5168\u9762\u7981\u6b62","translate_comment":"","start":"153.45","dur":"4.539","is_scores":null,"created_at":"1521430331","updated_at":null},{"id":"27070317","caption_id":"127037","seq":"46","text":"\u5728\u8def\u4e0a\u56bc\u53e3\u9999\u7cd6\uff0c\u5982\u679c\u4f60\u6253\u7b97\u53bb\u65b0\u52a0\u5761\u73a9\uff0c\u8a18\u5f97\u5225\u5728\u5916\u9762\u5403","translate_comment":"","start":"157.989","dur":"4.711","is_scores":null,"created_at":"1521430331","updated_at":null},{"id":"27070318","caption_id":"127037","seq":"47","text":"\u592a\u591a\u6c41\u7684\u6c34\u679c","translate_comment":"","start":"162.7","dur":"1.2","is_scores":null,"created_at":"1521430331","updated_at":null},{"id":"27070319","caption_id":"127037","seq":"48","text":"\u5728\u591a\u6578\u6771\u5357\u4e9e\u570b\u5bb6\uff0c\u96a8\u4fbf\u6478\u5225\u4eba\u7684\u982d\u662f\u5f88\u4e0d\u79ae\u8c8c\u7684","translate_comment":"","start":"163.9","dur":"4.35","is_scores":null,"created_at":"1521430331","updated_at":null},{"id":"27070320","caption_id":"127037","seq":"49","text":"\u56e0\u70ba\u6839\u64da\u4f5b\u6559\u4fe1\u4ef0\uff0c\u982d\u90e8\u662f\u4eba\u9ad4\u6700\u795e\u8056\u7684\u90e8\u4f4d","translate_comment":"","start":"168.25","dur":"3.25","is_scores":null,"created_at":"1521430331","updated_at":null},{"id":"27070321","caption_id":"127037","seq":"50","text":"\u53cd\u4e4b\uff0c\u8173\u662f\u6700\u9aaf\u9ad2\u7684\u90e8\u4f4d\uff0c\u56e0\u6b64\u5750\u8457\u6642\u7d55\u5c0d\u4e0d\u8981\u7ff9\u8173\uff0c\u6216\u662f","translate_comment":"","start":"171.5","dur":"4.23","is_scores":null,"created_at":"1521430331","updated_at":null},{"id":"27070322","caption_id":"127037","seq":"51","text":"\u8173\u671d\u5411\u5225\u4eba","translate_comment":"","start":"175.73","dur":"1.179","is_scores":null,"created_at":"1521430331","updated_at":null},{"id":"27070323","caption_id":"127037","seq":"52","text":"\u5728\u6cf0\u570b\uff0c\u4efb\u4f55\u8ddf\u7687\u5ba4\u5bb6\u65cf\u6709\u95dc\u7684\u8a71\u984c\u4e00\u5f8b\u88ab\u7981\u6b62","translate_comment":"","start":"176.909","dur":"4.45","is_scores":null,"created_at":"1521430331","updated_at":null},{"id":"27070324","caption_id":"127037","seq":"53","text":"\u4e5f\u5343\u842c\u4e0d\u8981\u89f8\u6478\u5230\u548c\u5c1a\uff0c\u5c24\u5176\u5982\u679c\u59b3\u662f\u5973\u6027","translate_comment":"","start":"181.359","dur":"3.011","is_scores":null,"created_at":"1521430331","updated_at":null},{"id":"27070325","caption_id":"127037","seq":"54","text":"\u5728\u6771\u5357\u4e9e\uff0c\u5927\u543c\u5927\u53eb\u3001\u884c\u70ba\u7c97\u9b6f\uff0c\u6216\u662f\u505a\u51fa\u4efb\u4f55\u8b93\u7576\u5730\u4eba\u8499\u7f9e\u7684\u8209\u6b62","translate_comment":"","start":"184.37","dur":"5.679","is_scores":null,"created_at":"1521430331","updated_at":null},{"id":"27070326","caption_id":"127037","seq":"55","text":"\u90fd\u662f\u975e\u5e38\u7cdf\u7cd5\u7684","translate_comment":"","start":"190.049","dur":"1.481","is_scores":null,"created_at":"1521430331","updated_at":null},{"id":"27070327","caption_id":"127037","seq":"56","text":"\u8981\u8a18\u5f97\uff0c\u5149\u5728\u6cf0\u570b\u5c31\u6709 14 \u7a2e\u7b11\u5bb9\uff0c\u5176\u4e2d\u53ea\u6709\u5e7e\u7a2e\u5fae\u7b11","translate_comment":"","start":"191.53","dur":"4.989","is_scores":null,"created_at":"1521430331","updated_at":null},{"id":"27070328","caption_id":"127037","seq":"57","text":"\u662f\u4ee3\u8868\u90a3\u500b\u4eba\u5f88\u958b\u5fc3\u6216\u662f\u6eff\u610f\u73fe\u72c0","translate_comment":"","start":"196.519","dur":"4.55","is_scores":null,"created_at":"1521430331","updated_at":null},{"id":"27070329","caption_id":"127037","seq":"58","text":"\u5728\u571f\u8033\u5176\uff0c\u6bd4\u5927\u62c7\u6307\u53ca\u98df\u6307\u5708\u4f4f\u7684 OK \u624b\u52e2\u662f\u6709\u7325\u893b\u610f\u5473\u7684","translate_comment":"","start":"201.069","dur":"5.301","is_scores":null,"created_at":"1521430331","updated_at":null},{"id":"27070330","caption_id":"127037","seq":"59","text":"\u5728\u82f1\u570b\uff0c\u624b\u80cc\u671d\u5916\u7684\u52dd\u5229\u624b\u52e2\u6709\u6311\u91c1\u610f\u5473\uff0c\u4f46\u5728\u6cf0\u570b","translate_comment":"","start":"206.37","dur":"4.5","is_scores":null,"created_at":"1521430331","updated_at":null},{"id":"27070331","caption_id":"127037","seq":"60","text":"\u9019\u500b\u624b\u52e2\u662f\u6c92\u554f\u984c\u7684\uff0c\u55ae\u7d14\u8868\u9054\u6578\u5b57\u4e8c","translate_comment":"","start":"210.87","dur":"4.06","is_scores":null,"created_at":"1521430331","updated_at":null},{"id":"27070332","caption_id":"127037","seq":"61","text":"\u5728\u6cf0\u570b\uff0c\u5728\u516c\u958b\u5834\u5408\u6bd4\u300a\u98e2\u9913\u904a\u6232\u300b\u4e2d\u7684\u4e09\u6839\u624b\u6307\u624b\u52e2\u662f\u4e0d\u5408\u6cd5\u7684","translate_comment":"","start":"214.93","dur":"4.36","is_scores":null,"created_at":"1521430331","updated_at":null},{"id":"27070333","caption_id":"127037","seq":"62","text":"\u539f\u56e0\u662f\u4e4b\u524d\u6709\u5b78\u751f\u5728\u53cd\u6297\u8ecd\u4e8b\u547d\u4ee4\u6642\uff0c\u6bd4\u51fa\u9019\u500b\u624b\u52e2\u8868\u9054\u7acb\u5834","translate_comment":"","start":"219.29","dur":"4.66","is_scores":null,"created_at":"1521430331","updated_at":null},{"id":"27070334","caption_id":"127037","seq":"63","text":"\u5728\u5fb7\u570b\uff0c\u6bd4\u51fa\u7d0d\u7cb9\u624b\u52e2\u662f\u72af\u6cd5\u7684\uff0c\u6703\u4f9d\u60c5\u5f62","translate_comment":"","start":"223.95","dur":"4.7","is_scores":null,"created_at":"1521430331","updated_at":null},{"id":"27070335","caption_id":"127037","seq":"64","text":"\u53d7\u5230\u8655\u7f70","translate_comment":"","start":"228.65","dur":"1.009","is_scores":null,"created_at":"1521430331","updated_at":null},{"id":"27070336","caption_id":"127037","seq":"65","text":"\u5728\u99ac\u4f86\u897f\u4e9e\uff0c\u8981\u7528\u5927\u62c7\u6307\u6307\u6771\u897f\uff0c\u4e26\u8981\u907f\u514d\u7528\u4e00\u624b\u62f3\u982d\u6253\u5165\u53e6\u5916\u4e00\u96bb\u624b\u638c\u5fc3","translate_comment":"","start":"229.659","dur":"4.73","is_scores":null,"created_at":"1521430331","updated_at":null},{"id":"27070337","caption_id":"127037","seq":"66","text":"\u7528\u62c7\u6307\u4ee5\u5916\u7684\u6307\u982d\u6307\u6771\u897f\u53ca\u6253\u62f3\u982d\u90fd\u88ab\u8996\u70ba\u662f\u7121\u79ae\u7684\u884c\u70ba","translate_comment":"","start":"234.389","dur":"5.341","is_scores":null,"created_at":"1521430331","updated_at":null},{"id":"27070338","caption_id":"127037","seq":"67","text":"\u5728\u7fa9\u5927\u5229\uff0c\u5982\u679c\u4f60\u6bd4\u51fa\u4e16\u754c\u901a\u7528\u7684\u6416\u6efe\u624b\u52e2\uff0c\u4e5f\u5c31\u662f\u5927\u62c7\u6307\u3001\u98df\u6307\u548c\u5c0f\u62c7\u6307","translate_comment":"","start":"239.73","dur":"4.53","is_scores":null,"created_at":"1521430331","updated_at":null},{"id":"27070339","caption_id":"127037","seq":"68","text":"\u5f80\u5916\u4f38\uff0c\u4ee3\u8868\u4f60\u6307\u8457\u7684\u90a3\u500b\u4eba\u5c0d\u611b\u60c5\u4e0d\u5fe0\u8aa0","translate_comment":"","start":"244.26","dur":"3.97","is_scores":null,"created_at":"1521430331","updated_at":null},{"id":"27070340","caption_id":"127037","seq":"69","text":"\u53ef\u80fd\u6709\u5288\u817f\u6216\u5916\u9047","translate_comment":"","start":"248.23","dur":"1.36","is_scores":null,"created_at":"1521430331","updated_at":null},{"id":"27070341","caption_id":"127037","seq":"70","text":"\u56e0\u6b64\uff0c\u51fa\u570b\u73a9\u8981\u5c0f\u5fc3\uff0c\u5728\u4e0d\u540c\u570b\u5bb6\u6bd4\u932f\u624b\u52e2\u5f88\u53ef\u80fd\u6703","translate_comment":"","start":"249.59","dur":"3.92","is_scores":null,"created_at":"1521430331","updated_at":null},{"id":"27070342","caption_id":"127037","seq":"71","text":"\u62db\u4f86\u9ebb\u7169","translate_comment":"","start":"253.51","dur":"1","is_scores":null,"created_at":"1521430331","updated_at":null},{"id":"27070343","caption_id":"127037","seq":"72","text":"\u4f60\u6709\u4e0d\u5c0f\u5fc3\u5728\u570b\u5916\u6bd4\u932f\u624b\u52e2\u800c\u60f9\u9ebb\u7169\u4e0a\u8eab\u7684\u7d93\u9a57\u55ce\uff1f","translate_comment":"","start":"254.51","dur":"4.819","is_scores":null,"created_at":"1521430331","updated_at":null},{"id":"27070344","caption_id":"127037","seq":"73","text":"\u7559\u8a00\u8b93\u6211\u5011\u77e5\u9053","translate_comment":"","start":"259.329","dur":"1","is_scores":null,"created_at":"1521430331","updated_at":null},{"id":"27070345","caption_id":"127037","seq":"74","text":"\u53e6\u5916\uff0c\u8a18\u5f97\u770b\u770b\u6211\u5011\u7684\u53e6\u4e00\u652f\u5f71\u7247\u300c\u7f8e\u570b\u4eba\u7684\u54ea\u4e9b\u884c\u70ba\u5728\u570b\u5916","translate_comment":"","start":"260.329","dur":"3.93","is_scores":null,"created_at":"1521430331","updated_at":null},{"id":"27070346","caption_id":"127037","seq":"75","text":"\u662f\u5f88\u7121\u79ae\u7684\u300d","translate_comment":"","start":"264.259","dur":"1","is_scores":null,"created_at":"1521430331","updated_at":null},{"id":"27070347","caption_id":"127037","seq":"76","text":"\u8b1d\u8b1d\u89c0\u770b\uff0c\u4e00\u6a23\uff0c\u5225\u5fd8\u8a18\u5e6b\u6211\u5011\u6309\u8b9a\u3001\u5206\u4eab\uff0c\u53ca\u8a02\u95b1","translate_comment":"","start":"265.259","dur":"3.781","is_scores":null,"created_at":"1521430331","updated_at":null},{"id":"27070348","caption_id":"127037","seq":"77","text":"\u6211\u5011\u4e0b\u6b21\u898b\uff01","translate_comment":"","start":"269.04","dur":"0.58","is_scores":null,"created_at":"1521430331","updated_at":null}]}